{
    "T": [
        50.0,
        60.0,
        70.0,
        80.0,
        90.0,
        100.0
    ],
    "vevDepthReal": [
        -2067279.3152039489,
        -1646312.8511391627,
        -1305778.889135614,
        -1022886.0028444778,
        -785449.139396558,
        -587095.8077148846
    ],
    "vevDepthImag": [
        0.0,
        0.0,
        0.0,
        0.0,
        0.0,
        0.0
    ],
    "vevLocation": [
        [
            0.0002896468058853491,
            0.00018360836138961445,
            0.00029515122470392605,
            7.596770793405483e-05,
            2.1042492252248274e-06,
            0.00018952403582316903
        ],
        [
            0.0001,
            0.0001,
            0.0001,
            0.0001,
            0.0001,
            0.0001
        ],
        [
            34.01305891283877,
            31.002778059235936,
            28.367201056133787,
            25.94741558820441,
            23.63310335857326,
            21.33509455490338
        ]
    ],
    "bIsPerturbative": [
        true,
        true,
        true,
        true,
        true,
        true
    ],
    "failureReason": false
}