{
    "bmNumber": 1,
    "bmInput": {
        "thetaCPV": 2.0943951023931953,
        "ghDM": 0.0,
        "mS1": 67,
        "delta12": 4.0,
        "delta1c": 50.0,
        "deltac": 1.0,
        "darkHieracy": 1
    },
    "strong": 2.668000389207275,
    "complex": false,
    "results": {
        "v3": [
            [
                2.668000389207275,
                50.0
            ],
            [
                2.126934501476736,
                60.0
            ],
            [
                1.754945123679344,
                70.0
            ],
            [
                1.4866193875931264,
                80.0
            ],
            [
                1.2860617776144805,
                90.0
            ]
        ]
    },
    "steps": 5,
    "bIsPerturbative": true
}