{
    "T": [
        100.0,
        102.0,
        104.0,
        106.0,
        108.0,
        110.0,
        112.0,
        114.0,
        116.0,
        118.0,
        120.0,
        122.0,
        124.0,
        126.0,
        128.0,
        130.0,
        132.0,
        134.0,
        136.0,
        138.0,
        140.0,
        142.0,
        144.0,
        146.0,
        148.0,
        150.0,
        152.0,
        154.0,
        156.0,
        158.0
    ],
    "vevDepthReal": [
        -614942.5154862502,
        -580365.5311943765,
        -547203.0762013253,
        -515446.42887440784,
        -485089.5249720389,
        -456128.75960708124,
        -428562.8191013318,
        -402392.54241335136,
        -377620.80836717674,
        -354252.45893563546,
        -332294.22509270656,
        -311754.70784713386,
        -292644.38599635847,
        -274975.6074337197,
        -258762.70355732334,
        -244022.07356275502,
        -230772.35947379592,
        -219034.74051237674,
        -208833.24805450076,
        -200195.38557318147,
        -193152.9583897312,
        -187743.4642904426,
        -184012.44063851205,
        -182018.19745078057,
        -181842.21942231312,
        -183624.4893863905,
        -187712.1300813104,
        -192591.18802685454,
        -197673.8768056383,
        -202956.2197591638
    ],
    "vevDepthImag": [
        0.0,
        0.0,
        0.0,
        0.0,
        -2.5585609501703063e-22,
        0.0,
        -8.605526957469286e-23,
        -3.438000926919421e-21,
        0.0,
        0.0,
        -1.766408818960232e-21,
        0.0,
        -9.758556002834695e-21,
        0.0,
        -4.729013858973093e-19,
        0.0,
        0.0,
        0.0,
        0.0,
        -1.4097606260350026e-20,
        0.0,
        0.0,
        0.0,
        0.0,
        0.0,
        0.0,
        0.0,
        0.0,
        0.0,
        0.0
    ],
    "vevLocation": [
        [
            0.0001155544467516742,
            9.558562433398254e-06,
            0.0002161070479699545,
            3.0237505568294493e-05,
            -1.716070866786268e-05,
            5.588437369354049e-05,
            -9.844666445379957e-06,
            -6.188613227240194e-05,
            0.0007320868330150561,
            6.297371176813837e-07,
            -4.3635686088006054e-05,
            0.0009889101665406276,
            -0.00010143990471991708,
            0.00039757996997335024,
            -0.0006984171739424783,
            0.00032747724321353965,
            0.0010913658617918431,
            3.288082780173937e-05,
            5.5887270985155446e-05,
            -0.00011731385492509813,
            0.0005100265955345906,
            0.0003787364370619493,
            0.002307899459200914,
            0.0003600920228781354,
            0.0001303696509355537,
            0.0004721277314152358,
            4.860803987484855e-07,
            1.426892388870952e-06,
            1.4132257855002313e-06,
            1.41e-06
        ],
        [
            0.0001,
            0.0001,
            0.0001,
            0.0001,
            0.0001,
            0.0001,
            0.0001,
            0.0001,
            0.0001,
            0.0001,
            0.0001,
            0.0005505051244141476,
            0.0001,
            0.00017490861459836405,
            0.0001,
            0.0001,
            0.0001,
            0.00015968823139322804,
            0.0001,
            0.0001,
            0.0001,
            0.0001,
            0.0001,
            0.0005790479520359842,
            0.00019810066683457765,
            0.0001,
            0.0001,
            0.0001,
            0.0001,
            0.0001
        ],
        [
            21.561402531562184,
            21.106943243779735,
            20.64975677208622,
            20.188834203017684,
            19.723388794389663,
            19.25295100189735,
            18.776224433010544,
            18.29275245023051,
            17.80107876271205,
            17.300192207358936,
            16.788509328186052,
            16.26552101100308,
            15.727984083716246,
            15.17397129602337,
            14.60278362999354,
            14.010586239811557,
            13.391694200165297,
            12.745350090809195,
            12.062140378599072,
            11.336350757116683,
            10.55494249852639,
            9.700183553571762,
            8.74513738363875,
            7.648922495014309,
            6.29744052567478,
            4.348068699099808,
            0.0001,
            0.0001,
            0.0001,
            0.0001
        ]
    ],
    "bIsPerturbative": [
        true,
        true,
        true,
        true,
        true,
        true,
        true,
        true,
        true,
        true,
        true,
        true,
        true,
        true,
        true,
        true,
        true,
        true,
        true,
        true,
        true,
        true,
        true,
        true,
        true,
        true,
        true,
        true,
        true,
        true
    ],
    "failureReason": false
}