{
    "T": [
        100.0,
        102.0,
        104.0,
        106.0,
        108.0,
        110.0,
        112.0,
        114.0,
        116.0,
        118.0,
        120.0,
        122.0,
        124.0,
        126.0,
        128.0,
        130.0,
        132.0,
        134.0,
        136.0,
        138.0,
        140.0,
        142.0,
        144.0,
        146.0,
        148.0,
        150.0,
        152.0,
        154.0,
        156.0,
        158.0
    ],
    "vevDepthReal": [
        -614942.5154743397,
        -580365.5311943784,
        -547203.0762013225,
        -515446.42887440795,
        -485089.52497212985,
        -456128.75741363456,
        -428562.81910133106,
        -402392.5424258455,
        -377620.8083672506,
        -354252.4589356359,
        -332294.2251321061,
        -311754.7114683912,
        -292644.3859963961,
        -274975.60743418674,
        -258762.70438606568,
        -244022.07360889894,
        -230772.35947574594,
        -219034.74050124252,
        -208833.24817853127,
        -200195.38613460577,
        -193152.95839246747,
        -187743.46429044273,
        -184012.46135977193,
        -182018.17634245957,
        -181842.21942231135,
        -183624.48983154012,
        -187712.13003940255,
        -192591.1880268547,
        -197673.87680563834,
        -202956.2197591639
    ],
    "vevDepthImag": [
        0.0,
        0.0,
        0.0,
        0.0,
        0.0,
        0.0,
        0.0,
        0.0,
        0.0,
        0.0,
        0.0,
        0.0,
        0.0,
        0.0,
        0.0,
        0.0,
        0.0,
        0.0,
        0.0,
        0.0,
        0.0,
        0.0,
        0.0,
        0.0,
        0.0,
        0.0,
        0.0,
        0.0,
        0.0,
        0.0
    ],
    "vevLocation": [
        [
            -0.0001529163424529162,
            9.55580367931197e-06,
            0.0002161091993403419,
            3.0237503642896284e-05,
            -1.6791823643252934e-05,
            0.00030667995396184075,
            -9.846993432982565e-06,
            -1.698984943605819e-05,
            0.0007320695786189081,
            6.297140983952537e-07,
            0.00020316874613488488,
            -0.0002454197500281422,
            -0.00010141065998968066,
            0.00039768429214043916,
            0.0006227599225926972,
            -0.0003042526838292741,
            0.001091178857734465,
            3.6815292002137685e-05,
            -1.186334595904004e-05,
            -1.2752155350877117e-05,
            -7.772810928145801e-05,
            0.0003787364372978934,
            0.0005867485535951608,
            -0.0023699782637038903,
            0.0001303697555026101,
            0.00047783419809133533,
            -0.00010345533567241924,
            1.426892364285194e-06,
            1.43e-06,
            1.43e-06
        ],
        [
            0.0001,
            0.0001,
            0.0001,
            0.0001,
            0.0001,
            0.0007272980930070044,
            0.0001,
            0.0001,
            0.0001,
            0.0001,
            0.0001,
            0.0002550848956011668,
            0.0001,
            0.00017411024863912337,
            0.0001,
            0.0001,
            0.0001,
            0.00016914422040926374,
            0.0001,
            0.0001,
            0.0001,
            0.0001,
            0.0006408232039588867,
            0.0001,
            0.00019810181898993374,
            0.00034016302106788755,
            0.0001,
            0.0001,
            0.0001,
            0.0001
        ],
        [
            21.561374530023123,
            21.106943262989784,
            20.649756772208686,
            20.188834203022168,
            19.72338901631044,
            19.25254022886587,
            18.776224432032613,
            18.29272942088157,
            17.80107873350995,
            17.30019220741337,
            16.788668029491348,
            16.265184044759465,
            15.727984012799118,
            15.173971267864248,
            14.603310784782142,
            14.010367464719158,
            13.391694359081459,
            12.745348763814793,
            12.06240224198437,
            11.335954119291019,
            10.555231536727984,
            9.700183553577443,
            8.747754353357541,
            7.645896254188509,
            6.297440524132592,
            4.346672955355623,
            0.0001,
            0.0001,
            0.0001,
            0.0001
        ]
    ],
    "bIsPerturbative": [
        true,
        true,
        true,
        true,
        true,
        true,
        true,
        true,
        true,
        true,
        true,
        true,
        true,
        true,
        true,
        true,
        true,
        true,
        true,
        true,
        true,
        true,
        true,
        true,
        true,
        true,
        true,
        true,
        true,
        true
    ],
    "failureReason": false
}