{
    "T": [
        90.0,
        91.0,
        92.0,
        93.0,
        94.0,
        95.0,
        96.0,
        97.0,
        98.0,
        99.0,
        100.0,
        101.0,
        102.0,
        103.0,
        104.0,
        105.0,
        106.0,
        107.0,
        108.0,
        109.0,
        110.0,
        111.0,
        112.0,
        113.0,
        114.0,
        115.0,
        116.0,
        117.0,
        118.0,
        119.0,
        120.0,
        121.0,
        122.0,
        123.0,
        124.0,
        125.0,
        126.0,
        127.0,
        128.0,
        129.0,
        130.0,
        131.0,
        132.0
    ],
    "vevDepthReal": [
        -658822.7917082484,
        -635050.5077018492,
        -611693.0805132104,
        -588749.5951373888,
        -566219.7191583847,
        -544103.3595513625,
        -522400.9892776876,
        -501113.4829313621,
        -480242.1476025481,
        -459788.7130330298,
        -439755.3438617105,
        -420144.63664371206,
        -400959.6331667501,
        -382203.8169906908,
        -363881.1475483957,
        -345996.0469401637,
        -328553.4578951724,
        -311558.82561464026,
        -295018.1436509517,
        -278938.0213965054,
        -263325.67493322655,
        -248188.99287790013,
        -233536.62433793466,
        -219378.02934631752,
        -205723.57651828136,
        -192584.6554393944,
        -179973.8126905805,
        -167904.94256259652,
        -156393.47715301707,
        -145456.703645583,
        -135114.1287408115,
        -125387.99006590084,
        -116303.96301916416,
        -107892.17681552691,
        -100188.73108156119,
        -93238.12858003809,
        -87097.35746774601,
        -81843.76234525687,
        -77592.48695521854,
        -74981.33989269973,
        -78789.92183644859,
        -82702.37949104968,
        -86719.08238106346
    ],
    "vevDepthImag": [
        0.0,
        0.0,
        0.0,
        0.0,
        0.0,
        0.0,
        0.0,
        0.0,
        0.0,
        0.0,
        0.0,
        0.0,
        0.0,
        0.0,
        0.0,
        0.0,
        0.0,
        0.0,
        0.0,
        0.0,
        0.0,
        0.0,
        0.0,
        0.0,
        0.0,
        0.0,
        0.0,
        0.0,
        0.0,
        0.0,
        0.0,
        0.0,
        0.0,
        0.0,
        0.0,
        0.0,
        0.0,
        0.0,
        0.0,
        0.0,
        0.0,
        0.0,
        0.0
    ],
    "vevLocation": [
        [
            -0.0004999791985025002,
            -8.830733590176054e-06,
            -0.00034682794033793,
            -0.002095155469381965,
            -0.0005977141317632796,
            -0.0001503677998201695,
            -2.026117509337441e-05,
            -0.00048283052465711426,
            0.00034814589471384143,
            0.0005964842328161729,
            0.0005695732177508975,
            9.592367730503013e-05,
            3.064480104953207e-05,
            0.0005257665231646613,
            6.046769881908054e-05,
            0.00019622290979142906,
            -0.0005572739519524826,
            6.148550571360295e-06,
            0.000804208793959451,
            -0.001151663807086943,
            1.1342189530028947e-05,
            2.3007307019609624e-07,
            2.1123354765617552e-05,
            1.0627079357395253e-05,
            2.90511702592533e-05,
            5.261260438348299e-06,
            0.0009247071088735871,
            -3.2607459689112765e-05,
            2.3733163877971697e-05,
            4.7114830006571295e-05,
            1.1715141041618304e-05,
            1.955292749776516e-05,
            4.176951836403311e-05,
            1.2694647959902907e-05,
            0.00028376138107341284,
            1.8121832862497134e-05,
            0.0005910483977589753,
            1.8861462731022127e-05,
            -0.0007810064348610125,
            -4.2968233193153155e-05,
            6.146366795564684e-05,
            6.146e-05,
            6.146e-05
        ],
        [
            0.0001,
            0.0001,
            0.00017265516837848115,
            0.0001,
            0.0001,
            0.0001,
            0.0001,
            0.0001,
            0.0001,
            0.0001,
            0.0001,
            0.0006434512286529673,
            0.0001,
            0.0001,
            0.0001,
            0.0009682014587259558,
            0.0001,
            0.0001,
            0.0001,
            0.0001,
            0.0001,
            0.0001,
            0.0001,
            0.0001,
            0.0001,
            0.0001,
            0.0001,
            0.0001,
            0.0001,
            0.0001,
            0.0001,
            0.0001,
            0.0001,
            0.0001,
            0.001014031252745675,
            0.0001,
            0.0001,
            0.0001,
            0.0001,
            0.0001,
            0.0001,
            0.0001,
            0.0001
        ],
        [
            24.148491908196643,
            23.924488968761676,
            23.699024537996436,
            23.474379837779825,
            23.245964920759068,
            23.01782445795174,
            22.78840261043926,
            22.557819780877228,
            22.324821423317356,
            22.090838462308266,
            21.855030701344532,
            21.616351275570313,
            21.375633413758187,
            21.13192451562922,
            20.885794956870328,
            20.635987123329635,
            20.38249421908756,
            20.125880264228854,
            19.863490205193354,
            19.598425401799254,
            19.32755458038346,
            19.050828759856806,
            18.76779824948535,
            18.477985587663543,
            18.180506177971026,
            17.87416604735137,
            17.558828137078105,
            17.232420451518635,
            16.89308266525344,
            16.540132338695408,
            16.170782294288813,
            15.781997772500796,
            15.37014221588565,
            14.93098200240934,
            14.45619810881233,
            13.937911811134722,
            13.357512483797665,
            12.691032865695508,
            11.879861901279535,
            0.00016539957165659716,
            0.0001,
            0.0001,
            0.0001
        ]
    ],
    "failureReason": false
}