{
    "T": [
        90.0,
        91.0,
        92.0,
        93.0,
        94.0,
        95.0,
        96.0,
        97.0,
        98.0,
        99.0,
        100.0,
        101.0,
        102.0,
        103.0,
        104.0,
        105.0,
        106.0,
        107.0,
        108.0,
        109.0,
        110.0,
        111.0,
        112.0,
        113.0,
        114.0,
        115.0,
        116.0,
        117.0,
        118.0,
        119.0,
        120.0,
        121.0,
        122.0,
        123.0,
        124.0,
        125.0,
        126.0,
        127.0,
        128.0,
        129.0,
        130.0,
        131.0,
        132.0
    ],
    "vevDepthReal": [
        -658822.7921294289,
        -635050.5077018501,
        -611693.0805109452,
        -588749.5951373882,
        -566219.7191583838,
        -544103.3595513622,
        -522400.9892776875,
        -501113.48281509895,
        -480242.1426760972,
        -459788.7147736667,
        -439755.3438617131,
        -420144.6366436081,
        -400959.6323920436,
        -382203.8178078884,
        -363881.1472888839,
        -345996.0470138674,
        -328553.4595930502,
        -311558.82561464014,
        -295018.1509981798,
        -278938.02229030675,
        -263325.67492148175,
        -248188.99287790002,
        -233536.62433793466,
        -219378.02934672788,
        -205723.5765189808,
        -192584.6554397674,
        -179973.81614170282,
        -167904.9425522408,
        -156393.47707083472,
        -145456.70112272515,
        -135114.12874084152,
        -125387.99006590096,
        -116303.96316336223,
        -107892.17681552703,
        -100188.73427442845,
        -93238.128580263,
        -87097.35746774625,
        -81843.76234391046,
        -77592.48473201552,
        -74981.33990327967,
        -78789.92183646046,
        -82702.37949105285,
        -86719.08238105781
    ],
    "vevDepthImag": [
        0.0,
        0.0,
        0.0,
        0.0,
        0.0,
        0.0,
        0.0,
        0.0,
        0.0,
        0.0,
        0.0,
        0.0,
        0.0,
        0.0,
        0.0,
        0.0,
        0.0,
        0.0,
        0.0,
        0.0,
        0.0,
        0.0,
        0.0,
        0.0,
        0.0,
        0.0,
        0.0,
        0.0,
        0.0,
        0.0,
        0.0,
        0.0,
        0.0,
        0.0,
        0.0,
        0.0,
        0.0,
        0.0,
        0.0,
        0.0,
        0.0,
        0.0,
        0.0
    ],
    "vevLocation": [
        [
            0.0001946936942055083,
            -8.830386115904476e-06,
            -0.00034722225790590616,
            -0.002095155469109128,
            -0.0005977141296273632,
            -0.00015036779825255454,
            -2.025942159375807e-05,
            -0.0004983665426346038,
            1.534611464566087e-05,
            0.00015476700214002437,
            0.0005695727606187251,
            9.594026403876316e-05,
            -0.0003740631848192025,
            8.076499641721663e-05,
            0.0001609095906054403,
            0.00018945417128123782,
            -0.0003124206508713784,
            6.148553784359606e-06,
            0.00022419517266385452,
            -0.000583999365696536,
            4.986981489590869e-05,
            2.3007301307165218e-07,
            2.1123354765617552e-05,
            9.923294702003909e-06,
            2.8980840884887393e-05,
            4.931012668673088e-06,
            1.7166410733845255e-05,
            0.00010859341634523751,
            6.309499900185009e-05,
            0.0008245017701181689,
            1.1657631560607618e-05,
            1.9545080085586752e-05,
            1.4910135829604432e-05,
            1.2694481590880833e-05,
            -0.00038626270873169666,
            1.709310171399414e-05,
            0.0005910484032512903,
            2.4325692930621257e-05,
            -0.0011113651161731158,
            0.00011172514569389447,
            6.564633522908314e-05,
            6.565e-05,
            6.565e-05
        ],
        [
            0.0007117713952854794,
            0.0001,
            0.00017286889106716673,
            0.0001,
            0.0001,
            0.0001,
            0.0001,
            0.0001,
            0.0001,
            0.0001,
            0.0001,
            0.0006434660557151442,
            0.0001,
            0.0003976145143202929,
            0.0001,
            0.0009630997538876947,
            0.0001,
            0.0001,
            0.0001,
            0.0005577407260159081,
            0.0001,
            0.0001,
            0.0001,
            0.0001,
            0.0001,
            0.0001,
            0.0001,
            0.0001,
            0.0001,
            0.0001,
            0.0001,
            0.0001,
            0.0001,
            0.0001,
            0.0001,
            0.0001,
            0.0001,
            0.0001,
            0.0001,
            0.0001,
            0.0001,
            0.0001,
            0.0001
        ],
        [
            24.14898949736593,
            23.92448896824143,
            23.699024215105172,
            23.47437983776964,
            23.245964920756304,
            23.017824457951182,
            22.78840261005669,
            22.557834043045222,
            22.32407254011728,
            22.090853867721258,
            21.855030701519123,
            21.61635127446986,
            21.375697291580007,
            21.13217495565061,
            20.885531547563808,
            20.636011523150007,
            20.38310626024447,
            20.125880264225287,
            19.864780055909584,
            19.59786831164762,
            19.327526756993215,
            19.05082875984964,
            18.76779824948535,
            18.477990259053065,
            18.180503897026686,
            17.874166425041366,
            17.558689582949423,
            17.231680497911114,
            16.893320237623737,
            16.539880241923242,
            16.170782238295885,
            15.781997761289098,
            15.370412321977327,
            14.930982001038934,
            14.456875947811461,
            13.937963652965092,
            13.357512483818983,
            12.690993154375263,
            11.880462398938603,
            0.0001,
            0.0001,
            0.0001,
            0.0001
        ]
    ],
    "failureReason": false
}