{
    "T": [
        90.0,
        91.0,
        92.0,
        93.0,
        94.0,
        95.0,
        96.0,
        97.0,
        98.0,
        99.0,
        100.0,
        101.0,
        102.0,
        103.0,
        104.0,
        105.0,
        106.0,
        107.0,
        108.0,
        109.0,
        110.0,
        111.0,
        112.0,
        113.0,
        114.0,
        115.0,
        116.0,
        117.0,
        118.0,
        119.0,
        120.0,
        121.0,
        122.0,
        123.0,
        124.0,
        125.0,
        126.0,
        127.0,
        128.0,
        129.0,
        130.0,
        131.0,
        132.0
    ],
    "vevDepthReal": [
        -658751.7719216729,
        -634970.9572287288,
        -611605.7580902907,
        -588655.3266529582,
        -566119.2555130012,
        -543997.5734213896,
        -522290.7365137072,
        -500999.63107636734,
        -480125.5573330794,
        -459670.24366159365,
        -439635.841514727,
        -420024.9321799781,
        -400840.52971045417,
        -382086.0874793986,
        -363765.5573101796,
        -345883.2960511837,
        -328444.2020057582,
        -311453.692254693,
        -294917.7039435997,
        -278842.77566008375,
        -263236.0801172062,
        -248105.44475564815,
        -233459.45253649494,
        -219307.4969107285,
        -205659.87125602202,
        -192527.911256406,
        -179924.08732545772,
        -167862.20462869562,
        -156357.63484391267,
        -145427.58722096763,
        -135091.49590385775,
        -125371.51999045012,
        -116293.25956042018,
        -107886.76140242594,
        -100188.06490483729,
        -93241.56156125781,
        -87104.16199148109,
        -81853.08175292984,
        -77603.28680494957,
        -74981.6425565995,
        -78790.14938691694,
        -82702.53800530317,
        -86719.18015042433
    ],
    "vevDepthImag": [
        0.0,
        0.0,
        0.0,
        0.0,
        0.0,
        0.0,
        0.0,
        0.0,
        0.0,
        0.0,
        0.0,
        0.0,
        0.0,
        0.0,
        0.0,
        0.0,
        0.0,
        0.0,
        0.0,
        0.0,
        0.0,
        0.0,
        0.0,
        0.0,
        0.0,
        0.0,
        0.0,
        0.0,
        0.0,
        0.0,
        0.0,
        0.0,
        0.0,
        0.0,
        0.0,
        0.0,
        0.0,
        0.0,
        0.0,
        0.0,
        0.0,
        0.0,
        0.0
    ],
    "vevLocation": [
        [
            9.98814340563839e-05,
            6.661131409374521e-06,
            -7.737473573694083e-05,
            8.988778470745687e-05,
            3.62019020708022e-05,
            -0.00017951577463177137,
            -0.00021137049218831254,
            0.0001408566795357666,
            1.3740927802216932e-05,
            -6.375823292704627e-05,
            -7.168615415622387e-05,
            3.4068824131096116e-05,
            0.000455036028335222,
            -0.0011403852441532053,
            9.74065743156935e-05,
            0.0005397731456911747,
            0.0008752578308467247,
            0.00010417798076875484,
            -9.048449767174024e-05,
            -0.0002913832345278495,
            -7.937489413136715e-06,
            0.0001110269111605452,
            1.9466888249233816e-05,
            7.45877520904395e-05,
            -0.001028660574681841,
            0.00032860154056620766,
            9.316573558731944e-05,
            1.8133428658185374e-05,
            1.7483916267130306e-05,
            0.00031191401667352535,
            9.137975487965438e-05,
            2.1584019378670383e-05,
            3.480864507078574e-05,
            -0.00045535941912483793,
            -7.442728213103746e-05,
            4.155847023344303e-05,
            1.4823475521799634e-05,
            -3.235354717130885e-05,
            0.0008136443610414212,
            -0.0007822344698315553,
            6.11709446302483e-05,
            0.00012129786569762494,
            0.0001213
        ],
        [
            0.0001,
            0.0001,
            0.0001,
            0.0001,
            0.0001,
            0.0001,
            0.0001,
            0.0001,
            0.0001,
            0.0001,
            0.0001,
            0.0001,
            0.0001,
            0.0001,
            0.0001,
            0.0001,
            0.0001,
            0.0001,
            0.0001,
            0.0001,
            0.0001,
            0.0001,
            0.0001,
            0.0001,
            0.0001,
            0.0010244839906250157,
            0.0001,
            0.0001,
            0.0001,
            0.00043326082501018125,
            0.0001,
            0.0001,
            0.0003019329479895666,
            0.0001,
            0.0001,
            0.0001,
            0.0001,
            0.0001,
            0.0001,
            0.00011334547294783448,
            0.0001,
            0.0001,
            0.0001
        ],
        [
            24.148310323087404,
            23.923458002899867,
            23.698294166402153,
            23.47191387533841,
            23.244580434916156,
            23.016533231989925,
            22.78650660070106,
            22.556118633284783,
            22.32366212673788,
            22.089405568032767,
            21.85340855590535,
            21.61470237133287,
            21.37366021633404,
            21.129259395182345,
            20.884043201035023,
            20.63454399354241,
            20.380378185188913,
            20.123998725148237,
            19.862449829995338,
            19.59583866256613,
            19.325779287069366,
            19.04908684149583,
            18.766132476909767,
            18.47646413987962,
            18.177981078540743,
            17.873024916731037,
            17.557130921006895,
            17.230711196009228,
            16.891957382259996,
            16.538803657141244,
            16.16961908639112,
            15.78131289214209,
            15.369802846850462,
            14.932261789814373,
            14.456334857077385,
            13.93801353402623,
            13.358885497681664,
            12.691878594054128,
            11.88134976199425,
            0.0001,
            0.0006407364749061831,
            0.0001,
            0.0001
        ]
    ],
    "bIsPerturbative": [
        true,
        true,
        true,
        true,
        true,
        true,
        true,
        true,
        true,
        true,
        true,
        true,
        true,
        true,
        true,
        true,
        true,
        true,
        true,
        true,
        true,
        true,
        true,
        true,
        true,
        true,
        true,
        true,
        true,
        true,
        true,
        true,
        true,
        true,
        true,
        true,
        true,
        true,
        true,
        true,
        true,
        true,
        true
    ],
    "failureReason": false
}