{
    "T": [
        90.0,
        91.0,
        92.0,
        93.0,
        94.0,
        95.0,
        96.0,
        97.0,
        98.0,
        99.0,
        100.0,
        101.0,
        102.0,
        103.0,
        104.0,
        105.0,
        106.0,
        107.0,
        108.0,
        109.0,
        110.0,
        111.0,
        112.0,
        113.0,
        114.0,
        115.0,
        116.0,
        117.0,
        118.0,
        119.0,
        120.0,
        121.0,
        122.0,
        123.0,
        124.0,
        125.0,
        126.0,
        127.0,
        128.0,
        129.0,
        130.0,
        131.0,
        132.0
    ],
    "vevDepthReal": [
        -658825.1568630995,
        -635053.1227179648,
        -611695.9120034232,
        -588752.7003496129,
        -566222.9882023258,
        -544106.8040532388,
        -522404.5881727851,
        -501117.21767214814,
        -480245.99613919854,
        -459792.6520475936,
        -439759.34796043066,
        -420148.68479248637,
        -400963.7072147409,
        -382207.89439139434,
        -363885.20366121945,
        -346000.0659063851,
        -328557.4167102199,
        -311562.70424933545,
        -295021.93361658463,
        -278941.69709720206,
        -263329.2155566624,
        -248192.39055289293,
        -233539.8663799466,
        -219381.10421658203,
        -205726.47441961255,
        -192587.36816568533,
        -179976.335649792,
        -167907.26677017356,
        -156395.6013307717,
        -145458.6255771442,
        -135115.8509049581,
        -125389.51368885406,
        -116305.29236980272,
        -107893.31739000499,
        -100189.69295807555,
        -93238.91425852396,
        -87097.9880660632,
        -81844.24093806109,
        -77592.83797529561,
        -74981.36712554819,
        -78789.95469142511,
        -82702.4180835261,
        -86719.1267735985
    ],
    "vevDepthImag": [
        0.0,
        0.0,
        0.0,
        0.0,
        0.0,
        0.0,
        0.0,
        0.0,
        0.0,
        0.0,
        0.0,
        0.0,
        0.0,
        0.0,
        0.0,
        0.0,
        0.0,
        0.0,
        0.0,
        0.0,
        0.0,
        0.0,
        0.0,
        0.0,
        0.0,
        0.0,
        0.0,
        0.0,
        0.0,
        0.0,
        0.0,
        0.0,
        0.0,
        0.0,
        0.0,
        0.0,
        0.0,
        0.0,
        0.0,
        0.0,
        0.0,
        0.0,
        0.0
    ],
    "vevLocation": [
        [
            -0.0004046034712568425,
            -0.000700054163257767,
            -0.00165645188032578,
            0.00027563159271615234,
            0.00028497772101682833,
            -0.0001490362807611608,
            -0.00021134125616253813,
            -0.0004660844482906046,
            -5.037792291601867e-05,
            0.00016045914234906478,
            0.0005203447134426062,
            -0.0005113574584721808,
            2.9410730555870903e-05,
            -5.9022393654115474e-06,
            -3.289883110586117e-05,
            -0.00019121794523649371,
            -0.00017357630434285728,
            2.3671319576097638e-05,
            -5.232447784111483e-05,
            6.017305168234781e-05,
            5.0610551210208965e-05,
            0.0001497122932680884,
            -7.7260185088468e-06,
            7.76938816479493e-05,
            -1.4145014735542777e-05,
            -2.0796492674442918e-05,
            -0.0005550748940406217,
            -0.00014208431124341364,
            1.6691431193402862e-05,
            0.0004953883683236834,
            6.403163079301763e-05,
            1.4980188179060383e-05,
            1.1810519316035606e-05,
            -9.574524185452711e-05,
            -0.0004428148586709882,
            5.121920701949001e-06,
            -0.00022296525096687433,
            -8.584322488045752e-05,
            -1.2818949748742703e-05,
            0.00011398595766456271,
            6.614730592799378e-05,
            6.615e-05,
            6.615e-05
        ],
        [
            0.0006330896232727423,
            0.0001,
            0.0001,
            0.0001,
            0.0001,
            0.0001,
            0.0001,
            0.0002600028412923167,
            0.0001,
            0.0001,
            0.0001,
            0.0001,
            0.0001,
            0.0001,
            0.0001,
            0.0002752620927829635,
            0.0001,
            0.0001,
            0.0001,
            0.0001,
            0.0001,
            0.0001,
            0.0001,
            0.0001,
            0.0001,
            0.0001,
            0.0001,
            0.0001,
            0.0001,
            0.0001,
            0.0001,
            0.0001,
            0.0001,
            0.0001,
            0.0001,
            0.0001,
            0.0001,
            0.0001,
            0.0001,
            0.0001,
            0.0001,
            0.0001,
            0.0001
        ],
        [
            24.14873034569215,
            23.92462558388658,
            23.700214082276243,
            23.47312524295925,
            23.246000316023174,
            23.017858428948642,
            22.78793009463902,
            22.557774650129126,
            22.32522410748251,
            22.091230981031256,
            21.8543141691429,
            21.61731524647692,
            21.375675902899122,
            21.132120833359927,
            20.885472609002758,
            20.636804922621074,
            20.38331508326472,
            20.12594071002563,
            19.864744799727557,
            19.598683243353918,
            19.327590215787552,
            19.05093337252063,
            18.767905608025984,
            18.478100743191916,
            18.180534062520664,
            17.87437047097094,
            17.558661443786594,
            17.23188682995395,
            16.89319098470108,
            16.539894849242092,
            16.170660649320077,
            15.782008955963047,
            15.37045269666533,
            14.930800528040896,
            14.457762395718396,
            13.939505013826894,
            13.358554923927427,
            12.68919023588227,
            11.879424334329741,
            0.0001,
            0.0001,
            0.0001,
            0.0001
        ]
    ],
    "bIsPerturbative": [
        true,
        true,
        true,
        true,
        true,
        true,
        true,
        true,
        true,
        true,
        true,
        true,
        true,
        true,
        true,
        true,
        true,
        true,
        true,
        true,
        true,
        true,
        true,
        true,
        true,
        true,
        true,
        true,
        true,
        true,
        true,
        true,
        true,
        true,
        true,
        true,
        true,
        true,
        true,
        true,
        true,
        true,
        true
    ],
    "failureReason": false
}