{
    "T": [
        90.0,
        91.0,
        92.0,
        93.0,
        94.0,
        95.0,
        96.0,
        97.0,
        98.0,
        99.0,
        100.0,
        101.0,
        102.0,
        103.0,
        104.0,
        105.0,
        106.0,
        107.0,
        108.0,
        109.0,
        110.0,
        111.0,
        112.0,
        113.0,
        114.0,
        115.0,
        116.0,
        117.0,
        118.0,
        119.0,
        120.0,
        121.0,
        122.0,
        123.0,
        124.0,
        125.0,
        126.0,
        127.0,
        128.0,
        129.0,
        130.0,
        131.0,
        132.0
    ],
    "vevDepthReal": [
        -658822.7940203435,
        -635050.5077018454,
        -611693.0812851335,
        -588749.5951373907,
        -566219.7191583838,
        -544103.3595513627,
        -522400.9892776335,
        -501113.4832332353,
        -480242.1473642817,
        -459788.7130387386,
        -439755.3457111318,
        -420144.6366437363,
        -400959.63306975365,
        -382203.81699066504,
        -363881.1472888938,
        -345996.04697003786,
        -328553.4598364702,
        -311558.8256146413,
        -295018.15115763247,
        -278938.0265639705,
        -263325.67492148164,
        -248188.99287790048,
        -233536.62433793512,
        -219378.02934631752,
        -205723.57573115232,
        -192584.6554393206,
        -179973.8154555821,
        -167904.94255224103,
        -156393.47707083472,
        -145456.70360093727,
        -135114.1287442894,
        -125387.9900658998,
        -116303.96316216188,
        -107892.17681552656,
        -100188.73178260238,
        -93238.12858004053,
        -87097.35746791051,
        -81843.76228802273,
        -77592.48697715049,
        -74981.3399008905,
        -78789.92183570725,
        -82702.37949093599,
        -86719.08238096877
    ],
    "vevDepthImag": [
        0.0,
        0.0,
        0.0,
        0.0,
        0.0,
        0.0,
        0.0,
        0.0,
        0.0,
        0.0,
        0.0,
        0.0,
        0.0,
        0.0,
        0.0,
        0.0,
        0.0,
        0.0,
        0.0,
        0.0,
        0.0,
        0.0,
        0.0,
        0.0,
        0.0,
        0.0,
        0.0,
        0.0,
        0.0,
        0.0,
        0.0,
        0.0,
        0.0,
        0.0,
        0.0,
        0.0,
        0.0,
        0.0,
        0.0,
        0.0,
        0.0,
        0.0,
        0.0
    ],
    "vevLocation": [
        [
            7.678899098988862e-05,
            -8.833075935618662e-06,
            0.00013138991804732825,
            -0.002095155473329141,
            -0.0005977141322939922,
            -0.00015036779683142397,
            -2.043849569532269e-05,
            -0.0004394245034464537,
            0.0004436772325489601,
            0.0005955113543349035,
            5.123143680285658e-06,
            9.592006524350959e-05,
            -0.00012900529231049847,
            0.0005257703882219356,
            0.00016090629539766352,
            0.00019350101135416284,
            0.0001984364724136184,
            6.148552731243678e-06,
            -6.375318949954079e-05,
            -0.000443752290555495,
            4.986981317578465e-05,
            2.3006649673036617e-07,
            2.1123350526328077e-05,
            1.063285822885604e-05,
            -0.00041722009393965406,
            5.327041485812464e-06,
            0.000409179175472384,
            0.00010859341609549891,
            6.309499929415382e-05,
            -0.00010439416595259612,
            4.4534110116428716e-06,
            1.957818934823774e-05,
            -2.9897177599505498e-06,
            1.2687790450850549e-05,
            -0.0007104922715105329,
            1.8158410995644525e-05,
            0.000591008056710654,
            9.301614515514617e-06,
            -0.0007777254836722272,
            0.0001404068281318227,
            9.782490612030015e-05,
            5.140034409650829e-05,
            5.14e-05
        ],
        [
            0.000439331668529239,
            0.0001,
            0.0001,
            0.0001,
            0.0001,
            0.0001,
            0.0001,
            0.0001,
            0.0001,
            0.0001,
            0.0001,
            0.0006434479918461547,
            0.0001,
            0.0001,
            0.0001,
            0.0009662136187320088,
            0.0001,
            0.0001,
            0.0001,
            0.0001,
            0.0001,
            0.0001,
            0.0001,
            0.0001,
            0.0001,
            0.0001,
            0.0001,
            0.0001,
            0.0001,
            0.0001,
            0.0001,
            0.0001,
            0.0001,
            0.0001,
            0.0001,
            0.0001,
            0.0001,
            0.0001,
            0.0001,
            0.0001,
            0.0001,
            0.0001,
            0.0001
        ],
        [
            24.14900680426647,
            23.924488972319818,
            23.69902926906269,
            23.474379837775196,
            23.24596492075928,
            23.017824457949033,
            22.788402649193493,
            22.557778955017838,
            22.324866653260262,
            22.090838243823296,
            21.854832253276705,
            21.616351275814143,
            21.3756345135146,
            21.13192451242994,
            20.885531549747988,
            20.635997120673043,
            20.382694081355424,
            20.125880264225785,
            19.86439603228985,
            19.598943637789972,
            19.32752675699154,
            19.050828759799217,
            18.767798249481825,
            18.47798558085272,
            18.180535266980115,
            17.874165972026024,
            17.558775119151175,
            17.231680497904826,
            16.893320237619506,
            16.54011386804918,
            16.17077526195701,
            15.781997808609603,
            15.370426455519189,
            14.930981963306271,
            14.457805712527696,
            13.937911842092479,
            13.357512502197727,
            12.690781641078724,
            11.879850593041391,
            0.0001,
            0.0001,
            0.0001,
            0.0001
        ]
    ],
    "bIsPerturbative": [
        true,
        true,
        true,
        true,
        true,
        true,
        true,
        true,
        true,
        true,
        true,
        true,
        true,
        true,
        true,
        true,
        true,
        true,
        true,
        true,
        true,
        true,
        true,
        true,
        true,
        true,
        true,
        true,
        true,
        true,
        true,
        true,
        true,
        true,
        true,
        true,
        true,
        true,
        true,
        true,
        true,
        true,
        true
    ],
    "failureReason": false
}