{
    "T": [
        90.0,
        91.0,
        92.0,
        93.0,
        94.0,
        95.0,
        96.0,
        97.0,
        98.0,
        99.0,
        100.0,
        101.0,
        102.0,
        103.0,
        104.0,
        105.0,
        106.0,
        107.0,
        108.0,
        109.0,
        110.0,
        111.0,
        112.0,
        113.0,
        114.0,
        115.0,
        116.0,
        117.0,
        118.0,
        119.0,
        120.0,
        121.0,
        122.0,
        123.0,
        124.0,
        125.0,
        126.0,
        127.0,
        128.0,
        129.0,
        130.0,
        131.0,
        132.0
    ],
    "vevDepthReal": [
        -658822.7916996501,
        -635050.5077018484,
        -611693.0805151592,
        -588749.59513739,
        -566219.7206999663,
        -544103.3595513625,
        -522400.98927764536,
        -501113.48307979445,
        -480242.14744733763,
        -459788.714735426,
        -439755.3438617133,
        -420144.6366439066,
        -400959.6323920451,
        -382203.8183823932,
        -363881.147288847,
        -345996.0513112381,
        -328553.45631300635,
        -311558.8256146412,
        -295018.15071079263,
        -278938.02139697387,
        -263325.6749214836,
        -248188.99287790107,
        -233536.62433793664,
        -219378.0293470429,
        -205723.5764035592,
        -192584.65543915285,
        -179973.8155470267,
        -167904.94255224126,
        -156393.47716056998,
        -145456.70112207707,
        -135114.12874183676,
        -125387.99006590026,
        -116303.96316208492,
        -107892.17571464414,
        -100188.73476183857,
        -93238.12857287802,
        -87097.35746785242,
        -81843.74458071077,
        -77592.48694261018,
        -74981.33968631279,
        -78789.92183629278,
        -82702.37949105457,
        -86719.08238106298
    ],
    "vevDepthImag": [
        0.0,
        0.0,
        0.0,
        0.0,
        0.0,
        0.0,
        0.0,
        0.0,
        0.0,
        0.0,
        0.0,
        0.0,
        0.0,
        0.0,
        0.0,
        0.0,
        0.0,
        0.0,
        0.0,
        0.0,
        0.0,
        0.0,
        0.0,
        0.0,
        0.0,
        0.0,
        0.0,
        0.0,
        0.0,
        0.0,
        0.0,
        0.0,
        0.0,
        0.0,
        0.0,
        0.0,
        0.0,
        0.0,
        0.0,
        0.0,
        0.0,
        0.0,
        0.0
    ],
    "vevLocation": [
        [
            -0.0005002677463015696,
            -8.832297656052868e-06,
            -0.00034648846979191614,
            -0.002095155472187693,
            0.00029844529798928043,
            -0.00015036779855667152,
            -2.0397583855261137e-05,
            -0.00046210439916483494,
            0.00041880171832138144,
            0.00017790429210172432,
            0.0005695728937009301,
            9.589307033411754e-05,
            -0.0003740631915890892,
            0.00015277401055361836,
            0.0001609243515381352,
            0.0002216565061380852,
            0.0008084960305274336,
            6.148554472677065e-06,
            -0.00031800387456495417,
            -0.0011516362713448816,
            4.986981187732331e-05,
            2.3004131405497674e-07,
            2.1123352386326344e-05,
            1.1601285963322439e-05,
            3.100343016416984e-05,
            5.477234697765822e-06,
            -0.00037586710422832237,
            0.00010859341677737274,
            3.0507539127413216e-05,
            0.0008245878281496477,
            9.71020768161801e-06,
            1.9571213041927327e-05,
            -3.548244155431035e-06,
            -0.000569174320746102,
            -4.247519331812555e-07,
            6.500702312060846e-05,
            0.0005910051930925128,
            0.0011637652711447843,
            -0.0007828786651171565,
            0.0002617780938471391,
            5.028250964159457e-05,
            6.405157645070214e-05,
            6.405e-05
        ],
        [
            0.0001,
            0.0001,
            0.0001724711879033721,
            0.0001,
            0.0001,
            0.0001,
            0.0001,
            0.0001,
            0.0001,
            0.0001,
            0.0001,
            0.0006434238726866317,
            0.0001,
            0.0001,
            0.0001,
            0.0001,
            0.0001,
            0.0001,
            0.0001,
            0.0001,
            0.0001,
            0.0001,
            0.0001,
            0.0001,
            0.0001,
            0.0001,
            0.0001,
            0.0001,
            0.0001,
            0.0001,
            0.0001,
            0.0001,
            0.0001,
            0.0001,
            0.0001,
            0.0001,
            0.0001,
            0.002631392850090825,
            0.0001,
            0.0001,
            0.0001,
            0.0001,
            0.0001
        ],
        [
            24.14849085346622,
            23.924488971141262,
            23.699024815936227,
            23.47437983777639,
            23.24602128349744,
            23.017824457948247,
            22.788402640247114,
            22.55780046157438,
            22.324857738894554,
            22.09085404875235,
            21.855030701468745,
            21.616351277632766,
            21.375697291579154,
            21.132282142870018,
            20.885531538112232,
            20.636000095779767,
            20.383375201809628,
            20.12588026422252,
            19.86442183475839,
            19.59842550545928,
            19.327526756996726,
            19.050828759558122,
            18.76779824948273,
            18.47799537973713,
            18.180655160759287,
            17.874165802825303,
            17.558590322695,
            17.231680497906822,
            16.89313858954653,
            16.539880107331093,
            16.17078034497672,
            15.781997798639322,
            15.370426721962556,
            14.931087014225252,
            14.456896221891782,
            13.937902919599356,
            13.357512471346643,
            12.690482251202123,
            11.879868347949587,
            0.0009853652164484102,
            0.0001,
            0.0001,
            0.0001
        ]
    ],
    "failureReason": false
}