{
    "bmNumber": 0,
    "failureReason": false,
    "T": [
        90.0,
        91.0,
        92.0,
        93.0,
        94.0,
        95.0,
        96.0,
        97.0,
        98.0,
        99.0,
        100.0,
        101.0,
        102.0,
        103.0,
        104.0,
        105.0,
        106.0,
        107.0,
        108.0,
        109.0,
        110.0,
        111.0,
        112.0,
        113.0,
        114.0,
        115.0,
        116.0,
        117.0,
        118.0,
        119.0,
        120.0,
        121.0,
        122.0,
        123.0,
        124.0,
        125.0,
        126.0,
        127.0,
        128.0,
        129.0,
        130.0,
        131.0,
        132.0
    ],
    "vevDepthReal": [
        -657398.9720965106,
        -633645.4673182777,
        -610306.6128138764,
        -587381.5359499285,
        -564869.8584100103,
        -542771.5927398931,
        -521087.21851617715,
        -499817.6422330495,
        -478964.19333413267,
        -458528.6372407363,
        -438513.1865794591,
        -418920.4499953239,
        -399753.50794093066,
        -381015.8872039099,
        -362711.5780368004,
        -344845.05104136746,
        -327421.2778868689,
        -310445.7549720042,
        -293924.5331072955,
        -277864.2512427659,
        -262272.1912261888,
        -247156.3039671937,
        -232525.30661105213,
        -218388.72520458652,
        -204757.01130088954,
        -191641.64634827746,
        -179055.28317237203,
        -167011.92772254278,
        -155527.15932281082,
        -144618.43043847312,
        -134305.44715206895,
        -124610.69520310499,
        -115560.16414648655,
        -107184.39263432298,
        -99520.04248613317,
        -92612.40236857953,
        -86519.69915239385,
        -81321.24818708468,
        -77136.73196760553,
        -75079.0819420472,
        -78889.9824481096,
        -82804.72478087289,
        -86823.68063664978
    ],
    "vevDepthImag": [
        0.0,
        0.0,
        0.0,
        0.0,
        0.0,
        0.0,
        0.0,
        0.0,
        0.0,
        0.0,
        0.0,
        0.0,
        0.0,
        0.0,
        0.0,
        0.0,
        0.0,
        0.0,
        0.0,
        0.0,
        0.0,
        0.0,
        0.0,
        0.0,
        0.0,
        0.0,
        0.0,
        0.0,
        0.0,
        0.0,
        0.0,
        0.0,
        0.0,
        0.0,
        0.0,
        0.0,
        0.0,
        0.0,
        0.0,
        0.0,
        0.0,
        0.0,
        0.0
    ],
    "vevLocation": [
        [
            -6.075841964610362e-05,
            0.00017051765362441438,
            -0.00017371768449661595,
            -1.114468781841316e-05,
            0.0002607499004100306,
            9.078013740034668e-05,
            -0.0002562112853679542,
            6.936750564200123e-06,
            0.0007693130532913206,
            0.0013188095092118851,
            -0.00018354665711506346,
            -7.670603663894465e-06,
            6.47654688043346e-05,
            3.0211746226221914e-05,
            -1.0017992915799245e-05,
            -1.7608004537761346e-05,
            -8.562678831158799e-05,
            2.407416796127923e-05,
            2.7241787709020304e-05,
            -0.0002018390715798797,
            -6.243840591527161e-05,
            0.0007089110849333446,
            2.17261215439829e-06,
            5.448953999120931e-08,
            -0.00020603134130964262,
            0.0002131264334358507,
            0.00028882043712035593,
            0.00010032768358549105,
            0.0001458584883239819,
            -3.3026594890114835e-05,
            1.635050502622748e-06,
            -3.856179384291447e-05,
            2.0390290728075633e-05,
            0.00021827541836792405,
            0.00010328895382460956,
            0.0003882279743785507,
            -0.00034875801330920553,
            0.0003092507020035754,
            -0.002754085371029766,
            0.00010970993544018315,
            0.00010971,
            6.403270080351797e-05,
            6.403e-05
        ],
        [
            0.0001,
            0.0001,
            0.0001,
            0.0001,
            0.0001,
            0.00014390871093011848,
            0.0001,
            0.0001,
            0.000329763121297314,
            0.0001,
            0.0001,
            0.0001,
            0.0001,
            0.0001,
            0.0001,
            0.0001,
            0.0001,
            0.0001,
            0.0001,
            0.0001,
            0.0001,
            0.0001,
            0.0001,
            0.0001,
            0.0001,
            0.0001,
            0.0001,
            0.0001,
            0.0001,
            0.0001,
            0.0001,
            0.0001,
            0.0001,
            0.0001,
            0.0001,
            0.0001,
            0.0001,
            0.0001,
            0.0001,
            0.0001,
            0.0001,
            0.0001,
            0.0001
        ],
        [
            24.146573949755584,
            23.92244170127697,
            23.69626426985584,
            23.471268801242747,
            23.242576464734523,
            23.0143395541721,
            22.7850953979111,
            22.553869206072797,
            22.32133139427691,
            22.086554986543582,
            21.850040294856573,
            21.611752663292517,
            21.3705068635974,
            21.12706499785008,
            20.88013454008906,
            20.630064480363266,
            20.3767046181889,
            20.11921508985391,
            19.857511227521893,
            19.590315013655,
            19.319413097285633,
            19.042344856305274,
            18.758600187553505,
            18.46819597396527,
            18.1698097778443,
            17.86309600598829,
            17.54681108804633,
            17.21908209447386,
            16.879264324009313,
            16.524628530799568,
            16.153721807188802,
            15.763381963645362,
            15.349776761503678,
            14.908130217112724,
            14.430869032411401,
            13.90781173929323,
            13.3235146927735,
            12.635758064159127,
            11.81983758344803,
            0.0001,
            0.0001,
            0.0001,
            0.0001
        ]
    ],
    "violatedHardScale": [
        false,
        false,
        false,
        false,
        false,
        false,
        false,
        false,
        false,
        false,
        false,
        false,
        false,
        false,
        false,
        false,
        false,
        false,
        false,
        false,
        false,
        false,
        false,
        false,
        false,
        false,
        false,
        false,
        false,
        false,
        false,
        false,
        false,
        false,
        false,
        false,
        false,
        false,
        false,
        false,
        false,
        false,
        false
    ]
}