{
    "T": [
        90.0,
        91.0,
        92.0,
        93.0,
        94.0,
        95.0,
        96.0,
        97.0,
        98.0,
        99.0,
        100.0,
        101.0,
        102.0,
        103.0,
        104.0,
        105.0,
        106.0,
        107.0,
        108.0,
        109.0,
        110.0,
        111.0,
        112.0,
        113.0,
        114.0,
        115.0,
        116.0,
        117.0,
        118.0,
        119.0,
        120.0,
        121.0,
        122.0,
        123.0,
        124.0,
        125.0,
        126.0,
        127.0,
        128.0,
        129.0,
        130.0,
        131.0,
        132.0
    ],
    "vevDepthReal": [
        -658822.7916451079,
        -635050.507701846,
        -611693.0805139361,
        -588749.5951373912,
        -566219.7191583839,
        -544103.3595513622,
        -522400.98927766946,
        -501113.4827627387,
        -480242.1474696419,
        -459788.71303651994,
        -439755.3451574404,
        -420144.6387423668,
        -400959.6323920443,
        -382203.8169906805,
        -363881.14728883724,
        -345996.0491221063,
        -328553.4585646412,
        -311558.8256146413,
        -295018.15119851613,
        -278938.0278521391,
        -263325.674921482,
        -248188.9928779013,
        -233536.6243379356,
        -219378.0293463174,
        -205723.57573117025,
        -192584.65543903876,
        -179973.81593490043,
        -167904.9425587781,
        -156393.47714010987,
        -145456.7011221446,
        -135114.1287426973,
        -125387.99006590154,
        -116303.96316239377,
        -107892.17671751382,
        -100188.73464710067,
        -93238.12858000188,
        -87097.35898838646,
        -81843.76142105501,
        -77592.48703824793,
        -74981.33990341735,
        -78789.9218364492,
        -82702.37949105003,
        -86719.08238106366
    ],
    "vevDepthImag": [
        0.0,
        0.0,
        0.0,
        0.0,
        0.0,
        0.0,
        0.0,
        0.0,
        0.0,
        0.0,
        0.0,
        0.0,
        0.0,
        0.0,
        0.0,
        0.0,
        0.0,
        0.0,
        0.0,
        0.0,
        0.0,
        0.0,
        0.0,
        0.0,
        0.0,
        0.0,
        0.0,
        0.0,
        0.0,
        0.0,
        0.0,
        0.0,
        0.0,
        0.0,
        0.0,
        0.0,
        0.0,
        0.0,
        0.0,
        0.0,
        0.0,
        0.0,
        0.0
    ],
    "vevLocation": [
        [
            -0.0005020886050301262,
            -8.832614161069507e-06,
            -0.00034670193514529934,
            -0.0020951554666786,
            -0.0005977141316591216,
            -0.00015036779891801442,
            -2.0325065814140453e-05,
            -0.00046793365501032747,
            0.00041195454700231494,
            0.0005959041147562242,
            -0.00014056886211953612,
            -4.400563048167702e-05,
            -0.00037406319888997827,
            0.0005257682083320003,
            0.0001609278608571338,
            -0.0006785613750470848,
            0.0004993619914762644,
            6.14855169914566e-06,
            6.705799435842725e-05,
            -1.198331954345433e-05,
            4.986981298414628e-05,
            2.300274181666305e-07,
            2.112335904855267e-05,
            1.0632742485939053e-05,
            -0.0004172151221707955,
            5.576245804436025e-06,
            -5.236253547296309e-05,
            0.00014447800570663652,
            -1.9654281597489276e-05,
            0.0008245788942295995,
            7.944465905754261e-06,
            1.954603228876417e-05,
            -1.2136461046141633e-06,
            -5.2803986151220283e-05,
            5.53927048873859e-05,
            1.752094752625888e-05,
            3.44954035852137e-05,
            -0.00014564902344038622,
            -0.0007684184572897303,
            0.00010948346460168401,
            6.159595670540696e-05,
            6.16e-05,
            6.16e-05
        ],
        [
            0.0001,
            0.0001,
            0.000172586896057347,
            0.0001,
            0.0001,
            0.0001,
            0.0001,
            0.000261797842445618,
            0.0001,
            0.0001,
            0.00023882439849663391,
            0.0001,
            0.0001,
            0.0001,
            0.0001,
            0.0001,
            0.000301288117440744,
            0.0001,
            0.0001,
            0.0001,
            0.0001,
            0.0001,
            0.0001,
            0.0001,
            0.0001,
            0.0001,
            0.0001,
            0.0001,
            0.0001,
            0.0001,
            0.0001,
            0.0001,
            0.0001,
            0.0001,
            0.0001,
            0.0001,
            0.0001,
            0.0001,
            0.0001,
            0.0001,
            0.0001,
            0.0001,
            0.0001
        ],
        [
            24.148484204105817,
            23.924488971633025,
            23.699024641148593,
            23.474379837763177,
            23.24596492075997,
            23.0178244579531,
            22.788402624408697,
            22.557735299200992,
            22.324855505610937,
            22.09083838426276,
            21.855011972574466,
            21.616485320951952,
            21.375697291546224,
            21.131924514239174,
            20.88553153576703,
            20.635938436657465,
            20.383155442088146,
            20.12588026422161,
            19.864416066593936,
            19.598663873187313,
            19.32752675699378,
            19.050828759418962,
            18.767798249482563,
            18.47798558094976,
            18.180535266765148,
            17.874165688644503,
            17.55834896282008,
            17.231700844316638,
            16.893223440417792,
            16.53988012160057,
            16.170778633123234,
            15.78199776266811,
            15.37042559722066,
            14.930770697621474,
            14.45657599992854,
            13.937911311022205,
            13.357876086836818,
            12.69199792715424,
            11.87981840577983,
            0.0001,
            0.0001,
            0.0001,
            0.0001
        ]
    ],
    "failureReason": false
}