{
    "T": [
        90.0,
        91.0,
        92.0,
        93.0,
        94.0,
        95.0,
        96.0,
        97.0,
        98.0,
        99.0,
        100.0,
        101.0,
        102.0,
        103.0,
        104.0,
        105.0,
        106.0,
        107.0,
        108.0,
        109.0,
        110.0,
        111.0,
        112.0,
        113.0,
        114.0,
        115.0,
        116.0,
        117.0,
        118.0,
        119.0,
        120.0,
        121.0,
        122.0,
        123.0,
        124.0,
        125.0,
        126.0,
        127.0,
        128.0,
        129.0,
        130.0,
        131.0,
        132.0
    ],
    "vevDepthReal": [
        -658822.7917345954,
        -635050.5077018494,
        -611693.0805090385,
        -588749.595137388,
        -566219.7208568716,
        -544103.3595513619,
        -522400.98927777703,
        -501113.48289222585,
        -480242.1477113627,
        -459788.7130304108,
        -439755.34524262114,
        -420144.6366437058,
        -400959.63266101375,
        -382203.8176676752,
        -363881.14754839754,
        -345996.0469542375,
        -328553.45979176206,
        -311558.82561464095,
        -295018.1509546343,
        -278938.02139629715,
        -263325.67492148385,
        -248188.99287790107,
        -233536.62433793687,
        -219378.02934631845,
        -205723.57550455572,
        -192584.65543989767,
        -179973.81535258982,
        -167904.94255224243,
        -156393.47707083495,
        -145456.70112300164,
        -135114.1287728781,
        -125387.99006590189,
        -116303.96315604716,
        -107892.1768155268,
        -100188.73470194731,
        -93238.12858009699,
        -87097.35746793536,
        -81843.76220831368,
        -77592.4875423928,
        -74981.33987467043,
        -78789.9218364524,
        -82702.3794910378,
        -86719.08238103567
    ],
    "vevDepthImag": [
        0.0,
        0.0,
        0.0,
        0.0,
        0.0,
        0.0,
        0.0,
        0.0,
        0.0,
        0.0,
        0.0,
        0.0,
        0.0,
        0.0,
        0.0,
        0.0,
        0.0,
        0.0,
        0.0,
        0.0,
        0.0,
        0.0,
        0.0,
        0.0,
        0.0,
        0.0,
        0.0,
        0.0,
        0.0,
        0.0,
        0.0,
        0.0,
        0.0,
        0.0,
        0.0,
        0.0,
        0.0,
        0.0,
        0.0,
        0.0,
        0.0,
        0.0,
        0.0
    ],
    "vevLocation": [
        [
            -0.0004990773004067157,
            -8.830853716668141e-06,
            -0.00034755380356770935,
            -0.0020951554677992312,
            -0.00011323806460969421,
            -0.0001503677982679745,
            -1.9976006201762736e-05,
            -0.00048812400517653904,
            0.0003290519486451541,
            0.0005970150255136578,
            0.0002541717567814128,
            9.592498580565222e-05,
            -0.0003016295700672758,
            0.00032788323879520687,
            6.0467196098840104e-05,
            0.0001949452124626952,
            0.00017311449636467358,
            6.148556254088888e-06,
            -0.0002722467002175058,
            -0.0011516761429801597,
            4.9869814510272725e-05,
            2.3003103500045946e-07,
            2.112335604663451e-05,
            1.0626536671113924e-05,
            0.0001424135146408656,
            4.819677111947765e-06,
            -0.00019986790017175078,
            0.00010859341724420678,
            6.309499922187266e-05,
            0.0008244652802166796,
            -4.181595131037136e-06,
            1.9553491904633624e-05,
            1.7847922884688464e-05,
            1.2688089706388433e-05,
            -0.00010270612732903896,
            2.78068805481535e-07,
            0.0005910240209847165,
            0.0002323478742613256,
            -0.0006259016096000422,
            -5.618927443102467e-05,
            6.885201137471486e-05,
            6.885e-05,
            6.885e-05
        ],
        [
            0.0001,
            0.0001,
            0.00017304859883169373,
            0.0001,
            0.0001,
            0.0001,
            0.0001,
            0.0001,
            0.0001,
            0.0001,
            0.0001,
            0.0006434523948065828,
            0.0001,
            0.0001,
            0.0001,
            0.0009672784588368099,
            0.0001,
            0.0001,
            0.0001,
            0.0001,
            0.0001,
            0.0001,
            0.0001,
            0.0001,
            0.0001,
            0.0001,
            0.0001,
            0.0001,
            0.0001,
            0.0001,
            0.0001,
            0.0001,
            0.0001,
            0.0001,
            0.0001,
            0.0001,
            0.0001,
            0.0001,
            0.0001,
            0.0001,
            0.0001,
            0.0001,
            0.0001
        ],
        [
            24.148495136087337,
            23.924488968965537,
            23.699023943647955,
            23.474379837777565,
            23.245691302854432,
            23.01782445795403,
            22.788402548129998,
            22.557824661767924,
            22.324832746175243,
            22.09083889288739,
            21.855004483556627,
            21.616351275479712,
            21.375585603524044,
            21.13244439766174,
            20.885794956971143,
            20.63599184710048,
            20.383203519393852,
            20.125880264224648,
            19.864642563958768,
            19.598425355292186,
            19.327526756993635,
            19.05082875944512,
            18.76779824948049,
            18.47798558871272,
            18.181011663703046,
            17.874166555478663,
            17.559089848466506,
            17.23168049790083,
            16.89332023762068,
            16.539880299188166,
            16.17068441207578,
            15.781997773304758,
            15.370354942160807,
            14.930981965096285,
            14.456967667546724,
            13.93794755007555,
            13.357512535928318,
            12.69086401079637,
            11.879763845486071,
            0.0003269018520336276,
            0.0001,
            0.0001,
            0.0001
        ]
    ],
    "failureReason": false
}