{
    "T": [
        90.0,
        91.0,
        92.0,
        93.0,
        94.0,
        95.0,
        96.0,
        97.0,
        98.0,
        99.0,
        100.0,
        101.0,
        102.0,
        103.0,
        104.0,
        105.0,
        106.0,
        107.0,
        108.0,
        109.0,
        110.0,
        111.0,
        112.0,
        113.0,
        114.0,
        115.0,
        116.0,
        117.0,
        118.0,
        119.0,
        120.0,
        121.0,
        122.0,
        123.0,
        124.0,
        125.0,
        126.0,
        127.0,
        128.0,
        129.0,
        130.0,
        131.0,
        132.0
    ],
    "vevDepthReal": [
        -658693.2929684536,
        -634909.0930627491,
        -611541.0458882982,
        -588588.2909524,
        -566050.4734792359,
        -543927.5691598287,
        -522220.0459479131,
        -500928.7747912995,
        -480055.0440017871,
        -459600.5703333304,
        -439567.4744826334,
        -419958.32284249656,
        -400776.0959110013,
        -382024.2280376173,
        -363706.6056745064,
        -345827.5879343479,
        -328392.0220351666,
        -311405.2778675697,
        -294873.2674432959,
        -278802.4830780823,
        -263200.04122696747,
        -248073.73878193193,
        -233432.1090148429,
        -219284.49901743326,
        -205641.16765854473,
        -192513.38559230242,
        -179913.58469030575,
        -167855.53776872566,
        -156354.56419888267,
        -145427.8354983339,
        -135094.73970765085,
        -125377.40811062185,
        -116301.39778078604,
        -107896.72795069567,
        -100199.39130754233,
        -93253.76152704487,
        -87116.70607778348,
        -81865.39779282565,
        -77614.72032660362,
        -74981.22523141917,
        -78789.70980515142,
        -82702.08764851844,
        -86718.73187633265
    ],
    "vevDepthImag": [
        0.0,
        0.0,
        0.0,
        0.0,
        0.0,
        0.0,
        0.0,
        0.0,
        0.0,
        0.0,
        0.0,
        0.0,
        0.0,
        0.0,
        0.0,
        0.0,
        0.0,
        0.0,
        0.0,
        0.0,
        0.0,
        0.0,
        0.0,
        0.0,
        0.0,
        0.0,
        0.0,
        0.0,
        0.0,
        0.0,
        0.0,
        0.0,
        0.0,
        0.0,
        0.0,
        0.0,
        0.0,
        0.0,
        0.0,
        0.0,
        0.0,
        0.0,
        0.0
    ],
    "vevLocation": [
        [
            8.727805724223492e-06,
            -0.000188355200239132,
            3.983087962586285e-05,
            -0.0014667689136760413,
            -0.0001783468183011777,
            -0.00027529769328485604,
            -0.0001583864116440209,
            1.7761165838579666e-05,
            -0.0006856672995135522,
            1.502985057126073e-05,
            0.0005659443988922747,
            4.366688215540898e-05,
            -3.3648727307235976e-05,
            0.00010327047610911386,
            -0.00023904214900480336,
            -0.0002546642406549282,
            -0.000687404964533473,
            -0.0004544271815959955,
            -8.138568438775806e-05,
            0.00011396656965287355,
            4.9515767247105234e-06,
            1.4252900363387333e-05,
            6.409027236441156e-05,
            -6.42634562481037e-05,
            4.75993867346744e-05,
            9.44338329716965e-06,
            -0.0003164841250975492,
            7.199143021519808e-05,
            -0.0002676723682267486,
            5.174255946139433e-05,
            0.00018355333233102157,
            0.0001640588673088722,
            1.3279394902804623e-05,
            0.00023083177101974536,
            6.472134984225608e-06,
            4.46849671896718e-05,
            -0.001048788048038915,
            0.0011385550687454914,
            0.00015291361571665406,
            7.269004487728617e-05,
            7.269e-05,
            6.769911562553785e-05,
            6.266600243640119e-05
        ],
        [
            0.0001,
            0.0001,
            0.0001,
            0.0001,
            0.0001,
            0.0001,
            0.0001,
            0.00021475550958746948,
            0.0001,
            0.0001,
            0.0005575759268926749,
            0.0001,
            0.0001,
            0.0001,
            0.0001,
            0.0001,
            0.0001,
            0.0001,
            0.0001,
            0.0001,
            0.0002630314379177261,
            0.0001,
            0.0001,
            0.0001,
            0.0001,
            0.0001,
            0.0001,
            0.0001,
            0.0001,
            0.0001,
            0.0001,
            0.0001,
            0.0001,
            0.0001,
            0.0001,
            0.0001,
            0.0001,
            0.0001,
            0.0001,
            0.0001,
            0.0001,
            0.0001,
            0.0001
        ],
        [
            24.147637608417934,
            23.92323101211065,
            23.69780566103646,
            23.47010060288376,
            23.24417304774823,
            23.0156952869791,
            22.78616612514778,
            22.555159745465648,
            22.323013594683257,
            22.088181644918855,
            21.85216240244007,
            21.613904763375313,
            21.373082491571406,
            21.129317428676288,
            20.88324095443083,
            20.633463821606867,
            20.380336365284943,
            20.122543625289,
            19.862616303595566,
            19.595935705956048,
            19.325014430803954,
            19.048250080257763,
            18.765347578074294,
            18.475108265133475,
            18.17802599173594,
            17.872454097200638,
            17.556266714452217,
            17.230486304411627,
            16.891635120536918,
            16.53898692236177,
            16.17082399984149,
            15.781557000958692,
            15.370143391206387,
            14.930759767732306,
            14.45729013598979,
            13.93894135217464,
            13.360120800262465,
            12.692042295323803,
            11.88242036811235,
            0.0001,
            0.0001,
            0.0001,
            0.0001
        ]
    ],
    "bIsPerturbative": [
        true,
        true,
        true,
        true,
        true,
        true,
        true,
        true,
        true,
        true,
        true,
        true,
        true,
        true,
        true,
        true,
        true,
        true,
        true,
        true,
        true,
        true,
        true,
        true,
        true,
        true,
        true,
        true,
        true,
        true,
        true,
        true,
        true,
        true,
        true,
        true,
        true,
        true,
        true,
        true,
        true,
        true,
        true
    ],
    "failureReason": false
}