{
    "T": [
        90.0,
        91.0,
        92.0,
        93.0,
        94.0,
        95.0,
        96.0,
        97.0,
        98.0,
        99.0,
        100.0,
        101.0,
        102.0,
        103.0,
        104.0,
        105.0,
        106.0,
        107.0,
        108.0,
        109.0,
        110.0,
        111.0,
        112.0,
        113.0,
        114.0,
        115.0,
        116.0,
        117.0,
        118.0,
        119.0,
        120.0,
        121.0,
        122.0,
        123.0,
        124.0,
        125.0,
        126.0,
        127.0,
        128.0,
        129.0,
        130.0,
        131.0,
        132.0
    ],
    "vevDepthReal": [
        -658748.1079172211,
        -634967.1563123199,
        -611601.815653296,
        -588651.2675072921,
        -566115.1061831582,
        -543993.3595591043,
        -522286.48186383373,
        -500995.3640772174,
        -480121.300585491,
        -459666.02079322655,
        -439631.67658325424,
        -420020.84979121166,
        -400836.54987257987,
        -382082.22915370285,
        -363761.83645477146,
        -345879.7306563674,
        -328440.81404085923,
        -311450.4833299257,
        -294914.6847379933,
        -278839.9723500551,
        -263233.4868162046,
        -248103.0688441866,
        -233457.30109906802,
        -219305.56959795486,
        -205658.16986268188,
        -192526.43283872877,
        -179922.81708681956,
        -167861.14701308007,
        -156356.77690876275,
        -145426.91983342334,
        -135091.00376441958,
        -125371.18922549393,
        -116293.07386151038,
        -107886.70176706254,
        -100188.09951965022,
        -93241.69360060559,
        -87104.34106341464,
        -81853.31263756717,
        -77603.21470343805,
        -74981.57872267795,
        -78790.08026567531,
        -82702.46423592845,
        -86719.1022194024
    ],
    "vevDepthImag": [
        0.0,
        0.0,
        0.0,
        0.0,
        0.0,
        0.0,
        0.0,
        0.0,
        0.0,
        0.0,
        0.0,
        0.0,
        0.0,
        0.0,
        0.0,
        0.0,
        0.0,
        0.0,
        0.0,
        0.0,
        0.0,
        0.0,
        0.0,
        0.0,
        0.0,
        0.0,
        0.0,
        0.0,
        0.0,
        0.0,
        0.0,
        0.0,
        0.0,
        0.0,
        0.0,
        0.0,
        0.0,
        0.0,
        0.0,
        0.0,
        0.0,
        0.0,
        0.0
    ],
    "vevLocation": [
        [
            0.0021087508763147295,
            -3.432479056051513e-05,
            0.00011159750381387144,
            -1.2332617320347933e-05,
            4.003619252168633e-05,
            1.3420083924107237e-05,
            0.0005287723067951624,
            -0.00014866476475129675,
            0.0002598895625820982,
            0.0006001720986469707,
            0.0005643700631426634,
            2.2864233527384974e-05,
            -5.13447361366777e-05,
            0.001179730328231307,
            -8.10538218595884e-05,
            0.0003721697795056513,
            -6.967390386755992e-05,
            -0.00020703833911407676,
            -0.0005980963589324429,
            0.00026158702775444173,
            -4.7423971538420456e-05,
            -0.0006230607003238093,
            1.3038701193374136e-05,
            -0.0001842234685188876,
            0.0010587747424615657,
            -0.0001840110185361947,
            -0.0002892213132447887,
            3.073551230409893e-05,
            0.00015366006110900315,
            2.689608836281142e-05,
            -3.5668153340094946e-05,
            -2.5293903031556423e-05,
            -8.725412809930291e-06,
            0.0006826934523197006,
            0.0020892652367595355,
            0.00022768147969186997,
            0.001600336293824215,
            2.4724702393678216e-05,
            -0.003602620592161404,
            5.980966064333959e-05,
            5.981e-05,
            5.981e-05,
            6.323790661879117e-05
        ],
        [
            0.0010895333090002888,
            0.0001,
            0.00015725322443269074,
            0.0001,
            0.0001,
            0.0001,
            0.0005192510394096515,
            0.0001,
            0.0001,
            0.0001,
            0.0001,
            0.0001,
            0.0001,
            0.0009249464276199173,
            0.0001,
            0.0001,
            0.0001,
            0.0001,
            0.0001,
            0.0001,
            0.0001,
            0.0001,
            0.0001,
            0.0001,
            0.0001,
            0.0001,
            0.0001,
            0.0001,
            0.0001,
            0.0001,
            0.0001,
            0.0001,
            0.0001,
            0.0011399935748019792,
            0.0004366080674926204,
            0.0001,
            0.0009742012736269623,
            0.0001,
            0.00785516238349246,
            0.0001,
            0.0001,
            0.0001,
            0.0001
        ],
        [
            24.148035515400142,
            23.92340391892859,
            23.69800058127171,
            23.471574205014143,
            23.244626057091036,
            23.016442728984938,
            22.786666769591342,
            22.55621900826776,
            22.323301197866982,
            22.089193769238097,
            21.852684484213462,
            21.614692524474687,
            21.373860987635833,
            21.13051974323199,
            20.88361816740691,
            20.633536170375947,
            20.381303965829982,
            20.124087952498943,
            19.863890204606744,
            19.597067490098944,
            19.325702225757787,
            19.049020330578426,
            18.766058290217174,
            18.476312658665456,
            18.178592520082148,
            17.872882773829133,
            17.55610821010682,
            17.230716086059896,
            16.892300062027687,
            16.53900116385726,
            16.169716040122076,
            15.781165264199956,
            15.369717137408431,
            14.929878720063474,
            14.456757908785715,
            13.937681256910363,
            13.361449864483479,
            12.691843521637718,
            11.893699985139984,
            0.0001,
            0.0001,
            0.0001,
            0.0001
        ]
    ],
    "bIsPerturbative": [
        true,
        true,
        true,
        true,
        true,
        true,
        true,
        true,
        true,
        true,
        true,
        true,
        true,
        true,
        true,
        true,
        true,
        true,
        true,
        true,
        true,
        true,
        true,
        true,
        true,
        true,
        true,
        true,
        true,
        true,
        true,
        true,
        true,
        true,
        true,
        true,
        true,
        true,
        true,
        true,
        true,
        true,
        true
    ],
    "failureReason": false
}