{
    "T": [
        90.0,
        91.0,
        92.0,
        93.0,
        94.0,
        95.0,
        96.0,
        97.0,
        98.0,
        99.0,
        100.0,
        101.0,
        102.0,
        103.0,
        104.0,
        105.0,
        106.0,
        107.0,
        108.0,
        109.0,
        110.0,
        111.0,
        112.0,
        113.0,
        114.0,
        115.0,
        116.0,
        117.0,
        118.0,
        119.0,
        120.0,
        121.0,
        122.0,
        123.0,
        124.0,
        125.0,
        126.0,
        127.0,
        128.0,
        129.0,
        130.0,
        131.0,
        132.0
    ],
    "vevDepthReal": [
        -658823.898211573,
        -635051.8251688776,
        -611694.515728173,
        -588751.1394050675,
        -566221.3632068539,
        -544105.0912275431,
        -522402.79839864327,
        -501115.35932465957,
        -480244.0788364392,
        -459790.69210888166,
        -439757.3566728083,
        -420146.6721180539,
        -400961.67714411323,
        -382205.86102957965,
        -363883.1825204928,
        -345998.0586847402,
        -328555.44466885657,
        -311560.770352248,
        -295020.04735647,
        -278939.86653904384,
        -263327.4490463757,
        -248190.6949561924,
        -233538.24807028845,
        -219379.5689298102,
        -205725.02687597298,
        -192586.01295886678,
        -179975.0752450165,
        -167906.10472042544,
        -156394.53891979693,
        -145457.66442032252,
        -135114.98504978325,
        -125388.75050579337,
        -116304.62441973353,
        -107892.74524021032,
        -100189.20953629538,
        -93238.49579997221,
        -87097.66065569507,
        -81844.00118455634,
        -77592.65863952605,
        -74981.35366634782,
        -78789.93842419064,
        -82702.3989563871,
        -86719.10475427893
    ],
    "vevDepthImag": [
        0.0,
        0.0,
        0.0,
        0.0,
        0.0,
        0.0,
        0.0,
        0.0,
        0.0,
        0.0,
        0.0,
        0.0,
        0.0,
        0.0,
        0.0,
        0.0,
        0.0,
        0.0,
        0.0,
        0.0,
        0.0,
        0.0,
        0.0,
        0.0,
        0.0,
        0.0,
        0.0,
        0.0,
        0.0,
        0.0,
        0.0,
        0.0,
        0.0,
        0.0,
        0.0,
        0.0,
        0.0,
        0.0,
        0.0,
        0.0,
        0.0,
        0.0,
        0.0
    ],
    "vevLocation": [
        [
            -0.0037922720836248217,
            9.408561252906289e-05,
            -0.0002557513547557554,
            -0.0020966856767392628,
            0.00035162871053956435,
            -2.2345467270118435e-05,
            -6.0908722122544195e-05,
            -0.00046699991829678156,
            -0.0002286583796704128,
            -0.00020376860734599989,
            2.4209070187450332e-05,
            -5.423799448946165e-05,
            -0.00037613989400188397,
            0.00025227335206542967,
            9.23751210039883e-05,
            -0.0007030780087805505,
            6.02089675600416e-05,
            -3.738751097411008e-05,
            -5.5155722580302324e-05,
            0.0001898506735491176,
            5.024415025867146e-05,
            0.00012152549785304041,
            -8.58765684415893e-06,
            7.348201863001912e-05,
            -0.00015352784365482708,
            1.0394344469193996e-05,
            0.000358642444990509,
            0.00010860345455921284,
            -4.262836372039003e-05,
            3.830278719714475e-05,
            0.0003572466993448085,
            1.1190355466827312e-05,
            0.0006053672814722473,
            -9.490316609710864e-05,
            -0.0003956261715205786,
            -0.00026034402707322823,
            0.0003574716607128714,
            0.00013023272812200158,
            -0.00014121119039403607,
            7.904517371792874e-05,
            6.557290622688852e-05,
            6.557e-05,
            6.557e-05
        ],
        [
            0.0001,
            0.0001,
            0.0001679869191023761,
            0.0001,
            0.0001,
            0.0001,
            0.0001,
            0.0002608828332432996,
            0.0001,
            0.0001,
            0.0001,
            0.0001,
            0.0001,
            0.0006746220155530892,
            0.0001,
            0.0001,
            0.0001,
            0.0001,
            0.0001,
            0.0001,
            0.0001,
            0.0001,
            0.0001,
            0.0001,
            0.0001,
            0.0001,
            0.0001,
            0.0001,
            0.0001,
            0.0001,
            0.0009410980643822985,
            0.0001,
            0.0001,
            0.0001,
            0.0001,
            0.000307977462024868,
            0.0001,
            0.0001,
            0.0001,
            0.0001,
            0.0001,
            0.0001,
            0.0001
        ],
        [
            24.150088161767897,
            23.92407134174846,
            23.699487768912356,
            23.47439302713263,
            23.246208029530123,
            23.017870379167018,
            22.788686780478304,
            22.55775507520395,
            22.325906800633433,
            22.091069147653524,
            21.854841008341833,
            21.616524815450664,
            21.37572293999295,
            21.131879161127546,
            20.88555382124756,
            20.63501685159853,
            20.38286221948418,
            20.12591374550755,
            19.86471050609421,
            19.598473179655347,
            19.327558550403328,
            19.050835389291507,
            18.767894135467234,
            18.47806764302268,
            18.1803008904234,
            17.87436385116877,
            17.559365318224476,
            17.23171123024945,
            16.893258039194684,
            16.54010314960871,
            16.171156694528175,
            15.78200635235238,
            15.369899126916659,
            14.930856788261474,
            14.45820688364783,
            13.94225824943344,
            13.361583825620919,
            12.691213672131184,
            11.881238979836564,
            0.0001,
            0.0001,
            0.0001,
            0.0001
        ]
    ],
    "bIsPerturbative": [
        true,
        true,
        true,
        true,
        true,
        true,
        true,
        true,
        true,
        true,
        true,
        true,
        true,
        true,
        true,
        true,
        true,
        true,
        true,
        true,
        true,
        true,
        true,
        true,
        true,
        true,
        true,
        true,
        true,
        true,
        true,
        true,
        true,
        true,
        true,
        true,
        true,
        true,
        true,
        true,
        true,
        true,
        true
    ],
    "failureReason": false
}