{
    "T": [
        90.0,
        91.0,
        92.0,
        93.0,
        94.0,
        95.0,
        96.0,
        97.0,
        98.0,
        99.0,
        100.0,
        101.0,
        102.0,
        103.0,
        104.0,
        105.0,
        106.0,
        107.0,
        108.0,
        109.0,
        110.0,
        111.0,
        112.0,
        113.0,
        114.0,
        115.0,
        116.0,
        117.0,
        118.0,
        119.0,
        120.0,
        121.0,
        122.0,
        123.0,
        124.0,
        125.0,
        126.0,
        127.0,
        128.0,
        129.0,
        130.0,
        131.0,
        132.0
    ],
    "vevDepthReal": [
        -658822.7917854759,
        -635050.5077018471,
        -611693.0805145649,
        -588749.595137388,
        -566219.7212089717,
        -544103.359551362,
        -522400.9892777462,
        -501113.48300479935,
        -480242.14766890416,
        -459788.7130314333,
        -439755.3438617089,
        -420144.6366436484,
        -400959.6330446716,
        -382203.8185558445,
        -363881.147548396,
        -345996.05156790244,
        -328553.45955649496,
        -311558.82561464026,
        -295018.15133961174,
        -278938.0276258134,
        -263325.67492148257,
        -248188.99287790013,
        -233536.6243379356,
        -219378.0293463174,
        -205723.57635676325,
        -192584.65543907124,
        -179973.77033506287,
        -167904.94255224126,
        -156393.47716103343,
        -145456.70112271293,
        -135114.12874055468,
        -125387.99006590084,
        -116303.96316311148,
        -107892.17666996177,
        -100188.73469819291,
        -93238.12858003983,
        -87097.35746783763,
        -81843.74561864807,
        -77592.48748042842,
        -74981.3399046899,
        -78789.9218364604,
        -82702.3794910524,
        -86719.08238105697
    ],
    "vevDepthImag": [
        0.0,
        0.0,
        0.0,
        0.0,
        0.0,
        0.0,
        0.0,
        0.0,
        0.0,
        0.0,
        0.0,
        0.0,
        0.0,
        0.0,
        0.0,
        0.0,
        0.0,
        0.0,
        0.0,
        0.0,
        0.0,
        0.0,
        0.0,
        0.0,
        0.0,
        0.0,
        0.0,
        0.0,
        0.0,
        0.0,
        0.0,
        0.0,
        0.0,
        0.0,
        0.0,
        0.0,
        0.0,
        0.0,
        0.0,
        0.0,
        0.0,
        0.0,
        0.0
    ],
    "vevLocation": [
        [
            -0.0004973138070233389,
            -8.831658404206966e-06,
            -0.0003465918009579773,
            -0.002095155469314741,
            -3.0054997891836716e-05,
            -0.0001503677981563433,
            -2.0074235811348012e-05,
            -0.0004727093573056863,
            0.00033615658633240255,
            0.0005968065499256986,
            0.0005695736109926561,
            9.5934002825716e-05,
            0.00013186641660717932,
            -1.4387968575845216e-05,
            6.046748239239841e-05,
            -9.628394664756845e-06,
            -0.00032284948448867146,
            6.148553952534108e-06,
            3.773523392439082e-06,
            -7.15737368240394e-05,
            4.9869811401717645e-05,
            2.3003760611694027e-07,
            2.1123356717736574e-05,
            1.0630407521064825e-05,
            7.844148520522176e-06,
            5.548298682033284e-06,
            3.301749154487445e-05,
            0.00010859341616523133,
            1.298178425722385e-05,
            0.0008245034009460861,
            1.2204335210430628e-05,
            1.9559371113309076e-05,
            1.8014281396036905e-05,
            -9.510205647140203e-05,
            0.0001073194451495299,
            1.815118987463782e-05,
            0.0005910160756479182,
            -0.002140194956709869,
            -0.0006396168738895605,
            6.703362377437068e-05,
            6.583301941533648e-05,
            6.583e-05,
            6.583e-05
        ],
        [
            0.0001,
            0.0001,
            0.00017252719958810604,
            0.0001,
            0.0001,
            0.0001,
            0.0001,
            0.0001,
            0.0001,
            0.0001,
            0.0001,
            0.0006434604716201097,
            0.0001,
            0.0001,
            0.0001,
            0.0001,
            0.0001,
            0.0001,
            0.0001,
            0.0001,
            0.0001,
            0.0001,
            0.0001,
            0.0001,
            0.0001,
            0.0001,
            0.0023566877052006033,
            0.0001,
            0.0001,
            0.0001,
            0.0001,
            0.0001,
            0.0001,
            0.0001,
            0.0001,
            0.0001,
            0.0001,
            0.0008449975970333673,
            0.0001,
            0.0001,
            0.0001,
            0.0001,
            0.0001
        ],
        [
            24.148501406121117,
            23.924488970160773,
            23.699024731318616,
            23.474379837768954,
            23.245902917029877,
            23.0178244579504,
            22.788402569581987,
            22.557810392910152,
            22.324827826635076,
            22.090838719758107,
            21.855030701190948,
            21.616351274886636,
            21.375528222766835,
            21.132119065197426,
            20.885794956902537,
            20.636084394618155,
            20.38310846265613,
            20.125880264226144,
            19.864612591528793,
            19.598876191944935,
            19.327526756996793,
            19.050828759535325,
            18.767798249475963,
            18.477985583124482,
            18.18069120574897,
            17.874165720884168,
            17.55571669156768,
            17.23168049790837,
            16.89312384157004,
            16.539880239377084,
            16.17078277082158,
            15.78199778172242,
            15.370429800922865,
            14.93074146516201,
            14.456682210569912,
            13.937911835870025,
            13.357512480232746,
            12.689625591403143,
            11.879791291522299,
            0.0001,
            0.0001,
            0.0001,
            0.0001
        ]
    ],
    "failureReason": false
}