{
    "T": [
        90.0,
        91.0,
        92.0,
        93.0,
        94.0,
        95.0,
        96.0,
        97.0,
        98.0,
        99.0,
        100.0,
        101.0,
        102.0,
        103.0,
        104.0,
        105.0,
        106.0,
        107.0,
        108.0,
        109.0,
        110.0,
        111.0,
        112.0,
        113.0,
        114.0,
        115.0,
        116.0,
        117.0,
        118.0,
        119.0,
        120.0,
        121.0,
        122.0,
        123.0,
        124.0,
        125.0,
        126.0,
        127.0,
        128.0,
        129.0,
        130.0,
        131.0,
        132.0
    ],
    "vevDepthReal": [
        -658822.7916947795,
        -635050.507701847,
        -611693.0812851606,
        -588749.5951373905,
        -566219.7207174327,
        -544103.3595513622,
        -522400.98927774327,
        -501113.48302589986,
        -480242.1475992701,
        -459788.71432832745,
        -439755.34386170993,
        -420144.63664372603,
        -400959.6323920456,
        -382203.81856234546,
        -363881.1472888747,
        -345996.0515664243,
        -328553.45999201795,
        -311558.82561464095,
        -295018.15133876726,
        -278938.0213972789,
        -263325.6749214822,
        -248188.99287790002,
        -233536.6243379356,
        -219378.0293463181,
        -205723.57610004256,
        -192584.65543918987,
        -179973.81602780498,
        -167904.94255224091,
        -156393.47707083542,
        -145456.70363022818,
        -135114.12877009937,
        -125387.99006590003,
        -116303.96315950016,
        -107892.17681552737,
        -100188.73108468915,
        -93238.12744730909,
        -87097.35746786109,
        -81843.75794172497,
        -77592.48820866237,
        -74981.33966840664,
        -78789.92183558206,
        -82702.37949093709,
        -86719.08238096975
    ],
    "vevDepthImag": [
        0.0,
        0.0,
        0.0,
        0.0,
        0.0,
        0.0,
        0.0,
        0.0,
        0.0,
        0.0,
        0.0,
        0.0,
        0.0,
        0.0,
        0.0,
        0.0,
        0.0,
        0.0,
        0.0,
        0.0,
        0.0,
        0.0,
        0.0,
        0.0,
        0.0,
        0.0,
        0.0,
        0.0,
        0.0,
        0.0,
        0.0,
        0.0,
        0.0,
        0.0,
        0.0,
        0.0,
        0.0,
        0.0,
        0.0,
        0.0,
        0.0,
        0.0,
        0.0
    ],
    "vevLocation": [
        [
            -0.0005004306061932402,
            -8.832076838757863e-06,
            0.00013137541618233467,
            -0.0020951554702290376,
            0.00029343983537248597,
            -0.0001503677925831599,
            -2.008785574909855e-05,
            -0.0004697537828403902,
            0.000348796899011879,
            -3.3576249719349804e-05,
            0.0005695735120385889,
            9.59218620643753e-05,
            -0.000374063201618759,
            2.0812345969997703e-05,
            0.00016091379431852973,
            3.8064634013158793e-05,
            -0.0001941693488524722,
            6.14855748828913e-06,
            5.803925604785064e-07,
            -0.0011516182315781456,
            4.986981458500461e-05,
            2.3002507328886632e-07,
            2.112335401698029e-05,
            1.0627349988216392e-05,
            1.773597445060837e-05,
            5.442491366244168e-06,
            1.6789263614008787e-05,
            0.00010859341718704243,
            6.309499641789447e-05,
            8.328703483953537e-05,
            1.2380027997964393e-05,
            1.9568151386761823e-05,
            4.8998998732317084e-05,
            1.2693508720467914e-05,
            0.0002567919676698151,
            0.0006462657282409493,
            0.0005910229946131523,
            -0.0006011776787335152,
            0.0001424726472186305,
            0.00025758089974493165,
            3.063399991089927e-05,
            5.1460161012983896e-05,
            5.146e-05
        ],
        [
            0.0001,
            0.0001,
            0.0001,
            0.0001,
            0.0001,
            0.0001,
            0.0001,
            0.0001,
            0.0001,
            0.0001,
            0.0001,
            0.0006434496090089887,
            0.0001,
            0.0001,
            0.0001,
            0.0001,
            0.0001,
            0.0001,
            0.0001,
            0.0001,
            0.0001,
            0.0001,
            0.0001,
            0.0001,
            0.0001,
            0.0001,
            0.0001,
            0.0001,
            0.0001,
            0.0001,
            0.0001,
            0.0001,
            0.0001,
            0.0001,
            0.0010479212525451337,
            0.0001,
            0.0001,
            0.0001,
            0.0004541098191927079,
            0.0001,
            0.0001,
            0.0001,
            0.0001
        ],
        [
            24.148490256675373,
            23.92448897078701,
            23.699029282050216,
            23.474379837771096,
            23.24601987633197,
            23.01782445794554,
            22.7884025725745,
            22.557807636897703,
            22.324821177619516,
            22.090635827642984,
            21.855030701219285,
            21.61635127568796,
            21.375697291551614,
            21.132144975538353,
            20.88553154493941,
            20.636103709799077,
            20.383020207724712,
            20.125880264218395,
            19.864617098622375,
            19.598425573237012,
            19.32752675698902,
            19.050828759421872,
            18.76779824948989,
            18.47798558719087,
            18.18082834957221,
            17.874165840119637,
            17.55840505588558,
            17.231680497905224,
            16.893320237623282,
            16.540042664719977,
            16.17070718712004,
            15.781997794271097,
            15.370408630684308,
            14.930981995362698,
            14.456302203840957,
            13.937999318043728,
            13.357512500514483,
            12.689090415994336,
            11.879518729383223,
            0.001032695273752416,
            0.0001,
            0.0001,
            0.0001
        ]
    ],
    "bIsPerturbative": [
        true,
        true,
        true,
        true,
        true,
        true,
        true,
        true,
        true,
        true,
        true,
        true,
        true,
        true,
        true,
        true,
        true,
        true,
        true,
        true,
        true,
        true,
        true,
        true,
        true,
        true,
        true,
        true,
        true,
        true,
        true,
        true,
        true,
        true,
        true,
        true,
        true,
        true,
        true,
        true,
        true,
        true,
        true
    ],
    "failureReason": false
}