{
    "T": [
        90.0,
        91.0,
        92.0,
        93.0,
        94.0,
        95.0,
        96.0,
        97.0,
        98.0,
        99.0,
        100.0,
        101.0,
        102.0,
        103.0,
        104.0,
        105.0,
        106.0,
        107.0,
        108.0,
        109.0,
        110.0,
        111.0,
        112.0,
        113.0,
        114.0,
        115.0,
        116.0,
        117.0,
        118.0,
        119.0,
        120.0,
        121.0,
        122.0,
        123.0,
        124.0,
        125.0,
        126.0,
        127.0,
        128.0,
        129.0,
        130.0,
        131.0,
        132.0
    ],
    "vevDepthReal": [
        -658822.791675082,
        -635050.5077018498,
        -611693.0805139353,
        -588749.5951373909,
        -566219.7191583831,
        -544103.3595513626,
        -522400.98927771696,
        -501113.4827627387,
        -480242.1474474657,
        -459788.7130370068,
        -439755.34386170947,
        -420144.6366438221,
        -400959.63289397233,
        -382203.81699067936,
        -363881.1472888369,
        -345996.0481910077,
        -328553.45604826196,
        -311558.82561464095,
        -295018.15109165444,
        -278938.0256335059,
        -263325.67492148187,
        -248188.99287790037,
        -233536.6243379356,
        -219378.02934631845,
        -205723.5757311564,
        -192584.6554393752,
        -179973.81061791233,
        -167904.94255224103,
        -156393.47707083507,
        -145456.7011216241,
        -135114.12874204584,
        -125387.99006590061,
        -116303.96316240099,
        -107892.17681552691,
        -100188.73291890032,
        -93238.12858003995,
        -87097.35746761935,
        -81843.7600652249,
        -77592.48864540772,
        -74981.33990251413,
        -78789.92183644841,
        -82702.37949104953,
        -86719.0823810634
    ],
    "vevDepthImag": [
        0.0,
        0.0,
        0.0,
        0.0,
        0.0,
        0.0,
        0.0,
        0.0,
        0.0,
        0.0,
        0.0,
        0.0,
        0.0,
        0.0,
        0.0,
        0.0,
        0.0,
        0.0,
        0.0,
        0.0,
        0.0,
        0.0,
        0.0,
        0.0,
        0.0,
        0.0,
        0.0,
        0.0,
        0.0,
        0.0,
        0.0,
        0.0,
        0.0,
        0.0,
        0.0,
        0.0,
        0.0,
        0.0,
        0.0,
        0.0,
        0.0,
        0.0,
        0.0
    ],
    "vevLocation": [
        [
            -0.0005010934888968234,
            -8.830769864340282e-06,
            -0.000346701909317914,
            -0.0020951554668993955,
            -0.0005977141319772456,
            -0.00015036780033131445,
            -2.0171881684065418e-05,
            -0.0004679335958029107,
            0.000418757804610162,
            0.000595817089382104,
            0.0005695735477583702,
            9.590631395773631e-05,
            4.5299108263383014e-05,
            0.0005257682354032692,
            0.00016092799308710729,
            -0.0005356209629695553,
            0.0008481384372112238,
            6.148551865550744e-06,
            0.0002403628639956884,
            -0.0006082389556204548,
            4.986981270761748e-05,
            2.3006735716491963e-07,
            2.112335780461716e-05,
            1.0627405011304474e-05,
            -0.00041721880948529175,
            5.277389064414079e-06,
            0.0011858538749260458,
            0.0001085934170675833,
            6.309499899338139e-05,
            0.0008246479217293712,
            9.286670928976282e-06,
            1.956311108484987e-05,
            -1.1547958494589894e-06,
            1.268911754270601e-05,
            0.0005624262178303805,
            1.8158209470167663e-05,
            0.0005910501501163457,
            8.120640369086232e-05,
            -0.00010686294890021458,
            1.1462313231735966e-05,
            6.146646951649126e-05,
            6.147e-05,
            6.147e-05
        ],
        [
            0.0001,
            0.0001,
            0.00017258687186875576,
            0.0001,
            0.0001,
            0.0001,
            0.0001,
            0.0002617978584349436,
            0.0001,
            0.0001,
            0.0001,
            0.0006434357046559858,
            0.0001,
            0.0001,
            0.0001,
            0.0001,
            0.0001,
            0.0001,
            0.0001,
            0.0001,
            0.0001,
            0.0001,
            0.0001,
            0.0001,
            0.0001,
            0.0001,
            0.0001,
            0.0001,
            0.0001,
            0.0001,
            0.0001,
            0.0001,
            0.0001,
            0.0001,
            0.0001,
            0.0001,
            0.0001,
            0.0008467443413184663,
            0.0001,
            0.0001,
            0.0001,
            0.0001,
            0.0001
        ],
        [
            24.14848785310204,
            23.924488968848074,
            23.699024641168524,
            23.47437983777555,
            23.245964920764116,
            23.01782445795781,
            22.788402590930417,
            22.557735299183896,
            22.324857719498755,
            22.09083835025608,
            21.855030701214982,
            21.616351276726043,
            21.375387489606474,
            21.13192451420957,
            20.88553153568231,
            20.636770663408612,
            20.38336100742193,
            20.125880264221077,
            19.864604596663625,
            19.59830115547759,
            19.32752675698952,
            19.050828759829173,
            18.76779824948079,
            18.477985587094114,
            18.180535266945828,
            17.874166027522065,
            17.558670403473936,
            17.231680497913427,
            16.893320237624494,
            16.53988001326773,
            16.17077993394793,
            15.781997787072209,
            15.370425568502242,
            14.93098197076552,
            14.45764032156673,
            13.937911841677343,
            13.357512427849306,
            12.690240576136658,
            11.879022568918689,
            0.0001,
            0.0001,
            0.0001,
            0.0001
        ]
    ],
    "bIsPerturbative": [
        true,
        true,
        true,
        true,
        true,
        true,
        true,
        true,
        true,
        true,
        true,
        true,
        true,
        true,
        true,
        true,
        true,
        true,
        true,
        true,
        true,
        true,
        true,
        true,
        true,
        true,
        true,
        true,
        true,
        true,
        true,
        true,
        true,
        true,
        true,
        true,
        true,
        true,
        true,
        true,
        true,
        true,
        true
    ],
    "failureReason": false
}