{
    "T": [
        90.0,
        91.0,
        92.0,
        93.0,
        94.0,
        95.0,
        96.0,
        97.0,
        98.0,
        99.0,
        100.0,
        101.0,
        102.0,
        103.0,
        104.0,
        105.0,
        106.0,
        107.0,
        108.0,
        109.0,
        110.0,
        111.0,
        112.0,
        113.0,
        114.0,
        115.0,
        116.0,
        117.0,
        118.0,
        119.0,
        120.0,
        121.0,
        122.0,
        123.0,
        124.0,
        125.0,
        126.0,
        127.0,
        128.0,
        129.0,
        130.0,
        131.0,
        132.0
    ],
    "vevDepthReal": [
        -658693.2972174278,
        -634909.1810929258,
        -611541.1226700491,
        -588588.374903468,
        -566050.6654335705,
        -543927.6502255665,
        -522220.0798198213,
        -500929.01059631887,
        -480055.1581807991,
        -459600.70090639254,
        -439567.66876543406,
        -419958.45171983645,
        -400776.21671027876,
        -382024.2897894513,
        -363706.7510839285,
        -345827.70733443496,
        -328392.1481786823,
        -311405.32767369726,
        -294873.29928425804,
        -278802.46439768083,
        -263200.0632917504,
        -248073.78588169254,
        -233432.20531301468,
        -219284.6286533944,
        -205641.235160216,
        -192513.3751030463,
        -179913.64765733376,
        -167855.59108671488,
        -156354.63719443837,
        -145427.9731688851,
        -135094.81619408005,
        -125377.42958931939,
        -116301.43635323131,
        -107896.7525370944,
        -100199.40086792351,
        -93253.72952195111,
        -87116.72912016266,
        -81865.39561263472,
        -77614.7057839735,
        -74981.22396692172,
        -78789.70783425734,
        -82702.08995109145,
        -86718.7332128431
    ],
    "vevDepthImag": [
        0.0,
        0.0,
        0.0,
        0.0,
        0.0,
        0.0,
        0.0,
        0.0,
        0.0,
        0.0,
        0.0,
        0.0,
        0.0,
        0.0,
        0.0,
        0.0,
        0.0,
        0.0,
        0.0,
        0.0,
        0.0,
        0.0,
        0.0,
        0.0,
        0.0,
        0.0,
        0.0,
        0.0,
        0.0,
        0.0,
        0.0,
        0.0,
        0.0,
        0.0,
        0.0,
        0.0,
        0.0,
        0.0,
        0.0,
        0.0,
        0.0,
        0.0,
        0.0
    ],
    "vevLocation": [
        [
            0.0005212348016848042,
            7.961867866983566e-05,
            0.000561571212879669,
            -0.0006663433808770454,
            -0.001490897151238138,
            -0.0002158229201800685,
            -0.0003027817429421889,
            -0.0002359855953024681,
            0.0006958040746703625,
            4.089977158238528e-05,
            0.0011215313433161414,
            -0.00031434561679169427,
            -0.00039821137119916417,
            -0.0008365272448868505,
            -0.0003931309774680915,
            -0.0007760896015643684,
            0.0016793733043898784,
            0.00032069045067377455,
            0.002537382687779652,
            0.0025135939903415533,
            0.0020283142413337024,
            -0.0004970605492740365,
            -0.0005534775222780057,
            -0.0006748229595630352,
            0.0007151156877537534,
            0.002353885752551084,
            -0.000579365539916249,
            0.0014058087573830813,
            -0.00030561536922819876,
            0.0007013721904731429,
            0.00019258612256725202,
            -0.000648418026673387,
            0.0001861813066054551,
            8.123788170848992e-05,
            -8.169287893550203e-05,
            -0.0003770615702487351,
            0.0009716889602483479,
            -0.0030379249621263586,
            0.0008503253818938628,
            0.0007898593775229057,
            0.0008807327975943746,
            0.00088073,
            0.0005977224317377794
        ],
        [
            0.002148081949886974,
            0.0001,
            0.0001,
            0.00020707029150855572,
            0.0001,
            0.003716399741398105,
            0.0001,
            0.0001,
            0.0001,
            0.0001,
            0.0001,
            0.0011240562498098002,
            0.0001,
            0.0009338962257058786,
            0.0001,
            0.0001,
            0.0001,
            0.0036701320904224226,
            0.004170584343150078,
            0.0001,
            0.0001,
            0.0001,
            0.0001,
            0.0001,
            0.0001,
            0.003937342673827728,
            0.0001,
            0.0025888330942121897,
            0.0001,
            0.00046585855679839096,
            0.0001,
            0.0001,
            0.0001,
            0.0004130495709982483,
            0.0001,
            0.0001,
            0.0006074966066247768,
            0.0001,
            0.0001,
            0.0001,
            0.0001,
            0.0001,
            0.0015518847762678954
        ],
        [
            24.14647802407223,
            23.921995618280622,
            23.6957595322722,
            23.47243938684789,
            23.24522670676322,
            23.013907400890965,
            22.786469200254423,
            22.555268284839084,
            22.32166924845427,
            22.08869786647664,
            21.851093902239825,
            21.613760921138372,
            21.372238919121195,
            21.12814383911813,
            20.88312795024966,
            20.635994839249726,
            20.3800992707162,
            20.124395964090233,
            19.858471811962012,
            19.59653152888765,
            19.326519245656353,
            19.048795802698667,
            18.7669915730506,
            18.47644647660822,
            18.17784717018787,
            17.872944442557678,
            17.558363468552226,
            17.227505550830795,
            16.890680854316187,
            16.54135031119501,
            16.169279905474546,
            15.781105232509562,
            15.372021141885357,
            14.931122805785021,
            14.458265316542805,
            13.933951261449444,
            13.360550171430319,
            12.690711122758437,
            11.881631521857102,
            0.0001,
            0.0001,
            0.0001,
            0.0013907142898523918
        ]
    ],
    "bIsPerturbative": [
        true,
        true,
        true,
        true,
        true,
        true,
        true,
        true,
        true,
        true,
        true,
        true,
        true,
        true,
        true,
        true,
        true,
        true,
        true,
        true,
        true,
        true,
        true,
        true,
        true,
        true,
        true,
        true,
        true,
        true,
        true,
        true,
        true,
        true,
        true,
        true,
        true,
        true,
        true,
        true,
        true,
        true,
        true
    ],
    "failureReason": false
}