{
    "T": [
        90.0,
        91.0,
        92.0,
        93.0,
        94.0,
        95.0,
        96.0,
        97.0,
        98.0,
        99.0,
        100.0,
        101.0,
        102.0,
        103.0,
        104.0,
        105.0,
        106.0,
        107.0,
        108.0,
        109.0,
        110.0,
        111.0,
        112.0,
        113.0,
        114.0,
        115.0,
        116.0,
        117.0,
        118.0,
        119.0,
        120.0,
        121.0,
        122.0,
        123.0,
        124.0,
        125.0,
        126.0,
        127.0,
        128.0,
        129.0,
        130.0,
        131.0,
        132.0
    ],
    "vevDepthReal": [
        -658822.7915470034,
        -635050.507701849,
        -611693.0805103777,
        -588749.5951373884,
        -566219.719962122,
        -544103.359551362,
        -522400.98927766236,
        -501113.4828556556,
        -480242.14760345756,
        -459788.7130330083,
        -439755.3438617056,
        -420144.63664372335,
        -400959.63239204546,
        -382203.81699067436,
        -363881.1475451777,
        -345996.0515649136,
        -328553.4587775951,
        -311558.82561464084,
        -295018.1511634784,
        -278938.0240549077,
        -263325.6749214835,
        -248188.99287790107,
        -233536.62433793582,
        -219378.02934631857,
        -205723.57550449262,
        -192584.65543904295,
        -179973.8159446339,
        -167904.9425522422,
        -156393.47707083507,
        -145456.70243767824,
        -135114.12874609034,
        -125387.99006590084,
        -116303.96302286442,
        -107892.1768137787,
        -100188.73423580837,
        -93238.12754294602,
        -87097.35746773839,
        -81843.76234175614,
        -77592.4869502717,
        -74981.33989824678,
        -78789.92183558876,
        -82702.37949093772,
        -86719.0823809703
    ],
    "vevDepthImag": [
        0.0,
        0.0,
        0.0,
        0.0,
        0.0,
        0.0,
        0.0,
        0.0,
        0.0,
        0.0,
        0.0,
        0.0,
        0.0,
        0.0,
        0.0,
        0.0,
        0.0,
        0.0,
        0.0,
        0.0,
        0.0,
        0.0,
        0.0,
        0.0,
        0.0,
        0.0,
        0.0,
        0.0,
        0.0,
        0.0,
        0.0,
        0.0,
        0.0,
        0.0,
        0.0,
        0.0,
        0.0,
        0.0,
        0.0,
        0.0,
        0.0,
        0.0,
        0.0
    ],
    "vevLocation": [
        [
            -0.0005052548064383849,
            -8.830607670262669e-06,
            -0.00034732113698196856,
            -0.0020951554706443443,
            -0.00019981561942036818,
            -0.0001503678016106045,
            -2.0343171088968437e-05,
            -0.0004930120769291106,
            0.00034796697803093045,
            0.0005964886455416412,
            0.0005695742948572113,
            9.59222132667463e-05,
            -0.00037406320287952134,
            0.0005257690597001291,
            -6.957244990018346e-05,
            -1.3988999771565817e-05,
            0.0001379205969827043,
            6.14855181175003e-06,
            -1.6717514842029546e-05,
            -0.0006157178237564454,
            4.9869812725450435e-05,
            2.3004782159340847e-07,
            2.1123354158519847e-05,
            1.0627448508621767e-05,
            0.0001424449413050463,
            5.572831902618536e-06,
            0.0001050933767762427,
            0.0001085934177521182,
            6.309499729800296e-05,
            -0.00011064297195457345,
            5.0116246513853824e-08,
            1.9566151579400448e-05,
            4.2732365187566e-05,
            -3.0180922205857996e-06,
            -0.0003987265191982281,
            0.0005817998539279501,
            0.0005910313809198223,
            2.5285179332188313e-05,
            -0.0007817416487840949,
            0.00016259298854201867,
            3.076446160055202e-05,
            5.148089044215709e-05,
            5.148e-05
        ],
        [
            0.0001,
            0.0001,
            0.00017292247479921193,
            0.0001,
            0.0001,
            0.0001,
            0.0001,
            0.0001,
            0.0001,
            0.0001,
            0.0001,
            0.0006434499140333791,
            0.0001,
            0.0001,
            0.0001,
            0.0001,
            0.00013298488720513146,
            0.0001,
            0.0001,
            0.0001,
            0.0001,
            0.0001,
            0.0001,
            0.0001,
            0.0001,
            0.0001,
            0.0001,
            0.0001,
            0.0001,
            0.0001,
            0.0001,
            0.0001,
            0.0001,
            0.0001,
            0.0001,
            0.0001,
            0.0001,
            0.0001,
            0.0001,
            0.0001,
            0.0001,
            0.0001,
            0.0001
        ],
        [
            24.148472348907227,
            23.924488968588335,
            23.69902413417627,
            23.474379837762054,
            23.245483310137317,
            23.017824457955438,
            22.788402628352262,
            22.557829145376683,
            22.324821492976685,
            22.090838465689988,
            21.855030700922267,
            21.61635127566837,
            21.375697291545745,
            21.131924513539328,
            20.885743057901134,
            20.636121160532586,
            20.38235411142008,
            20.12588026422318,
            19.864385466770354,
            19.597916795142048,
            19.327526756993116,
            19.050828759627063,
            18.767798249477153,
            18.477985587011247,
            18.181011672063963,
            17.87416569211342,
            17.558367508934094,
            17.231680497900587,
            16.893320237623623,
            16.539390078723073,
            16.17077103478046,
            15.78199779142155,
            15.37014599741302,
            14.930970170834325,
            14.456926512473096,
            13.937628017300794,
            13.357512456034932,
            12.691092414868628,
            11.879864437597002,
            0.0001,
            0.0001,
            0.0001,
            0.0001
        ]
    ],
    "failureReason": false
}