{
    "T": [
        90.0,
        91.0,
        92.0,
        93.0,
        94.0,
        95.0,
        96.0,
        97.0,
        98.0,
        99.0,
        100.0,
        101.0,
        102.0,
        103.0,
        104.0,
        105.0,
        106.0,
        107.0,
        108.0,
        109.0,
        110.0,
        111.0,
        112.0,
        113.0,
        114.0,
        115.0,
        116.0,
        117.0,
        118.0,
        119.0,
        120.0,
        121.0,
        122.0,
        123.0,
        124.0,
        125.0,
        126.0,
        127.0,
        128.0,
        129.0,
        130.0,
        131.0,
        132.0
    ],
    "vevDepthReal": [
        -658822.7919160544,
        -635050.5077018512,
        -611693.0805004748,
        -588749.595137391,
        -566219.7191583833,
        -544103.3595513623,
        -522400.9892777653,
        -501113.482762738,
        -480242.14739175054,
        -459788.71303818026,
        -439755.3447629367,
        -420144.6366438052,
        -400959.6323920442,
        -382203.8185573385,
        -363881.14754839725,
        -345996.04668601975,
        -328553.4547352139,
        -311558.82561464066,
        -295018.13491211686,
        -278938.0245236133,
        -263325.6749214825,
        -248188.99287790075,
        -233536.62433793463,
        -219378.02934631682,
        -205723.57550449457,
        -192584.65543972977,
        -179973.81448035873,
        -167904.9428858438,
        -156393.47673222187,
        -145456.7011222199,
        -135114.12874031143,
        -125387.99006590048,
        -116303.96312744496,
        -107892.1766022124,
        -100188.734756698,
        -93238.12857999599,
        -87097.35746778986,
        -81843.74458071124,
        -77592.4846449118,
        -74981.33988361352,
        -78789.92183644617,
        -82702.37949104802,
        -86719.08238106262
    ],
    "vevDepthImag": [
        0.0,
        0.0,
        0.0,
        0.0,
        0.0,
        0.0,
        0.0,
        0.0,
        0.0,
        0.0,
        0.0,
        0.0,
        0.0,
        0.0,
        0.0,
        0.0,
        0.0,
        0.0,
        0.0,
        0.0,
        0.0,
        0.0,
        0.0,
        0.0,
        0.0,
        0.0,
        0.0,
        0.0,
        0.0,
        0.0,
        0.0,
        0.0,
        0.0,
        0.0,
        0.0,
        0.0,
        0.0,
        0.0,
        0.0,
        0.0,
        0.0,
        0.0,
        0.0
    ],
    "vevLocation": [
        [
            -0.0004926043063403678,
            -8.830296708367547e-06,
            -0.00034903709801229615,
            -0.002095155466116466,
            -0.0005977141344369569,
            -0.00015036779891812544,
            -2.0015555697996262e-05,
            -0.00046793366363734323,
            0.0004357525273315892,
            0.0005956101654865556,
            -0.00041257894231485834,
            9.590912190272482e-05,
            -0.0003740632217687813,
            -2.2930102121981877e-05,
            6.046809040562151e-05,
            0.0009556035066204949,
            -0.0006492108420144693,
            6.148550602047553e-06,
            0.0004523136510833914,
            2.703089385058116e-06,
            4.986981216652253e-05,
            2.3003091934601164e-07,
            2.1123354244992343e-05,
            1.0634221355311502e-05,
            0.00014244457971715474,
            4.964178233304514e-06,
            -0.0004072906189865888,
            2.5298875125420034e-05,
            0.0001531425184403735,
            0.0008245687984153038,
            1.2662381605146877e-05,
            1.9559171923880236e-05,
            -8.841636573643508e-05,
            -9.220087311748431e-05,
            8.73184550428778e-06,
            1.742634069487603e-05,
            0.0005910125746400596,
            0.0011637653024912653,
            -0.0011206487956248873,
            0.00023988660532907324,
            6.109733819515545e-05,
            6.11e-05,
            6.11e-05
        ],
        [
            0.0001,
            0.0001,
            0.0001738527928516224,
            0.0001,
            0.0001,
            0.0001,
            0.0001,
            0.00026179785040195217,
            0.0001,
            0.0001,
            0.0001,
            0.0006434382145925943,
            0.0001,
            0.0001,
            0.0001,
            0.0001,
            0.0001,
            0.0001,
            0.00024468868249729383,
            0.0007562945379428754,
            0.0001,
            0.0001,
            0.0001,
            0.0001,
            0.0001,
            0.0001,
            0.0001,
            0.0001,
            0.0001,
            0.0001,
            0.0001,
            0.0001,
            0.0001,
            0.0001,
            0.0001,
            0.0001,
            0.0001,
            0.00263139279724236,
            0.0001,
            0.0001,
            0.0001,
            0.0001,
            0.0001
        ],
        [
            24.14851767777173,
            23.92448896812008,
            23.69902272887804,
            23.474379837766506,
            23.24596492076058,
            23.017824457950745,
            22.788402556767497,
            22.557735299202,
            22.32486387537024,
            22.090838278719495,
            21.854872799604443,
            21.616351276547125,
            21.375697291512207,
            21.132143696635946,
            20.88579495679399,
            20.635760771734166,
            20.382017696189752,
            20.125880264227494,
            19.862600334833285,
            19.598205439740454,
            19.32752675699704,
            19.05082875946282,
            18.767798249480933,
            18.47798557981994,
            18.181011671851007,
            17.87416638618375,
            17.559206197349873,
            17.232192176684492,
            16.89351627914776,
            16.539880136729288,
            16.170783217333735,
            15.781997781442339,
            15.370403976057313,
            14.931314339145798,
            14.456773275771996,
            13.937911233580822,
            13.357512453287065,
            12.690482251144601,
            11.880485271254157,
            0.0001,
            0.0001,
            0.0001,
            0.0001
        ]
    ],
    "failureReason": false
}