{
    "T": [
        90.0,
        91.0,
        92.0,
        93.0,
        94.0,
        95.0,
        96.0,
        97.0,
        98.0,
        99.0,
        100.0,
        101.0,
        102.0,
        103.0,
        104.0,
        105.0,
        106.0,
        107.0,
        108.0,
        109.0,
        110.0,
        111.0,
        112.0,
        113.0,
        114.0,
        115.0,
        116.0,
        117.0,
        118.0,
        119.0,
        120.0,
        121.0,
        122.0,
        123.0,
        124.0,
        125.0,
        126.0,
        127.0,
        128.0,
        129.0,
        130.0,
        131.0,
        132.0
    ],
    "vevDepthReal": [
        -658748.107917223,
        -634967.1563124072,
        -611601.8156582249,
        -588651.2675073004,
        -566115.1061831582,
        -543993.3595591045,
        -522286.48186383373,
        -500995.36407721636,
        -480121.30058549205,
        -459666.02214723406,
        -439631.67398507404,
        -420020.84979121794,
        -400836.5498725802,
        -382082.22915370285,
        -363761.83645477286,
        -345879.73319244396,
        -328440.8140408591,
        -311450.48355684115,
        -294914.6847010213,
        -278839.9728930023,
        -263233.48663045,
        -248103.0634924213,
        -233457.3010990679,
        -219305.56959463994,
        -205658.17004672717,
        -192526.43283872877,
        -179922.81708681956,
        -167861.14701308007,
        -156356.77690876252,
        -145426.91983342334,
        -135091.00376441958,
        -125371.1892254923,
        -116293.07386151038,
        -107886.70567554492,
        -100188.11087643239,
        -93241.69381037715,
        -87104.3453694969,
        -81853.31263756717,
        -77603.21470464708,
        -74981.57872267795,
        -78790.08026567531,
        -82702.46423592848,
        -86719.10221940263
    ],
    "vevDepthImag": [
        0.0,
        0.0,
        0.0,
        0.0,
        0.0,
        0.0,
        0.0,
        0.0,
        0.0,
        0.0,
        0.0,
        0.0,
        0.0,
        0.0,
        0.0,
        0.0,
        0.0,
        0.0,
        0.0,
        0.0,
        0.0,
        0.0,
        0.0,
        0.0,
        0.0,
        0.0,
        0.0,
        0.0,
        0.0,
        0.0,
        0.0,
        0.0,
        0.0,
        0.0,
        0.0,
        0.0,
        0.0,
        0.0,
        0.0,
        0.0,
        0.0,
        0.0,
        0.0
    ],
    "vevLocation": [
        [
            0.002108750862822254,
            -3.416640873453447e-05,
            0.00011182139835482462,
            -1.2333552915282792e-05,
            4.003619252168633e-05,
            1.3420062071238385e-05,
            0.0005287723067951624,
            -0.00014866476820360464,
            0.00025988956469850943,
            -0.00021890319597295087,
            0.0009949540642391064,
            2.2853576455332016e-05,
            -5.1344548735317644e-05,
            0.001179730328231307,
            -8.105381401360932e-05,
            3.963595462044573e-05,
            -6.967388821134055e-05,
            -2.8036806423603622e-05,
            -0.0005815757236949351,
            8.729127176618223e-05,
            7.72094362231474e-06,
            -0.0007134313779326718,
            1.3038700458781194e-05,
            -0.00017081967200505144,
            0.001036803470636392,
            -0.0001840110185361947,
            -0.0002892213132447887,
            3.073551230409893e-05,
            0.00015366005963869556,
            2.689608836281142e-05,
            -3.5668153340094946e-05,
            -2.5300026307842344e-05,
            -8.725412809930291e-06,
            -0.00012121931057323954,
            4.617629998597463e-05,
            -2.113678631527607e-05,
            -0.0019268004773118092,
            2.4724702393678216e-05,
            -0.0036026702138343414,
            5.9809658036993896e-05,
            5.981e-05,
            5.981e-05,
            6.284208769648768e-05
        ],
        [
            0.0010895332713810493,
            0.0001,
            0.00015412155338506012,
            0.0001,
            0.0001,
            0.0001,
            0.0005192510394096515,
            0.0001,
            0.0001,
            0.0001,
            0.0001,
            0.0001,
            0.0001,
            0.0009249464276199173,
            0.0001,
            0.0001,
            0.0001,
            0.0001,
            0.0001,
            0.0001,
            0.0002293267193475895,
            0.0001,
            0.0001,
            0.0001,
            0.0001,
            0.0001,
            0.0001,
            0.0001,
            0.0001,
            0.0001,
            0.0001,
            0.0001,
            0.0001,
            0.0001,
            0.0001,
            0.0001,
            0.0001,
            0.0001,
            0.007855072239933453,
            0.0001,
            0.0001,
            0.0001,
            0.0001
        ],
        [
            24.148035515426944,
            23.923403953383154,
            23.698001194276237,
            23.471574208479936,
            23.244626057091036,
            23.016442728977374,
            22.786666769591342,
            22.556219008270222,
            22.323301197857084,
            22.089088947747708,
            21.853083634884456,
            21.614692473168862,
            21.373860988125422,
            21.13051974323199,
            20.883618167408805,
            20.634300875087202,
            20.381303965856915,
            20.123910117006247,
            19.863904573123644,
            19.596693251948604,
            19.325675296636128,
            19.050215280655458,
            18.76605829020979,
            18.476402469377458,
            18.178587486767338,
            17.872882773829133,
            17.55610821010682,
            17.230716086059896,
            16.89230006202716,
            16.53900116385726,
            16.169716040122076,
            15.78116526533238,
            15.369717137408431,
            14.929596638135369,
            14.455705401091441,
            13.937789817284637,
            13.359696387842769,
            12.691843521637718,
            11.893700048277427,
            0.0001,
            0.0001,
            0.0001,
            0.0001
        ]
    ],
    "bIsPerturbative": [
        true,
        true,
        true,
        true,
        true,
        true,
        true,
        true,
        true,
        true,
        true,
        true,
        true,
        true,
        true,
        true,
        true,
        true,
        true,
        true,
        true,
        true,
        true,
        true,
        true,
        true,
        true,
        true,
        true,
        true,
        true,
        true,
        true,
        true,
        true,
        true,
        true,
        true,
        true,
        true,
        true,
        true,
        true
    ],
    "failureReason": false
}