{
    "bmNumber": 0,
    "failureReason": false,
    "T": [
        90.0,
        91.0,
        92.0,
        93.0,
        94.0,
        95.0,
        96.0,
        97.0,
        98.0,
        99.0,
        100.0,
        101.0,
        102.0,
        103.0,
        104.0,
        105.0,
        106.0,
        107.0,
        108.0,
        109.0,
        110.0,
        111.0,
        112.0,
        113.0,
        114.0,
        115.0,
        116.0,
        117.0,
        118.0,
        119.0,
        120.0,
        121.0,
        122.0,
        123.0,
        124.0,
        125.0,
        126.0,
        127.0,
        128.0,
        129.0,
        130.0,
        131.0,
        132.0
    ],
    "vevDepthReal": [
        -657398.9720965096,
        -633645.4673195134,
        -610306.6127952335,
        -587381.5359499655,
        -564869.8589561769,
        -542771.5927837051,
        -521087.21862306923,
        -499817.6422330523,
        -478964.19333414524,
        -458528.63724073535,
        -438513.1869856706,
        -418920.44999513717,
        -399753.50794358307,
        -381015.88620471605,
        -362711.5780367899,
        -344845.05109720444,
        -327421.27788686706,
        -310445.7549720033,
        -293924.5329152673,
        -277864.2512427827,
        -262272.19110428717,
        -247156.30607284512,
        -232525.30651890242,
        -218388.724906035,
        -204757.01130088826,
        -191641.646348277,
        -179055.28330654197,
        -167011.927835561,
        -155527.15936114953,
        -144618.43043846544,
        -134305.44713637233,
        -124610.69296775071,
        -115560.16086413653,
        -107184.39147377154,
        -99520.04233455984,
        -92612.398519309,
        -86519.70021530183,
        -81321.35509252723,
        -77136.73196835758,
        -75079.08194204718,
        -78889.98244925929,
        -82804.72478087287,
        -86823.68063665106
    ],
    "vevDepthImag": [
        0.0,
        0.0,
        0.0,
        0.0,
        0.0,
        0.0,
        0.0,
        0.0,
        0.0,
        0.0,
        0.0,
        0.0,
        0.0,
        0.0,
        0.0,
        0.0,
        0.0,
        0.0,
        0.0,
        0.0,
        0.0,
        0.0,
        0.0,
        0.0,
        0.0,
        0.0,
        0.0,
        0.0,
        0.0,
        0.0,
        0.0,
        0.0,
        0.0,
        0.0,
        0.0,
        0.0,
        0.0,
        0.0,
        0.0,
        0.0,
        0.0,
        0.0,
        0.0
    ],
    "vevLocation": [
        [
            -6.075842008479784e-05,
            0.00017066953760707954,
            -0.00018270005855150484,
            -1.1145460016562768e-05,
            7.007947565475887e-05,
            9.68927070700426e-05,
            -7.556539910425712e-05,
            6.939586749553535e-06,
            0.0007693118651595566,
            0.0013188095355640209,
            -0.0002590812757184025,
            -9.017287689655137e-06,
            6.497410563475342e-05,
            -0.00016278791292867467,
            -1.0060057623217933e-05,
            1.2084336656925524e-05,
            -8.562679036689877e-05,
            2.407416991045963e-05,
            1.9312276225175173e-05,
            -0.0002018403934276481,
            -8.077048804955647e-05,
            -9.735582507136575e-05,
            2.0470906313057452e-05,
            -0.00013046139502598253,
            -0.00020603190619711276,
            0.00021312646826035508,
            -0.00035468546206628994,
            1.605266898821109e-05,
            -0.00028827571139097147,
            -3.304450236053802e-05,
            7.609674467934894e-05,
            0.0007024652425861692,
            -0.0007168586732614747,
            0.0006697527209382705,
            -0.00025241444518339954,
            0.0007400138181518003,
            -1.4241682377708065e-06,
            0.0008819963288208537,
            -0.0027540194680906113,
            0.00010970994453476934,
            4.678441788113965e-05,
            6.402781038616912e-05,
            6.268288243145136e-05
        ],
        [
            0.0001,
            0.0001,
            0.0001,
            0.0001,
            0.0001,
            0.0001,
            0.0001,
            0.0001,
            0.00032976148680533257,
            0.0001,
            0.0001,
            0.0001,
            0.0001,
            0.0001,
            0.0001,
            0.0001,
            0.0001,
            0.0001,
            0.0002267718540906249,
            0.0001,
            0.00011677312854279353,
            0.0001,
            0.0001,
            0.0001,
            0.0001,
            0.0001,
            0.0001,
            0.0001,
            0.0001,
            0.0001,
            0.0001,
            0.0001,
            0.00026362120210573966,
            0.0001,
            0.0001,
            0.0001,
            0.0001,
            0.0001,
            0.0001,
            0.0001,
            0.0001,
            0.0001,
            0.0001
        ],
        [
            24.146573949770726,
            23.922441504698913,
            23.696270651726678,
            23.47126879854619,
            23.242866740294623,
            23.014335782836444,
            22.78519202192536,
            22.553869225195516,
            22.321331392754654,
            22.086554986569173,
            21.850300429079414,
            21.61175329750764,
            21.37050871522189,
            21.12642031889741,
            20.880134534005755,
            20.630172690169093,
            20.37670461819517,
            20.11921508984853,
            19.857474728365634,
            19.59031501711643,
            19.319690177494675,
            19.042111117591787,
            18.758879191776256,
            18.46792086769886,
            18.16980977791295,
            17.863096006008895,
            17.54643265083832,
            17.21889554767785,
            16.878845736980114,
            16.524628537216692,
            16.153763292320637,
            15.763930276131479,
            15.348986257730605,
            14.908020341667392,
            14.430748574690188,
            13.906302256771088,
            13.322706763264497,
            12.648162369516994,
            11.819837227217418,
            0.0001,
            0.0001,
            0.0001,
            0.0001
        ]
    ],
    "violatedHardScale": [
        false,
        false,
        false,
        false,
        false,
        false,
        false,
        false,
        false,
        false,
        false,
        false,
        false,
        false,
        false,
        false,
        false,
        false,
        false,
        false,
        false,
        false,
        false,
        false,
        false,
        false,
        false,
        false,
        false,
        false,
        false,
        false,
        false,
        false,
        false,
        false,
        false,
        false,
        false,
        false,
        false,
        false,
        false
    ]
}