{
    "T": [
        90.0,
        91.0,
        92.0,
        93.0,
        94.0,
        95.0,
        96.0,
        97.0,
        98.0,
        99.0,
        100.0,
        101.0,
        102.0,
        103.0,
        104.0,
        105.0,
        106.0,
        107.0,
        108.0,
        109.0,
        110.0,
        111.0,
        112.0,
        113.0,
        114.0,
        115.0,
        116.0,
        117.0,
        118.0,
        119.0,
        120.0,
        121.0,
        122.0,
        123.0,
        124.0,
        125.0,
        126.0,
        127.0,
        128.0,
        129.0,
        130.0,
        131.0,
        132.0,
        133.0,
        134.0,
        135.0,
        136.0,
        137.0,
        138.0,
        139.0,
        140.0,
        141.0,
        142.0,
        143.0,
        144.0,
        145.0,
        146.0,
        147.0,
        148.0,
        149.0,
        150.0,
        151.0,
        152.0,
        153.0,
        154.0,
        155.0
    ],
    "vevDepthReal": [
        -809576.9657285658,
        -788431.7093587436,
        -767667.4540477719,
        -747280.3362522346,
        -727267.3571500583,
        -707625.1035608234,
        -688350.6361620801,
        -669441.5612072689,
        -650895.2986064629,
        -632709.8216224122,
        -614883.1901349296,
        -597413.5247489315,
        -580299.4982985414,
        -563539.4683137267,
        -547132.51466886,
        -531077.4325782338,
        -515373.5211751161,
        -500019.9733037139,
        -485016.2759834641,
        -470362.0576797486,
        -456056.96763929195,
        -442101.0418261303,
        -428494.1264665811,
        -415236.50916492817,
        -402328.3413582176,
        -389770.14280381845,
        -377562.2753803124,
        -365705.4600643228,
        -354200.46296489995,
        -343048.0888922287,
        -332249.3864187972,
        -321805.4002041259,
        -311717.36734779115,
        -301986.6186757759,
        -292614.6696191468,
        -283602.9822762046,
        -274953.32150664856,
        -266667.514502298,
        -258747.49231525935,
        -251195.3655500337,
        -244013.3381185102,
        -237203.81896355955,
        -230769.33010174974,
        -224712.5832338481,
        -219036.46339006536,
        -213744.0563858559,
        -208838.68377002905,
        -204323.83720206312,
        -200203.38231198132,
        -196481.39114688835,
        -193162.37331702124,
        -190251.1632476654,
        -187753.15157212576,
        -185674.30697184114,
        -184021.35635531694,
        -182802.03118940938,
        -182025.3468584724,
        -181702.31958464754,
        -181846.86893022322,
        -182478.08379260817,
        -183626.0126284526,
        -185360.31629650175,
        -187710.89193291636,
        -190124.630240576,
        -192589.94121276308,
        -195106.1755113446
    ],
    "vevDepthImag": [
        0.0,
        0.0,
        0.0,
        0.0,
        0.0,
        0.0,
        0.0,
        0.0,
        0.0,
        0.0,
        0.0,
        0.0,
        0.0,
        0.0,
        0.0,
        0.0,
        0.0,
        0.0,
        0.0,
        0.0,
        0.0,
        0.0,
        0.0,
        0.0,
        0.0,
        0.0,
        0.0,
        0.0,
        0.0,
        0.0,
        0.0,
        0.0,
        0.0,
        0.0,
        0.0,
        0.0,
        0.0,
        0.0,
        0.0,
        0.0,
        0.0,
        0.0,
        0.0,
        0.0,
        0.0,
        0.0,
        0.0,
        0.0,
        0.0,
        0.0,
        0.0,
        0.0,
        0.0,
        0.0,
        0.0,
        0.0,
        0.0,
        0.0,
        0.0,
        0.0,
        0.0,
        0.0,
        0.0,
        0.0,
        0.0,
        0.0
    ],
    "vevLocation": [
        [
            -5.655265114190566e-05,
            -0.00010746126475492945,
            0.0016668451093471148,
            -0.0011018975358115767,
            0.003918662448610595,
            0.0011616612031572562,
            0.00052036128422366,
            -0.0003903289224504447,
            -0.004478652953718035,
            0.0010576366568151585,
            -0.0010502409800211925,
            -0.00103246245791783,
            0.000533086030502603,
            -0.0005672813978259833,
            0.0018518960632952775,
            -0.0002691772392181685,
            0.0001250484783050169,
            9.637677185815916e-06,
            0.0011015952427497217,
            0.000123601040345922,
            0.00010547282105734593,
            0.00026580418905561634,
            0.0005245180025886843,
            -0.0020537629303262715,
            -0.0006176459434208414,
            0.0002889414887241638,
            -4.874308252441218e-05,
            -3.910622694458521e-05,
            -7.257493942169901e-05,
            0.0007771949575731997,
            4.759583368936504e-06,
            -6.158361049227388e-05,
            -0.0002523746007522809,
            -0.0010223263509844475,
            0.0003449784860947158,
            0.0020931013217422023,
            0.00026341621581168345,
            0.0004346196369575117,
            0.001003672913960231,
            6.902003728097121e-05,
            -0.0002524487840120139,
            0.0007505588994951642,
            5.0528269633626503e-05,
            -0.00016282016750260309,
            -0.0001358307736075929,
            0.00014506750467711133,
            -0.00023054735233160747,
            -0.00040504492464375763,
            5.638896072062555e-06,
            -0.0013893061778121017,
            1.556913488627576e-05,
            -0.00033615227806790783,
            -0.0005146859109924212,
            -0.00037744131894082433,
            0.0002947123158669185,
            8.516046769704508e-05,
            0.0008765511749694657,
            -0.00046684598215356856,
            -0.0001387010144177775,
            0.0003388660752604508,
            3.919868880765051e-05,
            -0.00029520444966206743,
            0.00015572468055213493,
            5.403526966187553e-07,
            1.3945089488282422e-06,
            1.39e-06
        ],
        [
            0.0001,
            0.0001,
            0.0001,
            0.0036648285403364116,
            0.0001,
            0.0001,
            0.0001,
            0.00027725235372822306,
            0.0001,
            0.0001,
            0.0009268842121185226,
            0.0003330711007491342,
            0.00011227513995219589,
            0.0008844808304998841,
            0.0001,
            0.0001,
            0.0001,
            0.0017934346761332,
            0.0001,
            0.0001,
            0.0001,
            0.0001,
            0.001351618890348913,
            0.0001,
            0.0001,
            0.0001,
            0.0001,
            0.0001,
            0.0001,
            0.0001,
            0.0001,
            0.0001,
            0.0001,
            0.0001,
            0.000643664850956782,
            0.0001,
            0.0008899879750052604,
            0.0001,
            0.0001,
            0.0001,
            0.0013970830562366895,
            0.0001,
            0.0001,
            0.0001,
            0.0001,
            0.0001,
            0.0001,
            0.0001,
            0.00026635579856612715,
            0.0001,
            0.0001,
            0.0001,
            0.0001,
            0.0001,
            0.0001,
            0.0001,
            0.0001,
            0.0012963424957005982,
            0.0001,
            0.00013450129331193938,
            0.0001,
            0.000491821582950937,
            0.0001,
            0.0001,
            0.0001,
            0.0001
        ],
        [
            23.81224298601121,
            23.588599059617724,
            23.362198805820622,
            23.138651170647737,
            22.91237534463807,
            22.689091260153027,
            22.46253581643046,
            22.237935057874893,
