{
    "T": [
        90.0,
        91.0,
        92.0,
        93.0,
        94.0,
        95.0,
        96.0,
        97.0,
        98.0,
        99.0,
        100.0,
        101.0,
        102.0,
        103.0,
        104.0,
        105.0,
        106.0,
        107.0,
        108.0,
        109.0,
        110.0,
        111.0,
        112.0,
        113.0,
        114.0,
        115.0,
        116.0,
        117.0,
        118.0,
        119.0,
        120.0,
        121.0,
        122.0,
        123.0,
        124.0,
        125.0,
        126.0,
        127.0,
        128.0,
        129.0,
        130.0,
        131.0,
        132.0,
        133.0,
        134.0,
        135.0,
        136.0,
        137.0,
        138.0,
        139.0,
        140.0,
        141.0,
        142.0,
        143.0,
        144.0,
        145.0,
        146.0,
        147.0,
        148.0,
        149.0,
        150.0,
        151.0,
        152.0,
        153.0,
        154.0,
        155.0
    ],
    "vevDepthReal": [
        -809437.3716009487,
        -788323.2914456637,
        -767589.3907618298,
        -747231.8092766154,
        -727246.9985975514,
        -707631.702855703,
        -688382.9438378094,
        -669498.0081017595,
        -650974.4323642123,
        -632809.9915132353,
        -615002.695026608,
        -597550.7546819072,
        -580452.6028319248,
        -563706.8601437747,
        -547312.3404696453,
        -531268.0372977493,
        -515573.1173409718,
        -500226.9139110222,
        -485228.92005427775,
        -470578.78312814643,
        -456276.299102017,
        -442321.4078722863,
        -428714.18837485916,
        -415454.854776836,
        -402543.75240447634,
        -389981.3569940468,
        -377768.2663689537,
        -365905.20344694075,
        -354393.0118405484,
        -343232.65506350517,
        -332425.2138804785,
        -321971.88287314447,
        -311873.99321016064,
        -302132.96404942765,
        -292750.35213071253,
        -283727.8331557028,
        -275067.197813737,
        -266770.3684427476,
        -258839.39089682305,
        -251276.4407484366,
        -244083.85314992897,
        -237264.07604643767,
        -230819.73249031,
        -224753.60664758956,
        -219068.64606221596,
        -213768.02435820358,
        -208855.0775464683,
        -204333.40642277186,
        -200206.8636420117,
        -196479.60026871873,
        -193156.1124800378,
        -190241.29732081512,
        -187740.54165267327,
        -185659.8208570925,
        -184005.86371458386,
        -182786.37536114943,
        -182010.39111471613,
        -181688.8479895697,
        -181835.6882806723,
        -182469.97612135723,
        -183621.83808025805,
        -185361.71165173186,
        -187714.64701711497,
        -190128.7599515948,
        -192594.39750869104,
        -195110.89462624997
    ],
    "vevDepthImag": [
        0.0,
        0.0,
        0.0,
        0.0,
        0.0,
        0.0,
        0.0,
        0.0,
        0.0,
        0.0,
        0.0,
        0.0,
        0.0,
        0.0,
        0.0,
        0.0,
        0.0,
        0.0,
        0.0,
        0.0,
        0.0,
        0.0,
        0.0,
        0.0,
        0.0,
        0.0,
        0.0,
        0.0,
        0.0,
        0.0,
        0.0,
        0.0,
        0.0,
        0.0,
        0.0,
        0.0,
        0.0,
        0.0,
        0.0,
        0.0,
        0.0,
        0.0,
        0.0,
        0.0,
        0.0,
        0.0,
        0.0,
        0.0,
        0.0,
        0.0,
        0.0,
        0.0,
        0.0,
        0.0,
        0.0,
        0.0,
        0.0,
        0.0,
        0.0,
        0.0,
        0.0,
        0.0,
        0.0,
        0.0,
        0.0,
        0.0
    ],
    "vevLocation": [
        [
            0.0004091235977888297,
            -0.00043224380636947,
            1.1984741411329939e-05,
            -0.00014790679769237215,
            0.00018184280625379787,
            7.652623024462235e-06,
            -4.780689052269471e-07,
            -1.0235468298550043e-06,
            -8.508240529846167e-05,
            0.0009326880138769487,
            -1.5190597531768851e-05,
            -1.6576201361931386e-05,
            -3.947901585789337e-06,
            4.228344058747335e-05,
            2.8662384827915774e-05,
            4.335842260217576e-06,
            -0.00012720683999673608,
            -3.7488347390954996e-05,
            1.7963640521062585e-05,
            2.6074453414667853e-06,
            4.1904336202006065e-05,
            1.730942463668006e-06,
            1.8603290563579122e-06,
            -0.0001621283440635668,
            0.00039361753615987927,
            -7.627777877589059e-05,
            1.519696920769184e-05,
            5.217504641527593e-05,
            -0.00014349169191864384,
            1.2401445699805613e-06,
            5.3513069890285224e-05,
            -0.0003336507524701951,
            -8.227363371049456e-05,
            -0.0001695298737007106,
            -0.0005245292745659075,
            6.731671666206779e-05,
            0.00043237925524398056,
            -1.991047592118933e-05,
            -1.4243531991846997e-05,
            -0.0008850934744074109,
            -1.5375671442168122e-06,
            -0.0002581129441059926,
            -0.0002837795391783769,
            -3.911190123895292e-05,
            0.0008976486173559867,
            -2.8791429480167863e-05,
            0.0002667964643957958,
            0.0001008784541055574,
            -5.7897766017785124e-05,
            -9.193854478663829e-05,
            -2.761090365011043e-06,
            0.0004395005176763417,
            8.651651569449581e-06,
            8.627057646843489e-05,
            1.2241662723882357e-05,
            4.367817286559956e-06,
            -2.9941878119558313e-05,
            0.0009993477556515667,
            -1.1653773148153496e-05,
            0.0001871891371943036,
            -2.678672582301627e-05,
            -0.00021298950305291033,
            1.839569210345532e-05,
            1.84e-05,
            2.452955834841841e-07,
            2.5e-07
        ],
        [
            0.0005983695240664081,
            0.00032649862648483075,
            0.0001,
            0.0001,
            0.0001,
            0.0001,
            0.0001,
            0.0001,
            0.0001,
            0.0001,
            0.0001,
            0.0001,
            0.0001,
            0.0001,
            0.00010421174308269101,
            0.0001,
            0.0001,
            0.0001,
            0.0001,
            0.0001,
            0.0001,
            0.0001,
            0.0001,
            0.0001,
            0.0001,
            0.0001,
            0.0001,
            0.0001,
            0.0001,
            0.0001,
            0.00022973402069439636,
            0.0001,
            0.0001,
            0.0001,
            0.00010263405410530938,
            0.0001,
            0.0001,
            0.0001,
            0.0001,
            0.0001,
            0.0001,
            0.0001,
            0.0001,
            0.0001,
            0.0001,
            0.0001,
            0.0001,
            0.0001,
            0.0001,
            0.00018870558376499202,
            0.0001,
            0.0001,
            0.0001,
            0.0001,
            0.0001,
            0.0001,
            0.0001,
            0.0012946473930585288,
            0.0001,
            0.0004599161727646243,
            0.0001,
            0.0001,
            0.00012731850881407056,
            0.00010683,
            0.0001,
            0.0001
        ],
        [
            23.810638249618915,
            23.585880841168212,
            23.361607472151697,
            23.137227662720576,
            22.912817485964418,
            22.68849365804234,
            22.4637757084088,
            22.239091265768774,
            22.013566335976815,
            21.788518477743594,
