{
    "T": [
        90.0,
        91.0,
        92.0,
        93.0,
        94.0,
        95.0,
        96.0,
        97.0,
        98.0,
        99.0,
        100.0,
        101.0,
        102.0,
        103.0,
        104.0,
        105.0,
        106.0,
        107.0,
        108.0,
        109.0,
        110.0,
        111.0,
        112.0,
        113.0,
        114.0,
        115.0,
        116.0,
        117.0,
        118.0,
        119.0,
        120.0,
        121.0,
        122.0,
        123.0,
        124.0,
        125.0,
        126.0,
        127.0,
        128.0,
        129.0,
        130.0,
        131.0,
        132.0,
        133.0,
        134.0,
        135.0,
        136.0,
        137.0,
        138.0,
        139.0,
        140.0,
        141.0,
        142.0,
        143.0,
        144.0,
        145.0,
        146.0,
        147.0,
        148.0,
        149.0,
        150.0,
        151.0,
        152.0,
        153.0,
        154.0,
        155.0
    ],
    "vevDepthReal": [
        -809437.3726398111,
        -788323.2922536095,
        -767589.390761828,
        -747231.8092766157,
        -727246.9974203,
        -707631.7028557026,
        -688382.9438378185,
        -669498.00810176,
        -650974.4323642125,
        -632809.9915132353,
        -615002.6950266076,
        -597550.7546819057,
        -580452.6028314289,
        -563706.859580259,
        -547312.3401420214,
        -531268.0372977487,
        -515573.11738624336,
        -500226.91391102184,
        -485228.92005427723,
        -470578.7831238439,
        -456276.29910257005,
        -442321.40787228546,
        -428714.1883748482,
        -415454.85477683565,
        -402543.7524044753,
        -389981.35703579645,
        -377768.26636895334,
        -365905.20344694005,
        -354393.0118405439,
        -343232.6550635039,
        -332425.21387789637,
        -321971.8828728378,
        -311873.9932101576,
        -302132.96404942696,
        -292750.352131022,
        -283727.83315565955,
        -275067.19845124613,
        -266770.3684427472,
        -258839.3908968292,
        -251276.44074975836,
        -244083.8531499288,
        -237264.07604643726,
        -230819.73351963807,
        -224753.6066260732,
        -219068.64606221078,
        -213768.02435820326,
        -208855.0775464633,
        -204333.40642277154,
        -200206.86364201136,
        -196479.6002686239,
        -193156.1123823257,
        -190241.29657915593,
        -187740.54165239722,
        -185659.82080405066,
        -184005.8637148919,
        -182786.37546724,
        -182010.38768067796,
        -181688.8480362596,
        -181835.68827067898,
        -182469.97616720732,
        -183621.83808025628,
        -185361.71165174127,
        -187714.64701711514,
        -190128.75995159478,
        -192594.39750869104,
        -195110.8946262499
    ],
    "vevDepthImag": [
        0.0,
        0.0,
        0.0,
        0.0,
        0.0,
        0.0,
        0.0,
        0.0,
        0.0,
        0.0,
        0.0,
        0.0,
        0.0,
        0.0,
        0.0,
        0.0,
        0.0,
        0.0,
        0.0,
        0.0,
        0.0,
        0.0,
        0.0,
        0.0,
        0.0,
        0.0,
        0.0,
        0.0,
        0.0,
        0.0,
        0.0,
        0.0,
        0.0,
        0.0,
        0.0,
        0.0,
        0.0,
        0.0,
        0.0,
        0.0,
        0.0,
        0.0,
        0.0,
        0.0,
        0.0,
        0.0,
        0.0,
        0.0,
        0.0,
        0.0,
        0.0,
        0.0,
        0.0,
        0.0,
        0.0,
        0.0,
        0.0,
        0.0,
        0.0,
        0.0,
        0.0,
        0.0,
        0.0,
        0.0,
        0.0,
        0.0
    ],
    "vevLocation": [
        [
            9.303546874725455e-05,
            0.00015812383023041873,
            1.1990914318515782e-05,
            -0.00014790695139003216,
            0.0006666945868414875,
            7.652626320103773e-06,
            -4.776049460763349e-07,
            -1.0235328362293017e-06,
            -8.508244558222411e-05,
            0.0009326880138469664,
            -1.5190585907244591e-05,
            -1.6576197843870544e-05,
            -6.341383936297887e-06,
            4.582946703741986e-05,
            0.00033758942100411645,
            4.335843620561705e-06,
            -3.6304993879798797e-06,
            -3.748834805093401e-05,
            1.7963641349399984e-05,
            5.3634488307169326e-06,
            4.160522255323984e-05,
            1.7309432497059074e-06,
            1.901942796422862e-06,
            -0.00016212834498047224,
            0.00039361753767197527,
            4.183581245534307e-05,
            1.5194606919788356e-05,
            5.2175042369692615e-05,
            -0.00014349389557917567,
            1.2191464009991826e-06,
            5.414587229042047e-05,
            -0.00033378150585126193,
            -8.227628055645919e-05,
            -0.00016952986706510534,
            -0.0005245048259216595,
            6.734894946897746e-05,
            -7.549197009310005e-05,
            -1.991047524330103e-05,
            -1.4237416263176983e-05,
            -0.0008850056695732904,
            -1.5348426189031213e-06,
            -0.0002581129455259401,
            3.504698374543619e-06,
            8.298065018147449e-06,
            0.0008976488599113323,
            -2.8791429825808263e-05,
            0.0002667991834857837,
            0.00010087845514808458,
            -5.789776605584149e-05,
            -9.194509010094446e-05,
            -0.0001616442265145639,
            3.487658279813233e-05,
            9.482478741773548e-06,
            2.369418441627337e-05,
            1.2020581400617493e-05,
            -6.1503090908812674e-06,
            0.00017988415809158664,
            0.0002777810535459519,
            -1.457648361466446e-05,
            0.00014119446162631083,
            -2.6786401876112247e-05,
            -0.0002129858661146216,
            1.8395598192472162e-05,
            1.84e-05,
            2.450703269485377e-07,
            2.5e-07
        ],
        [
            0.0001,
            0.0001,
            0.0001,
            0.0001,
            0.0001,
            0.0001,
            0.0001,
            0.0001,
            0.0001,
            0.0001,
            0.0001,
            0.0001,
            0.0001,
            0.00045418940294762825,
            0.0001,
            0.0001,
            0.0001,
            0.0001,
            0.0001,
            0.0001,
            0.0001,
            0.0001,
            0.0001,
            0.0001,
            0.0001,
            0.0001,
            0.0001,
            0.0001,
            0.0001,
            0.0001,
            0.00023131547901396253,
            0.0001,
            0.0001,
            0.0001,
            0.000102535921773123,
            0.0001,
            0.0001,
            0.0001,
            0.0001,
            0.0001,
            0.0001,
            0.0001,
            0.0001,
            0.0001,
            0.0001,
            0.0001,
            0.0001,
            0.0001,
            0.0001,
            0.00018874992160826908,
            0.0001,
            0.0001,
            0.0001,
            0.0001,
            0.0001,
            0.0001,
            0.0001,
            0.0001,
            0.0001,
            0.00046241182732350037,
            0.0001,
            0.0001,
            0.00012731852473654346,
            0.00010683,
            0.0001,
            0.0001
        ],
        [
            23.810416801606554,
            23.58597774619023,
            23.361607462787564,
            23.137227662555492,
            22.912740341959392,
            22.688493658044845,
            22.4637757179591,
            22.239091265766305,
            22.013566335976677,
            21.788518477743594,
            21.562332771050922,
            21.335135483561988,
