{
    "T": [
        90.0,
        91.0,
        92.0,
        93.0,
        94.0,
        95.0,
        96.0,
        97.0,
        98.0,
        99.0,
        100.0,
        101.0,
        102.0,
        103.0,
        104.0,
        105.0,
        106.0,
        107.0,
        108.0,
        109.0,
        110.0,
        111.0,
        112.0,
        113.0,
        114.0,
        115.0,
        116.0,
        117.0,
        118.0,
        119.0,
        120.0,
        121.0,
        122.0,
        123.0,
        124.0,
        125.0,
        126.0,
        127.0,
        128.0,
        129.0,
        130.0,
        131.0,
        132.0,
        133.0,
        134.0,
        135.0,
        136.0,
        137.0,
        138.0,
        139.0,
        140.0,
        141.0,
        142.0,
        143.0,
        144.0,
        145.0,
        146.0,
        147.0,
        148.0,
        149.0,
        150.0,
        151.0,
        152.0,
        153.0,
        154.0,
        155.0
    ],
    "vevDepthReal": [
        -809437.369368212,
        -788323.2914456625,
        -767589.3907618353,
        -747231.809276616,
        -727246.9987206947,
        -707631.7028557033,
        -688382.9438378098,
        -669498.0081017602,
        -650974.4324197014,
        -632809.9915582543,
        -615002.6950266086,
        -597550.7546819064,
        -580452.6004534506,
        -563706.8601253985,
        -547312.340468239,
        -531268.0372977497,
        -515573.11734097183,
        -500226.91391102277,
        -485228.9200542778,
        -470578.78312112717,
        -456276.299102315,
        -442321.40787228587,
        -428714.18837485084,
        -415454.8547768358,
        -402543.7524044766,
        -389981.35699404497,
        -377768.26636895374,
        -365905.20344694087,
        -354393.0118405459,
        -343232.6550635046,
        -332425.2138789341,
        -321971.88718337344,
        -311873.9932101576,
        -302132.96404942765,
        -292750.29320401663,
        -283727.8331558409,
        -275067.19781367434,
        -266770.3684427478,
        -258839.3908968296,
        -251276.44610543843,
        -244083.85314992926,
        -237264.07629335244,
        -230819.73314622667,
        -224753.60653097852,
        -219068.6460622161,
        -213768.02447795236,
        -208855.077546462,
        -204333.40642277172,
        -200206.86364201177,
        -196479.60026870534,
        -193156.11247691012,
        -190241.29531400985,
        -187740.54165223605,
        -185659.8207871886,
        -184005.8637139494,
        -182786.37536113622,
        -182010.39111426042,
        -181688.84802949778,
        -181835.68829104878,
        -182469.97491405893,
        -183621.84049209626,
        -185361.71165172683,
        -187714.64701711526,
        -190128.75995159487,
        -192594.39750869092,
        -195110.89462624994
    ],
    "vevDepthImag": [
        0.0,
        0.0,
        0.0,
        0.0,
        0.0,
        0.0,
        0.0,
        0.0,
        0.0,
        0.0,
        0.0,
        0.0,
        0.0,
        0.0,
        0.0,
        0.0,
        0.0,
        0.0,
        0.0,
        0.0,
        0.0,
        0.0,
        0.0,
        0.0,
        0.0,
        0.0,
        0.0,
        0.0,
        0.0,
        0.0,
        0.0,
        0.0,
        0.0,
        0.0,
        0.0,
        0.0,
        0.0,
        0.0,
        0.0,
        0.0,
        0.0,
        0.0,
        0.0,
        0.0,
        0.0,
        0.0,
        0.0,
        0.0,
        0.0,
        0.0,
        0.0,
        0.0,
        0.0,
        0.0,
        0.0,
        0.0,
        0.0,
        0.0,
        0.0,
        0.0,
        0.0,
        0.0,
        0.0,
        0.0,
        0.0,
        0.0
    ],
    "vevLocation": [
        [
            -0.0011619594729187777,
            -0.0004322439935130623,
            1.196385043693033e-05,
            -0.00014790645269639952,
            3.3775957344217566e-05,
            7.652625654719358e-06,
            -4.780506991149819e-07,
            -1.0234034343928333e-06,
            -3.436802324258137e-05,
            0.0009227071539791333,
            -1.5190585108890153e-05,
            -1.6576200857619516e-05,
            0.00015200622281111992,
            -8.064773392324476e-05,
            1.5221034725122228e-05,
            4.3358438513042136e-06,
            -0.00012720683999123416,
            -3.7488346678365286e-05,
            1.7963637312878866e-05,
            -1.1081875072108116e-05,
            4.174380655334875e-05,
            1.7309446804780748e-06,
            1.893907328395783e-06,
            -0.00016212834338957816,
            0.0003936175382849086,
            -7.627607935653535e-05,
            1.5194838798162497e-05,
            5.217506751098444e-05,
            -0.0001434931020109758,
            1.211440497417282e-06,
            5.3892335808969e-05,
            -0.00046550887299727506,
            -8.227725344489567e-05,
            -0.00016952987115877519,
            -0.0007732378671420764,
            6.721169738507088e-05,
            0.00043240141072458695,
            -1.9910476012130474e-05,
            -1.4237561603831425e-05,
            5.261876438440033e-05,
            -1.5370976429859504e-06,
            -4.637187280071703e-06,
            0.0003302699636914266,
            0.00020336440109336744,
            0.0008976486069871871,
            1.9321504017288937e-06,
            0.00026680006193663224,
            0.00010087841682233922,
            -5.789776580340453e-05,
            -9.193950991276921e-05,
            2.5083315822196917e-05,
            0.0009239171874357646,
            9.951945883768243e-06,
            0.0001664714102005728,
            1.2642203717316662e-05,
            4.362330079252935e-06,
            -3.269670850082791e-05,
            0.00027784728325562155,
            -8.557608091771564e-06,
            -0.0007201495147977494,
            0.00022746314967479406,
            -0.00021299144536310365,
            1.8395566105042227e-05,
            1.84e-05,
            2.4545352875215976e-07,
            2.5e-07
        ],
        [
            0.0001,
            0.000326498772474293,
            0.0001,
            0.0001,
            0.0001,
            0.0001,
            0.0001,
            0.0001,
            0.0001,
            0.0001,
            0.0001,
            0.0001,
            0.0009272474316376079,
            0.0001,
            0.0001088899155434806,
            0.0001,
            0.0001,
            0.0001,
            0.0001,
            0.0001,
            0.0001,
            0.0001,
            0.0001,
            0.0001,
            0.0001,
            0.0001,
            0.0001,
            0.0001,
            0.0001,
            0.0001,
            0.00023068183480383296,
            0.0001,
            0.0001,
            0.0001,
            0.004342871827022555,
            0.0001,
            0.0001,
            0.0001,
            0.0001,
            0.0001,
            0.0001,
            0.0001,
            0.0001,
            0.0001,
            0.0001,
            0.0001,
            0.0001,
            0.0001,
            0.0001,
            0.00018871193150537396,
            0.0001,
            0.0001,
            0.0001,
            0.0001,
            0.0001,
            0.0001,
            0.0001,
            0.0001,
            0.0001,
            0.0001,
            0.0001,
            0.0001,
            0.00012731852824175455,
            0.00010683,
            0.0001,
            0.0001
        ],
        [
            23.81055315960908,
            23.58588084107728,
            23.36160750381084,
            23.137227663046612,
            22.912882914484985,
            22.688493658045243,
            22.463775708752657,
            22.239091265752684,
            22.01358024847627,
            21.78852088202035,
            21.562332771051206,
