{
    "T": [
        90.0,
        91.0,
        92.0,
        93.0,
        94.0,
        95.0,
        96.0,
        97.0,
        98.0,
        99.0,
        100.0,
        101.0,
        102.0,
        103.0,
        104.0,
        105.0,
        106.0,
        107.0,
        108.0,
        109.0,
        110.0,
        111.0,
        112.0,
        113.0,
        114.0,
        115.0,
        116.0,
        117.0,
        118.0,
        119.0,
        120.0,
        121.0,
        122.0,
        123.0,
        124.0,
        125.0,
        126.0,
        127.0,
        128.0,
        129.0,
        130.0,
        131.0,
        132.0,
        133.0,
        134.0,
        135.0,
        136.0,
        137.0,
        138.0,
        139.0,
        140.0,
        141.0,
        142.0,
        143.0,
        144.0,
        145.0,
        146.0,
        147.0,
        148.0,
        149.0,
        150.0,
        151.0,
        152.0,
        153.0,
        154.0,
        155.0
    ],
    "vevDepthReal": [
        -809437.3728629085,
        -788323.2914456634,
        -767589.3907618384,
        -747231.8092766167,
        -727246.9968476347,
        -707631.702855703,
        -688382.9438378139,
        -669498.00810176,
        -650974.432364213,
        -632809.9915132353,
        -615002.6950266085,
        -597550.7546819062,
        -580452.6028242698,
        -563706.8601456283,
        -547312.3404737648,
        -531268.0372977497,
        -515573.11734097195,
        -500226.91391102277,
        -485228.9200542777,
        -470578.7831280434,
        -456276.2991018144,
        -442321.40787228587,
        -428714.18837484927,
        -415454.854776836,
        -402543.7530894327,
        -389981.3570744535,
        -377768.2663689535,
        -365905.20344694087,
        -354393.011840546,
        -343232.65506350447,
        -332425.2138809745,
        -321971.887938577,
        -311873.99321014946,
        -302132.96404942754,
        -292750.3519252561,
        -283727.83315585414,
        -275067.19781369827,
        -266770.36844274786,
        -258839.3908968254,
        -251276.44088546585,
        -244083.8531499296,
        -237264.07604643767,
        -230819.73231814243,
        -224753.60666574782,
        -219068.64606221463,
        -213768.02435820372,
        -208855.07754646684,
        -204333.4064227717,
        -200206.86364201177,
        -196479.60026862047,
        -193156.11238494577,
        -190241.2953865737,
        -187740.5416524276,
        -185659.820798582,
        -184005.86371589365,
        -182786.37536114542,
        -182010.39111420326,
        -181688.8480261778,
        -181835.68828433356,
        -182469.97609870168,
        -183621.83808025814,
        -185361.71165173518,
        -187714.64704198195,
        -190128.7599581304,
        -192594.39750869642,
        -195110.89462625518
    ],
    "vevDepthImag": [
        0.0,
        0.0,
        0.0,
        0.0,
        0.0,
        0.0,
        0.0,
        0.0,
        0.0,
        0.0,
        0.0,
        0.0,
        0.0,
        0.0,
        0.0,
        0.0,
        0.0,
        0.0,
        0.0,
        0.0,
        0.0,
        0.0,
        0.0,
        0.0,
        0.0,
        0.0,
        0.0,
        0.0,
        0.0,
        0.0,
        0.0,
        0.0,
        0.0,
        0.0,
        0.0,
        0.0,
        0.0,
        0.0,
        0.0,
        0.0,
        0.0,
        0.0,
        0.0,
        0.0,
        0.0,
        0.0,
        0.0,
        0.0,
        0.0,
        0.0,
        0.0,
        0.0,
        0.0,
        0.0,
        0.0,
        0.0,
        0.0,
        0.0,
        0.0,
        0.0,
        0.0,
        0.0,
        0.0,
        0.0,
        0.0,
        0.0
    ],
    "vevLocation": [
        [
            0.00013343791098547036,
            -0.00043224379885320463,
            1.1951493956854214e-05,
            -0.00014790626155734968,
            0.0001711139789376745,
            7.652628222082347e-06,
            -4.778435815540327e-07,
            -1.0234247838220023e-06,
            -8.508246915900353e-05,
            0.0009326880138061946,
            -1.519065876734449e-05,
            -1.6576197759972378e-05,
            -1.061662388307516e-06,
            3.2729281635453245e-05,
            -1.6058754818339127e-05,
            4.33584286688507e-06,
            -0.0001272068399825084,
            -3.7488346818135426e-05,
            1.796363096362441e-05,
            6.3180231064907904e-06,
            4.201295965473861e-05,
            1.7309418112454455e-06,
            1.9003336951262106e-06,
            -0.00016212834337814286,
            -3.192266027254864e-06,
            7.789120379642786e-05,
            1.5194862112780094e-05,
            5.217505187656013e-05,
            -0.00014349309569009708,
            1.2021725703248443e-06,
            5.339100614286168e-05,
            1.0523428289617442e-05,
            -8.228689012224066e-05,
            -0.00016952986837421094,
            0.0006529732687037214,
            6.720159300195594e-05,
            0.000432393001804361,
            -1.991047636315524e-05,
            -1.4241343462274153e-05,
            -0.0011000863684507908,
            -1.5311986041053119e-06,
            -0.00025811294259375783,
            -0.0005832260045390281,
            2.4543781087064953e-06,
            0.0008976486849776788,
            -2.8791429969579055e-05,
            0.0002667976698528182,
            0.00010087845010348095,
            -5.789776589044775e-05,
            -9.194536281142973e-05,
            -0.0001462491417320369,
            0.0009124852469514291,
            9.392716693690933e-06,
            -8.769036542051467e-05,
            -7.481231641806585e-06,
            4.366140781373977e-06,
            -3.300715773545994e-05,
            0.0002778796924891424,
            -1.0567776895287206e-05,
            0.00020840892949123245,
            -2.678675766078567e-05,
            -0.00021298819247895845,
            1.4494070184850431e-06,
            1.4356610683394752e-06,
            1.44e-06,
            1.44e-06
        ],
        [
            0.0001,
            0.00032649862297702244,
            0.0001,
            0.0001,
            0.0001,
            0.0001,
            0.0001,
            0.0001,
            0.0001,
            0.0001,
            0.0001,
            0.0001,
            0.0001,
            0.0001,
            0.0001,
            0.0001,
            0.0001,
            0.0001,
            0.0001,
            0.0001,
            0.0001,
            0.0001,
            0.0001,
            0.0001,
            0.0001,
            0.0001,
            0.0001,
            0.0001,
            0.0001,
            0.0001,
            0.00022942904747932994,
            0.0001,
            0.0001,
            0.0001,
            0.0001,
            0.0001,
            0.0001,
            0.0001,
            0.0001,
            0.0001,
            0.0001,
            0.0001,
            0.0001,
            0.0001,
            0.0001,
            0.0001,
            0.0001,
            0.0001,
            0.0001,
            0.00018875158613886403,
            0.0001,
            0.0001,
            0.0001,
            0.0001,
            0.0001,
            0.0001,
            0.0001,
            0.0001,
            0.0001,
            0.00045843174445450735,
            0.0001,
            0.0001,
            0.0001,
            0.0001,
            0.0001,
            0.0001
        ],
        [
            23.81064683365715,
            23.585880841173033,
            23.361607522521787,
            23.137227663206833,
            22.91230488257112,
            22.68849365804255,
            22.463775713089188,
            22.239091265753228,
            22.013566335990163,
            21.78851847774338,
            21.562332770996147,
            21.335135483562997,
            21.10840546290414,
