{
    "T": [
        90.0,
        91.0,
        92.0,
        93.0,
        94.0,
        95.0,
        96.0,
        97.0,
        98.0,
        99.0,
        100.0,
        101.0,
        102.0,
        103.0,
        104.0,
        105.0,
        106.0,
        107.0,
        108.0,
        109.0,
        110.0,
        111.0,
        112.0,
        113.0,
        114.0,
        115.0,
        116.0,
        117.0,
        118.0,
        119.0,
        120.0,
        121.0,
        122.0,
        123.0,
        124.0,
        125.0,
        126.0,
        127.0,
        128.0,
        129.0,
        130.0,
        131.0,
        132.0,
        133.0,
        134.0,
        135.0,
        136.0,
        137.0,
        138.0,
        139.0,
        140.0,
        141.0,
        142.0,
        143.0,
        144.0,
        145.0,
        146.0,
        147.0,
        148.0,
        149.0,
        150.0,
        151.0,
        152.0,
        153.0,
        154.0,
        155.0
    ],
    "vevDepthReal": [
        -809576.9177057091,
        -788431.6658307731,
        -767667.3935227997,
        -747280.4147814307,
        -727267.3328345648,
        -707625.0209412462,
        -688350.611381019,
        -669441.492266777,
        -650895.2753614553,
        -632709.8016597618,
        -614883.1341677753,
        -597413.5223591558,
        -580299.406440648,
        -563539.4667880111,
        -547132.4753875546,
        -531077.4189119805,
        -515373.4796261587,
        -500019.92788057,
        -485016.23039191775,
        -470361.9894920994,
        -456056.9492972212,
        -442100.9868936418,
        -428494.1151205952,
        -415236.4757876043,
        -402328.3389738796,
        -389770.09333079355,
        -377562.25296103035,
        -365705.4500486769,
        -354200.4347092894,
        -343048.07711731334,
        -332249.3571892752,
        -321805.3795436139,
        -311717.34212854074,
        -301986.6277504724,
        -292614.64057308715,
        -283602.9750184044,
        -274953.3143128011,
        -266667.5096951728,
        -258747.49208071694,
        -251195.3541660141,
        -244013.3355938038,
        -237203.81032829703,
        -230769.32041941647,
        -224712.572304228,
        -219036.45359271846,
        -213744.05137392576,
        -208838.66666065005,
        -204323.83564652034,
        -200203.38064531444,
        -196481.40262510974,
        -193162.37122241003,
        -190251.1619973077,
        -187753.15054115932,
        -185674.30247396138,
        -184021.35567099386,
        -182802.02101906855,
        -182025.352698621,
        -181702.32043047473,
        -181846.86448638642,
        -182478.07712934917,
        -183626.01318652093,
        -185360.31171080805,
        -187710.88564833623,
        -190124.62531429704,
        -192589.9361268587,
        -195106.16665259926
    ],
    "vevDepthImag": [
        0.0,
        0.0,
        0.0,
        0.0,
        0.0,
        0.0,
        0.0,
        0.0,
        0.0,
        0.0,
        0.0,
        0.0,
        0.0,
        0.0,
        0.0,
        0.0,
        0.0,
        0.0,
        0.0,
        0.0,
        0.0,
        0.0,
        0.0,
        0.0,
        0.0,
        0.0,
        0.0,
        0.0,
        0.0,
        0.0,
        0.0,
        0.0,
        0.0,
        0.0,
        0.0,
        0.0,
        0.0,
        0.0,
        0.0,
        0.0,
        0.0,
        0.0,
        0.0,
        0.0,
        0.0,
        0.0,
        0.0,
        0.0,
        0.0,
        0.0,
        0.0,
        0.0,
        0.0,
        0.0,
        0.0,
        0.0,
        0.0,
        0.0,
        0.0,
        0.0,
        0.0,
        0.0,
        0.0,
        0.0,
        0.0,
        0.0
    ],
    "vevLocation": [
        [
            0.0018726687346745257,
            -0.0004291878087137359,
            4.18478298612468e-05,
            -0.00014665101456873747,
            0.00015957752328181474,
            -1.6081863950356823e-05,
            -0.00017771014133276456,
            8.602417282038699e-06,
            0.00020878450306541734,
            -0.0009560049336434341,
            -2.908617608970987e-05,
            9.206315607943744e-06,
            0.00023805604066298724,
            0.00017245889053202693,
            2.8330785599055692e-05,
            0.001978769618684477,
            -0.00011543898329083096,
            -0.00019086460229283606,
            -0.0004845190275176159,
            -0.0001850070673035109,
            0.00017843116801221498,
            0.00010886688263556099,
            -2.6642563551126236e-05,
            0.00034419231377844084,
            6.665877396882028e-06,
            -7.294947037912775e-05,
            2.5733619374041644e-06,
            -9.601648150099618e-05,
            -0.0006019806422854074,
            -2.192087301400303e-06,
            0.00029394905965091534,
            3.2965398222718073e-07,
            0.002150637052810156,
            3.6069921478674083e-06,
            0.0004548307082451967,
            9.530777378274381e-05,
            0.0005242673462102099,
            0.0005296114599746948,
            7.32682004981125e-06,
            0.0005481655738909536,
            -3.50478278391686e-05,
            -6.829533774053986e-05,
            6.212702904112577e-05,
            0.00012886082600060966,
            -5.02043718298914e-06,
            8.463586839773524e-05,
            2.4800538654834448e-05,
            -0.00042524034545736444,
            5.394477271259551e-06,
            4.8955948157959964e-05,
            -5.641048481688782e-05,
            -0.00022422944946130135,
            3.899865638085087e-05,
            -0.0006376763858633172,
            -3.8790839741432125e-05,
            0.00014860220926692438,
            -8.610241294937371e-05,
            0.0004248649595841054,
            -0.0002442892840065127,
            3.140116687740113e-05,
            -4.890094370366138e-06,
            1.726287890150592e-06,
            -4.550131697686477e-05,
            1.4192092707914183e-06,
            1.42e-06,
            1.42e-06
        ],
        [
            0.002346658985832601,
            0.0013652361557554503,
            0.0001,
            0.0001,
            0.0001,
            0.0001,
            0.0001,
            0.0001,
            0.0001,
            0.0001,
            0.0001,
            0.0001,
            0.0022978939160797794,
            0.0001,
            0.00010864565100617949,
            0.0001,
            0.0001,
            0.0001,
            0.0001,
            0.0001,
            0.0001,
            0.0001,
            0.0001,
            0.0001,
            0.0001,
            0.0001,
            0.0001,
            0.0001,
            0.0001,
            0.0001,
            0.0001,
            0.0001,
            0.0001,
            0.0001,
            0.0001,
            0.0001,
            0.0005947027174643814,
            0.0001,
            0.0001,
            0.0001,
            0.0001,
            0.0001,
            0.0001,
            0.0001,
            0.0001,
            0.0001,
            0.0001,
            0.0001,
            0.0001,
            0.0001,
            0.0001,
            0.0001,
            0.0001,
            0.0001,
            0.0001,
            0.0001,
            0.0001,
            0.0001,
            0.0001,
            0.0001,
            0.0001,
            0.0001,
            0.0001,
            0.0001,
            0.0001,
            0.0001
        ],
        [
            23.812689034833053,
            23.587235694825665,
            23.362625720757155,
            23.137811177855443,
            22.91307844574752,
            22.688347499363193,
            22.46275263528243,
            22.238178470463247,
            22.012661831801857,
            21.787078047712424,
            21.560365292786795,
            21.333464289825713,
            21.105963666403106,
