{
    "T": [
        90.0,
        91.0,
        92.0,
        93.0,
        94.0,
        95.0,
        96.0,
        97.0,
        98.0,
        99.0,
        100.0,
        101.0,
        102.0,
        103.0,
        104.0,
        105.0,
        106.0,
        107.0,
        108.0,
        109.0,
        110.0,
        111.0,
        112.0,
        113.0,
        114.0,
        115.0,
        116.0,
        117.0,
        118.0,
        119.0,
        120.0,
        121.0,
        122.0,
        123.0,
        124.0,
        125.0,
        126.0,
        127.0,
        128.0,
        129.0,
        130.0,
        131.0,
        132.0,
        133.0,
        134.0,
        135.0,
        136.0,
        137.0,
        138.0,
        139.0,
        140.0,
        141.0,
        142.0,
        143.0,
        144.0,
        145.0,
        146.0,
        147.0,
        148.0,
        149.0,
        150.0,
        151.0,
        152.0,
        153.0,
        154.0,
        155.0
    ],
    "vevDepthReal": [
        -809437.7437572458,
        -788324.0716156347,
        -767590.5773027583,
        -747233.4084131916,
        -727248.9887554764,
        -707634.0758478653,
        -688385.6815452764,
        -669501.0974055296,
        -650977.853813506,
        -632813.724394093,
        -615006.7187600072,
        -597555.0478058616,
        -580457.1406145873,
        -563711.6195340571,
        -547317.297144033,
        -531273.166479046,
        -515578.39412146923,
        -500232.31322376,
        -485234.4170521251,
        -470584.3528824508,
        -456281.9175810381,
        -442327.05168440985,
        -428719.8329992929,
        -415460.47987023625,
        -402549.3344865541,
        -389986.8771051323,
        -377773.70379672543,
        -365910.53965126316,
        -354398.22953041235,
        -343237.7359689673,
        -332430.14650009293,
        -321976.6567947235,
        -311878.5860620191,
        -302137.36979863176,
        -292754.5623985767,
        -283731.83746407233,
        -275070.9913804588,
        -266773.94457198895,
        -258842.74531546084,
        -251279.549858366,
        -244086.76115427585,
        -237266.760828315,
        -230822.19531349267,
        -224755.85095322662,
        -219070.67459752882,
        -213769.84551117275,
        -208856.69741762936,
        -204334.83205920793,
        -200208.10415492987,
        -196480.66661245946,
        -193157.0144964834,
        -190242.0468599273,
        -187741.15189361118,
        -185660.3054486866,
        -184006.2359707214,
        -182786.64348542385,
        -182010.56257938594,
        -181688.9802800201,
        -181835.75683713634,
        -182470.00906406433,
        -183621.85209923823,
        -185361.7195732331,
        -187714.66300324633,
        -190128.7840908743,
        -192594.43037583603,
        -195110.93666559647
    ],
    "vevDepthImag": [
        0.0,
        0.0,
        0.0,
        0.0,
        0.0,
        0.0,
        0.0,
        0.0,
        0.0,
        0.0,
        0.0,
        0.0,
        0.0,
        0.0,
        0.0,
        0.0,
        0.0,
        0.0,
        0.0,
        0.0,
        0.0,
        0.0,
        0.0,
        0.0,
        0.0,
        0.0,
        0.0,
        0.0,
        0.0,
        0.0,
        0.0,
        0.0,
        0.0,
        0.0,
        0.0,
        0.0,
        0.0,
        0.0,
        0.0,
        0.0,
        0.0,
        0.0,
        0.0,
        0.0,
        0.0,
        0.0,
        0.0,
        0.0,
        0.0,
        0.0,
        0.0,
        0.0,
        0.0,
        0.0,
        0.0,
        0.0,
        0.0,
        0.0,
        0.0,
        0.0,
        0.0,
        0.0,
        0.0,
        0.0,
        0.0,
        0.0
    ],
    "vevLocation": [
        [
            0.0002795150778978298,
            -0.0011794507555979439,
            -0.0019347971740101555,
            9.179510046518867e-05,
            -0.0005672004292866619,
            -9.166704353084226e-06,
            -0.0001692298010027673,
            -1.7184259975475125e-06,
            -4.155778081092222e-06,
            0.0009175150958562569,
            -1.7834950063772004e-05,
            0.00033119876005052035,
            -4.110670783979368e-05,
            -4.63074164552147e-05,
            1.5433001497608033e-05,
            -7.73825179277432e-06,
            -3.808523296384945e-05,
            -3.630102912280386e-05,
            1.914472253128352e-05,
            7.016910114202024e-05,
            0.00026921125618632746,
            3.342056105092028e-05,
            0.00011978794962819173,
            -0.00016205087659756923,
            -0.00021440283787725611,
            2.23980866602691e-05,
            4.100787233280237e-06,
            5.618507106725304e-05,
            4.242373413754219e-05,
            -0.0003669281268516762,
            2.6662384578581434e-05,
            -1.863068054449614e-05,
            4.8225440453554536e-06,
            -0.0001689057623299045,
            3.3240142752570534e-06,
            8.96509177651314e-05,
            1.5422468936411582e-06,
            1.0124850875870006e-05,
            0.00042539093354036425,
            -0.0030181431587383845,
            -9.030108059518427e-05,
            -0.00031467167320267664,
            -0.0005914202837769,
            2.909181145298312e-05,
            -0.00111142348895368,
            9.005178129439101e-05,
            2.9222998349813165e-06,
            1.5736355529552548e-06,
            0.00027114814674635,
            5.104905500590527e-05,
            0.00016662378996429306,
            5.997795450553289e-05,
            0.000376633893275787,
            -1.8638711030600358e-05,
            -1.1158266034404403e-05,
            -0.0004660298730184212,
            -0.001960841668130261,
            2.3699955297419584e-05,
            -0.0006574519297409334,
            0.0003983645451740153,
            6.774671213971226e-05,
            -4.425465530220017e-06,
            2.6461763321244947e-06,
            1.4360813204850294e-06,
            1.4281909266438143e-06,
            1.43e-06
        ],
        [
            0.0006402573656968075,
            0.0011813200079395663,
            0.0001,
            0.0001,
            0.0001,
            0.0001,
            0.0001,
            0.0001,
            0.0001,
            0.0001,
            0.0001,
            0.0001,
            0.0001,
            0.0001,
            0.00010897910053791327,
            0.0001,
            0.0001,
            0.0001,
            0.0001,
            0.0001,
            0.0001,
            0.0001,
            0.0001,
            0.0001,
            0.0001,
            0.0001,
            0.0001,
            0.0001,
            0.0001,
            0.0001,
            0.0001,
            0.0001,
            0.0001,
            0.0001,
            0.0001,
            0.0001,
            0.0001,
            0.0001,
            0.0001,
            0.0001,
            0.0002523628362432178,
            0.0001,
            0.0001,
            0.0001,
            0.0001,
            0.0001,
            0.0001,
            0.0001,
            0.00010888012948785523,
            0.0001,
            0.0001,
            0.0001,
            0.0001,
            0.0001,
            0.0001,
            0.0008967531936126417,
            0.0001,
            0.0001,
            0.0001,
            0.0001,
            0.0001,
            0.0001,
            0.0001,
            0.0001,
            0.0001,
            0.0001
        ],
        [
            23.81016874044575,
            23.58595921205359,
            23.361712469810005,
            23.137290367159107,
            22.912430312859964,
            22.688526821885787,
            22.46332624412656,
            22.23913452390989,
            22.013910198490827,
            21.7886173772771,
            21.562304490590346,
            21.33572213864178,
