{
    "T": [
        90.0,
        91.0,
        92.0,
        93.0,
        94.0,
        95.0,
        96.0,
        97.0,
        98.0,
        99.0,
        100.0,
        101.0,
        102.0,
        103.0,
        104.0,
        105.0,
        106.0,
        107.0,
        108.0,
        109.0,
        110.0,
        111.0,
        112.0,
        113.0,
        114.0,
        115.0,
        116.0,
        117.0,
        118.0,
        119.0,
        120.0,
        121.0,
        122.0,
        123.0,
        124.0,
        125.0,
        126.0,
        127.0,
        128.0,
        129.0,
        130.0,
        131.0,
        132.0,
        133.0,
        134.0,
        135.0,
        136.0,
        137.0,
        138.0,
        139.0,
        140.0,
        141.0,
        142.0,
        143.0,
        144.0,
        145.0,
        146.0,
        147.0,
        148.0,
        149.0,
        150.0,
        151.0,
        152.0,
        153.0,
        154.0,
        155.0
    ],
    "vevDepthReal": [
        -809437.3728264053,
        -788323.2914456638,
        -767589.3907618253,
        -747231.8092766153,
        -727246.9987272085,
        -707631.7028557027,
        -688382.9438378183,
        -669498.0081017595,
        -650974.4324985658,
        -632809.991370882,
        -615002.6950266082,
        -597550.7546819071,
        -580452.6028313255,
        -563706.8601318204,
        -547312.3404682598,
        -531268.0372977493,
        -515573.1173409719,
        -500226.9139110221,
        -485228.92005427764,
        -470578.783121315,
        -456276.29910210933,
        -442321.4078722862,
        -428714.18837486574,
        -415454.8547768361,
        -402543.7524044764,
        -389981.356994042,
        -377768.26636895357,
        -365905.20344694075,
        -354393.0118405483,
        -343232.655063503,
        -332425.2138809577,
        -321971.88783975126,
        -311873.99321014725,
        -302132.96404942754,
        -292750.35141396243,
        -283727.8331558412,
        -275067.19781366445,
        -266770.3684427476,
        -258839.3908968244,
        -251276.4407484355,
        -244083.85314992967,
        -237264.07604643772,
        -230819.73231814272,
        -224753.60650482803,
        -219068.6538384112,
        -213768.02447795225,
        -208855.0775464632,
        -204333.4064227718,
        -200206.86364201177,
        -196479.60066270112,
        -193156.11247683014,
        -190241.29754616256,
        -187740.54165268724,
        -185659.8203092493,
        -184005.86371458374,
        -182786.37536115877,
        -182010.39111457334,
        -181688.84802661464,
        -181835.68829069714,
        -182469.97491405898,
        -183621.8380802563,
        -185361.7116517308,
        -187714.64701711514,
        -190128.7599515948,
        -192594.39750869095,
        -195110.89462624997
    ],
    "vevDepthImag": [
        0.0,
        0.0,
        0.0,
        0.0,
        0.0,
        0.0,
        0.0,
        0.0,
        0.0,
        0.0,
        0.0,
        0.0,
        0.0,
        0.0,
        0.0,
        0.0,
        0.0,
        0.0,
        0.0,
        0.0,
        0.0,
        0.0,
        0.0,
        0.0,
        0.0,
        0.0,
        0.0,
        0.0,
        0.0,
        0.0,
        0.0,
        0.0,
        0.0,
        0.0,
        0.0,
        0.0,
        0.0,
        0.0,
        0.0,
        0.0,
        0.0,
        0.0,
        0.0,
        0.0,
        0.0,
        0.0,
        0.0,
        0.0,
        0.0,
        0.0,
        0.0,
        0.0,
        0.0,
        0.0,
        0.0,
        0.0,
        0.0,
        0.0,
        0.0,
        0.0,
        0.0,
        0.0,
        0.0,
        0.0,
        0.0,
        0.0
    ],
    "vevLocation": [
        [
            6.363795858708998e-05,
            -0.00043224376372087703,
            1.2000513553580595e-05,
            -0.00014790710746127723,
            -1.6401187968397013e-05,
            7.652632174282026e-06,
            -4.776112223839335e-07,
            -1.0235326351262786e-06,
            0.0002958429452258812,
            -0.0009289154576433335,
            -1.5190624408955092e-05,
            -1.6576198095377692e-05,
            -7.457414227715273e-06,
            -6.713786303206432e-05,
            1.530404479370839e-05,
            4.33583970604022e-06,
            -0.0001272068399629063,
            -3.748834729797035e-05,
            1.796361729958229e-05,
            -1.0529047565710492e-05,
            4.1854691529855104e-05,
            1.7309427399747612e-06,
            1.834246209107826e-06,
            -0.00016212834428225298,
            0.0003936175376083942,
            -7.627379377914134e-05,
            1.5198655988976802e-05,
            5.2175059511161415e-05,
            -0.00014349164149663352,
            1.13076503964471e-06,
            5.339521776812051e-05,
            -0.00014486934308290123,
            -8.22896975848364e-05,
            -0.00016952987238190095,
            -0.0007195895221372194,
            6.72114835417667e-05,
            0.00043240475054380414,
            -1.9910475579060227e-05,
            -1.4242372812937887e-05,
            -0.0008850935386632234,
            -1.530175106122765e-06,
            -0.0002581129452629005,
            -0.0005832260072725082,
            0.00011890033556098689,
            8.272414926168217e-07,
            1.9321527272506134e-06,
            0.0002667994374213854,
            0.00010087842821668302,
            -5.789776598978495e-05,
            2.4482195484292965e-06,
            2.135262206809374e-05,
            -2.052077776394136e-05,
            8.607504165872998e-06,
            8.318602873186916e-06,
            1.2241666374623525e-05,
            4.3716479747315726e-06,
            -3.085267918838917e-05,
            0.00027787544945494756,
            -8.662949244890583e-06,
            -0.0007201494689646065,
            -2.6786397748830397e-05,
            -0.0002129899166188774,
            1.8395650832253585e-05,
            1.84e-05,
            2.451731698771553e-07,
            2.5e-07
        ],
        [
            0.0001,
            0.0003264985781902867,
            0.0001,
            0.0001,
            0.0001,
            0.0001,
            0.0001,
            0.0001,
            0.0001,
            0.0001,
            0.0001,
            0.0001,
            0.0001,
            0.0001,
            0.0001089910200060503,
            0.0001,
            0.0001,
            0.0001,
            0.0001,
            0.0001,
            0.0001,
            0.0001,
            0.0001,
            0.0001,
            0.0001,
            0.0001,
            0.0001,
            0.0001,
            0.0001,
            0.0001,
            0.00022943949713854497,
            0.0001,
            0.0001,
            0.0001,
            0.0001,
            0.0001,
            0.0001,
            0.0001,
            0.0001,
            0.0001,
            0.0001,
            0.0001,
            0.0001,
            0.0001,
            0.0001,
            0.0001,
            0.0001,
            0.0001,
            0.0001,
            0.0001,
            0.0001,
            0.00045859787462762406,
            0.0001,
            0.0001,
            0.0001,
            0.0001,
            0.0001,
            0.0001,
            0.0001,
            0.0001,
            0.0001,
            0.0001,
            0.00012731851405973376,
            0.00010683,
            0.0001,
            0.0001
        ],
        [
            23.810755448264445,
            23.58588084119379,
            23.36160744821069,
            23.137227662394274,
            22.91291045741991,
            22.688493658050987,
            22.46377571777302,
            22.239091265765953,
            22.014019935036345,
            21.788582612916862,
            21.562332771021207,
            21.335135483563636,
