{
    "T": [
        90.0,
        91.0,
        92.0,
        93.0,
        94.0,
        95.0,
        96.0,
        97.0,
        98.0,
        99.0,
        100.0,
        101.0,
        102.0,
        103.0,
        104.0,
        105.0,
        106.0,
        107.0,
        108.0,
        109.0,
        110.0,
        111.0,
        112.0,
        113.0,
        114.0,
        115.0,
        116.0,
        117.0,
        118.0,
        119.0,
        120.0,
        121.0,
        122.0,
        123.0,
        124.0,
        125.0,
        126.0,
        127.0,
        128.0,
        129.0,
        130.0,
        131.0,
        132.0,
        133.0,
        134.0,
        135.0,
        136.0,
        137.0,
        138.0,
        139.0,
        140.0,
        141.0,
        142.0,
        143.0,
        144.0,
        145.0,
        146.0,
        147.0,
        148.0,
        149.0,
        150.0,
        151.0,
        152.0,
        153.0,
        154.0,
        155.0
    ],
    "vevDepthReal": [
        -809437.3722743569,
        -788323.2914456635,
        -767589.3907618335,
        -747231.8092766159,
        -727246.9987270263,
        -707631.7028557031,
        -688382.9438378137,
        -669498.0081017601,
        -650974.4323642129,
        -632809.9915132353,
        -615002.6950266084,
        -597550.7546819063,
        -580452.6004534503,
        -563706.8601465917,
        -547312.3404729535,
        -531268.0372977495,
        -515573.11734097183,
        -500226.91391102254,
        -485228.92005427787,
        -470578.7831210505,
        -456276.2991024984,
        -442321.4078722857,
        -428714.1883748614,
        -415454.8547768358,
        -402543.7524044765,
        -389981.3570909134,
        -377768.26636895444,
        -365905.2034469408,
        -354393.0118405382,
        -343232.6550635067,
        -332425.21387967374,
        -321971.8828728109,
        -311873.99321016663,
        -302132.9640494276,
        -292750.35153998906,
        -283727.8331558613,
        -275067.19838127465,
        -266770.36844274774,
        -258839.39089682483,
        -251276.4411754559,
        -244083.85314992955,
        -237264.0762940116,
        -230819.73352106672,
        -224753.6062286368,
        -219068.6526675926,
        -213768.02447795228,
        -208855.0775464619,
        -204333.4064227716,
        -200206.86364201177,
        -196479.60043285164,
        -193156.11049857546,
        -190241.2981439818,
        -187740.54165254533,
        -185659.8208828994,
        -184005.8637136186,
        -182786.37536115435,
        -182010.3911142559,
        -181688.846180848,
        -181835.68825836762,
        -182469.9761960195,
        -183621.8396897959,
        -185361.7116517357,
        -187714.64701711523,
        -190128.75995159484,
        -192594.39750869095,
        -195110.89462624988
    ],
    "vevDepthImag": [
        0.0,
        0.0,
        0.0,
        0.0,
        0.0,
        0.0,
        0.0,
        0.0,
        0.0,
        0.0,
        0.0,
        0.0,
        0.0,
        0.0,
        0.0,
        0.0,
        0.0,
        0.0,
        0.0,
        0.0,
        0.0,
        0.0,
        0.0,
        0.0,
        0.0,
        0.0,
        0.0,
        0.0,
        0.0,
        0.0,
        0.0,
        0.0,
        0.0,
        0.0,
        0.0,
        0.0,
        0.0,
        0.0,
        0.0,
        0.0,
        0.0,
        0.0,
        0.0,
        0.0,
        0.0,
        0.0,
        0.0,
        0.0,
        0.0,
        0.0,
        0.0,
        0.0,
        0.0,
        0.0,
        0.0,
        0.0,
        0.0,
        0.0,
        0.0,
        0.0,
        0.0,
        0.0,
        0.0,
        0.0,
        0.0,
        0.0
    ],
    "vevLocation": [
        [
            -0.00046089807174527764,
            -0.00043224380811889007,
            1.1970469178046277e-05,
            -0.00014790660543603136,
            -1.8115905877191807e-05,
            7.652630890142564e-06,
            -4.778558710897413e-07,
            -1.023484481062209e-06,
            -8.508253877201333e-05,
            0.0009326880137831776,
            -1.519063336165652e-05,
            -1.6576199688214666e-05,
            0.00015200622668096533,
            -1.438799343204955e-05,
            -2.0291058591831446e-05,
            4.335841798732559e-06,
            -0.00012720683985972217,
            -3.7488347184061466e-05,
            1.7963641167573208e-05,
            -1.1334977580310102e-05,
            4.1644444713759277e-05,
            1.7309422541966768e-06,
            1.8516559129669319e-06,
            -0.00016212834356177375,
            0.0003936175371675732,
            -8.977175852478703e-06,
            1.5183174018834275e-05,
            5.217507037803826e-05,
            -0.00014349752428680865,
            1.3183119652315778e-06,
            5.3710972071518764e-05,
            -0.00033379592642740485,
            -8.226658040011436e-05,
            -0.00016952987455279636,
            -0.000750631550181978,
            6.719627567747938e-05,
            0.0002154914346755854,
            -1.991047492586051e-05,
            -1.4241788122225374e-05,
            0.0006643578903205855,
            -1.5325593528642094e-06,
            4.499123908735525e-06,
            -2.266654939350049e-07,
            0.00035280539919154254,
            8.530746914206175e-05,
            1.9321621393883492e-06,
            0.0002668001913741025,
            0.00010087841410831577,
            -5.789776633264264e-05,
            -0.0002587478516280651,
            0.0004678951755812122,
            -8.223518049177425e-05,
            9.040839854208838e-06,
            3.3614281300768656e-06,
            1.2863125168753944e-05,
            4.36979511676816e-06,
            -3.271857063648874e-05,
            0.0005610376917364462,
            -1.809772193036782e-05,
            9.182279038324678e-05,
            -0.0005242636428753264,
            -0.0002129879883108819,
            1.8395694856836176e-05,
            1.84e-05,
            2.451130457770123e-07,
            2.5e-07
        ],
        [
            0.0001,
            0.000326498630601369,
            0.0001,
            0.0001,
            0.0001,
            0.0001,
            0.0001,
            0.0001,
            0.0001,
            0.0001,
            0.0001,
            0.0001,
            0.0009272474445531717,
            0.0001,
            0.0001,
            0.0001,
            0.0001,
            0.0001,
            0.0001,
            0.0001,
            0.0001,
            0.0001,
            0.0001,
            0.0001,
            0.0001,
            0.0001,
            0.0001,
            0.0001,
            0.0001,
            0.0001,
            0.00023022850191724195,
            0.0001,
            0.0001,
            0.0001,
            0.0001,
            0.0001,
            0.0001,
            0.0001,
            0.0001,
            0.0001,
            0.0001,
            0.0001,
            0.0001,
            0.0001,
            0.0001,
            0.0001,
            0.0001,
            0.0001,
            0.0001,
            0.0001,
            0.0001,
            0.0001813852215680078,
            0.0001,
            0.0001,
            0.0001,
            0.0001,
            0.0001,
            0.0015401497820246258,
            0.0001,
            0.0004659092391192164,
            0.0001,
            0.0001,
            0.00012731850803534062,
            0.00010683,
            0.0001,
            0.0001
        ],
        [
            23.81051222601295,
            23.58588084116841,
            23.361607493799593,
            23.13722766288216,
            22.91291026660334,
            22.688493658052018,
            22.463775712868078,
            22.23909126576077,
            22.013566335996067,
            21.788518477743693,
            21.56233277101879,
