{
    "bmNumber": 1,
    "failureReason": false,
    "T": [
        90.0,
        91.0,
        92.0,
        93.0,
        94.0,
        95.0,
        96.0,
        97.0,
        98.0,
        99.0,
        100.0,
        101.0,
        102.0,
        103.0,
        104.0,
        105.0,
        106.0,
        107.0,
        108.0,
        109.0,
        110.0,
        111.0,
        112.0,
        113.0,
        114.0,
        115.0,
        116.0,
        117.0,
        118.0,
        119.0,
        120.0,
        121.0,
        122.0,
        123.0,
        124.0,
        125.0,
        126.0,
        127.0,
        128.0,
        129.0,
        130.0,
        131.0,
        132.0,
        133.0,
        134.0,
        135.0,
        136.0,
        137.0,
        138.0,
        139.0,
        140.0,
        141.0,
        142.0,
        143.0,
        144.0,
        145.0,
        146.0,
        147.0,
        148.0,
        149.0,
        150.0,
        151.0,
        152.0,
        153.0,
        154.0
    ],
    "vevDepthReal": [
        -808035.5128802147,
        -786940.1812046955,
        -766224.7653550715,
        -745885.4295199772,
        -725918.647512123,
        -706321.184888966,
        -687090.0877887234,
        -668222.6615609702,
        -649716.466341433,
        -631569.2944756956,
        -613779.1770369147,
        -596344.3509405608,
        -579263.2576993426,
        -562534.5454496412,
        -546157.0446317412,
        -530129.7662307182,
        -514451.8962108195,
        -499122.7859123543,
        -484141.9455061564,
        -469509.0432838338,
        -455223.88937602664,
        -441286.44035415526,
        -427696.80044495786,
        -414455.19187693147,
        -401561.9840895333,
        -389017.66469271574,
        -376822.8516777816,
        -364978.28468715807,
        -353484.8257548315,
        -342343.45156725234,
        -331555.2701098253,
        -321121.489612625,
        -311043.44741297874,
        -301322.5957684582,
        -291960.4986961391,
        -282958.8686276949,
        -274319.5016958002,
        -266044.3391286344,
        -258135.45224464635,
        -250595.0415445006,
        -243425.44655659772,
        -236629.1581060201,
        -230208.81356652296,
        -224167.22674629436,
        -218507.37694849528,
        -213232.44336928474,
        -208345.81688753056,
        -203851.1235682818,
        -199752.2539450801,
        -196053.4001276302,
        -192759.1052939623,
        -189874.32086721633,
        -187404.49454805846,
        -185355.60665750608,
        -183734.700939958,
        -182549.3823033743,
        -181808.92934880216,
        -181524.52478745565,
        -181710.4666760947,
        -182386.5523913308,
        -183584.61537101975,
        -185394.02085460263,
        -187758.15674922636,
        -190174.5175381036,
        -192642.30708777835
    ],
    "vevDepthImag": [
        0.0,
        0.0,
        0.0,
        0.0,
        0.0,
        0.0,
        0.0,
        0.0,
        0.0,
        0.0,
        0.0,
        0.0,
        0.0,
        0.0,
        0.0,
        0.0,
        0.0,
        0.0,
        0.0,
        0.0,
        0.0,
        0.0,
        0.0,
        0.0,
        0.0,
        0.0,
        0.0,
        0.0,
        0.0,
        0.0,
        0.0,
        0.0,
        0.0,
        0.0,
        0.0,
        0.0,
        0.0,
        0.0,
        0.0,
        0.0,
        0.0,
        0.0,
        0.0,
        0.0,
        0.0,
        0.0,
        0.0,
        0.0,
        0.0,
        0.0,
        0.0,
        0.0,
        0.0,
        0.0,
        0.0,
        0.0,
        0.0,
        0.0,
        0.0,
        0.0,
        0.0,
        0.0,
        0.0,
        0.0,
        0.0
    ],
    "vevLocation": [
        [
            6.757640838428447e-05,
            -5.619281026458464e-05,
            7.884440747474297e-05,
            -0.000145070669549673,
            -5.422426873957775e-06,
            7.250696088434678e-05,
            -4.676791962869575e-05,
            -0.00034288717500093047,
            -2.688109320743426e-05,
            0.0009442461239309619,
            -0.00023499092593895488,
            -9.373429070806683e-07,
            0.0005272626734434405,
            -0.0002945134157161522,
            1.5866293618169722e-05,
            7.308494613403327e-06,
            1.3962589247483882e-05,
            5.3731505967158366e-05,
            -0.00041570644821433377,
            0.0001742754677594091,
            0.00014392476449364994,
            4.109706514420983e-05,
            9.455112090195512e-05,
            -0.0007156226142336283,
            -0.00013992375065443458,
            6.940061855750343e-05,
            -2.892373136435377e-05,
            -6.720525018092532e-05,
            -3.0085342963297526e-05,
            -0.0009802103700977671,
            6.36059182351767e-07,
            1.2276065269470685e-06,
            5.614684066498898e-07,
            0.00014077069682033616,
            -0.0001482603674655275,
            -0.0005499532163388554,
            -0.00010286905641723743,
            0.00039816742544690475,
            8.294605839839764e-05,
            -4.481060103574824e-05,
            -0.0006007302386354819,
            -3.0269145342459725e-05,
            0.0005262815134325422,
            -0.00018662721189528645,
            3.9863044179272444e-05,
            4.043910738837919e-05,
            -0.0001363783257659068,
            1.3192492873664169e-06,
            1.113567475446997e-05,
            -8.375482318025151e-05,
            3.6911388491822628e-06,
            -0.00013961384371266594,
            6.080315946219161e-06,
            0.004550065389693004,
            -1.8147818049679687e-05,
            -0.0004849202952404222,
            -6.667277856683626e-05,
            -2.640040874263977e-07,
            0.0004925539584549384,
            -4.4839908197074046e-05,
            1.1972456082772961e-05,
            -5.7434422656630485e-05,
            1.4379369843882847e-06,
            1.44e-06,
            1.44e-06
        ],
        [
            0.0001,
            0.0001,
            0.0001,
            0.0001,
            0.0001,
            0.0001,
            0.0001,
            0.0001,
            0.0001,
            0.0001,
            0.0007881159332030201,
            0.0001,
            0.0001,
            0.0001,
            0.00010178679514003123,
            0.0001,
            0.0001,
            0.0001,
            0.0001,
            0.0001,
            0.0001,
            0.0001,
            0.00035907269245191633,
            0.0001,
            0.0001,
            0.0001,
            0.0001,
            0.0001,
            0.0001,
            0.0001,
            0.0001,
            0.0001,
            0.0001,
            0.0001,
            0.0015517444820678516,
            0.0001,
            0.0001,
            0.0001,
            0.0001,
            0.0001,
            0.0001122410402778034,
            0.0001,
            0.0001,
            0.0001,
            0.0001,
            0.0001,
            0.0001,
            0.0001,
            0.0001,
            0.0001,
            0.0001,
            0.0001,
            0.0001,
            0.0001,
            0.0001,
            0.0001,
            0.0001,
            0.0001,
            0.0001,
            0.0001,
            0.0001,
            0.0001,
            0.0001,
            0.0001,
            0.0001
        ],
        [
            23.80815648351099,
            23.583528327712667,
            23.358848910885822,
            23.13420320735468,
            22.909743638017037,
            22.685511991705308,
            22.460346916262807,
            22.23521918800018,
            22.009937241168682,
            21.78467071099477,
            21.558295664564522,
            21.3311731061257,
            21.103380915166852,
            20.87510469653436,
            20.64636323103534,
