{
    "T": [
        90.0,
        91.0,
        92.0,
        93.0,
        94.0,
        95.0,
        96.0,
        97.0,
        98.0,
        99.0,
        100.0,
        101.0,
        102.0,
        103.0,
        104.0,
        105.0,
        106.0,
        107.0,
        108.0,
        109.0,
        110.0,
        111.0,
        112.0,
        113.0,
        114.0,
        115.0,
        116.0,
        117.0,
        118.0,
        119.0,
        120.0,
        121.0,
        122.0,
        123.0,
        124.0,
        125.0,
        126.0,
        127.0,
        128.0,
        129.0,
        130.0,
        131.0,
        132.0,
        133.0,
        134.0,
        135.0,
        136.0,
        137.0,
        138.0,
        139.0,
        140.0,
        141.0,
        142.0,
        143.0,
        144.0,
        145.0,
        146.0,
        147.0,
        148.0,
        149.0,
        150.0,
        151.0,
        152.0,
        153.0,
        154.0,
        155.0
    ],
    "vevDepthReal": [
        -809569.6271217801,
        -788433.252126937,
        -767677.4492715988,
        -747298.4857995836,
        -727292.927438014,
        -707657.6274046362,
        -688389.6919554959,
        -669486.4984094682,
        -650945.6437717939,
        -632764.9656505206,
        -614942.5155195203,
        -597476.5510116867,
        -580365.531193887,
        -563608.0905034273,
        -547203.0763499505,
        -531149.4646656527,
        -515446.42887415085,
        -500093.2896561486,
        -485089.5249715171,
        -470434.7590135644,
        -456128.74759906717,
        -442171.4327164252,
        -428562.81910132134,
        -415303.0886128413,
        -402392.5418327568,
        -389831.6006279643,
        -377620.80836638616,
        -365760.83456982055,
        -354252.4589352959,
        -343096.5833355996,
        -332294.2251320636,
        -321846.51756234816,
        -311754.70597267954,
        -302020.1679773958,
        -292644.385996026,
        -283628.95589201,
        -274975.60699184303,
        -266686.1988600638,
        -258762.70366843048,
        -251207.24536360352,
        -244022.07392675022,
        -237209.5926603095,
        -230772.36083190527,
        -224713.10782198052,
        -219034.74056790816,
        -213740.3482661422,
        -208833.2455639342,
        -204316.9893373476,
        -200195.3854587473,
        -196472.55010837916,
        -193152.95899863073,
        -190241.47598051067,
        -187743.46429033534,
        -185664.88816351714,
        -184012.4620932894,
        -182793.88929863137,
        -182018.17634244193,
        -181696.33626025217,
        -181842.21942227794,
        -182474.91856225114,
        -183624.48938637905,
        -185360.81406269677,
        -187712.13003942664,
        -190125.89122914925,
        -192591.18802685733,
        -195107.36325081566
    ],
    "vevDepthImag": [
        0.0,
        0.0,
        0.0,
        0.0,
        0.0,
        0.0,
        0.0,
        0.0,
        0.0,
        0.0,
        0.0,
        0.0,
        0.0,
        0.0,
        0.0,
        0.0,
        0.0,
        0.0,
        0.0,
        0.0,
        0.0,
        0.0,
        0.0,
        0.0,
        0.0,
        0.0,
        0.0,
        0.0,
        0.0,
        0.0,
        0.0,
        0.0,
        0.0,
        0.0,
        0.0,
        0.0,
        0.0,
        0.0,
        0.0,
        0.0,
        0.0,
        0.0,
        0.0,
        0.0,
        0.0,
        0.0,
        0.0,
        0.0,
        0.0,
        0.0,
        0.0,
        0.0,
        0.0,
        0.0,
        0.0,
        0.0,
        0.0,
        0.0,
        0.0,
        0.0,
        0.0,
        0.0,
        0.0,
        0.0,
        0.0,
        0.0
    ],
    "vevLocation": [
        [
            0.00015361359916441788,
            0.0004903919282985836,
            5.238521099056037e-05,
            1.854595515989911e-05,
            0.0006119998189095394,
            2.4975507982853045e-06,
            0.0002278827207895215,
            -7.192020671337174e-05,
            -0.00010324113932867621,
            8.841722517702669e-06,
            -9.363958301708422e-05,
            -8.066435470936717e-05,
            9.556890468415125e-06,
            0.00036226697749060184,
            2.8082179384283977e-05,
            0.00033112382588601497,
            3.023750190366426e-05,
            -8.319331441298901e-05,
            -1.6930856885213896e-05,
            -3.954860035572383e-05,
            -0.0019527926921549116,
            -0.00016714037983518726,
            -9.845430058885718e-06,
            -0.00028481601794677646,
            -0.0002483190261163351,
            -3.5766593172928754e-05,
            0.0007321607169652883,
            -0.00012445027453122925,
            6.297343817431716e-07,
            3.2841870129682316e-05,
            0.00020317697565523998,
            0.00038102568440176476,
            -0.0010057926323298605,
            -0.0011678126582761374,
            -0.00010141500626369669,
            -8.976090125217828e-05,
            -0.0005676974815708585,
            2.4989217691517157e-05,
            0.0003401819377499321,
            1.746925885692807e-05,
            -6.606654420856526e-06,
            -1.5269689784602747e-05,
            8.635513370501075e-05,
            0.0011469878187477939,
            3.3542311710038977e-06,
            5.623580015601259e-06,
            -0.00024761664251600306,
            -3.533013636439382e-05,
            -0.00012184838742458366,
            0.0007193244218388723,
            -0.0006488952358352229,
            5.410491531664119e-05,
            0.0003787364309221896,
            0.0002519886346477717,
            0.0002067277603738293,
            0.0001961248716481715,
            -0.0023699698437499896,
            -0.0002635055548156767,
            0.0001303693565618616,
            2.2210887757362352e-05,
            0.00047212774165853073,
            8.060480522163564e-06,
            -0.00010342820825855886,
            1.3989264407770016e-06,
            1.4268932208334857e-06,
            1.43e-06
        ],
        [
            0.0007680810510983138,
            0.0008856913435070575,
            0.0005589030035990098,
            0.0001,
            0.0001,
            0.0001,
            0.0001,
            0.0001,
            0.0001,
            0.0001,
            0.0001,
            0.00013433598154052005,
            0.0001,
            0.0001,
            0.0001107684195841665,
            0.0001,
            0.0001,
            0.0001,
            0.0001,
            0.0001,
            0.0001,
            0.00012181314107355176,
            0.0001,
            0.0004074198585781472,
            0.0001,
            0.0001,
            0.0001,
            0.0001,
            0.0001,
            0.0001,
            0.0001,
            0.0001,
            0.0001,
            0.0001,
            0.0001,
            0.0001,
            0.0005111532078400649,
            0.0001,
            0.0006403848908048807,
            0.0001,
            0.0001,
            0.0001,
            0.0008277458650408949,
            0.0001,
            0.0001,
            0.0001,
            0.00042199443338165546,
            0.0001,
            0.0001,
            0.0001,
            0.0001,
            0.0001,
            0.0001,
            0.0001,
            0.0001,
            0.00044629970679833225,
            0.0001,
            0.0001,
            0.00019809747641663064,
            0.0001,
            0.0001,
            0.0001,
            0.0001,
            0.0001,
            0.0001,
            0.0001
        ],
        [
            23.81215139507095,
            23.587373834836853,
            23.362820085016693,
            23.1381044757976,
            22.913825226499014,
            22.6887936350545,
            22.463142350915977,
            22.23889808178628,
