{
    "T": [
        90.0,
        91.0,
        92.0,
        93.0,
        94.0,
        95.0,
        96.0,
        97.0,
        98.0,
        99.0,
        100.0,
        101.0,
        102.0,
        103.0,
        104.0,
        105.0,
        106.0,
        107.0,
        108.0,
        109.0,
        110.0,
        111.0,
        112.0,
        113.0,
        114.0,
        115.0,
        116.0,
        117.0,
        118.0,
        119.0,
        120.0,
        121.0,
        122.0,
        123.0,
        124.0,
        125.0,
        126.0,
        127.0,
        128.0,
        129.0,
        130.0,
        131.0,
        132.0,
        133.0,
        134.0,
        135.0,
        136.0,
        137.0,
        138.0,
        139.0,
        140.0,
        141.0,
        142.0,
        143.0,
        144.0,
        145.0,
        146.0,
        147.0,
        148.0,
        149.0,
        150.0,
        151.0,
        152.0,
        153.0,
        154.0,
        155.0
    ],
    "vevDepthReal": [
        -809437.3563821567,
        -788323.292311933,
        -767589.3907618327,
        -747231.8092766159,
        -727246.9987268359,
        -707631.7028557027,
        -688382.943837812,
        -669498.0081017598,
        -650974.4323642123,
        -632809.9915132355,
        -615002.6950266085,
        -597550.7546819076,
        -580452.6021938485,
        -563706.8601285984,
        -547312.3404682484,
        -531268.0372977497,
        -515573.11734097206,
        -500226.91391102265,
        -485228.9200542783,
        -470578.783127934,
        -456276.29910254874,
        -442321.4078722863,
        -428714.18837486254,
        -415454.8547768361,
        -402543.75240447617,
        -389981.3569940421,
        -377768.2663689534,
        -365905.2034469411,
        -354393.0118405423,
        -343232.6550635038,
        -332425.2138809465,
        -321971.88617358526,
        -311873.99321015377,
        -302132.96404942765,
        -292750.34973726515,
        -283727.833155797,
        -275067.19781371043,
        -266770.3684427475,
        -258839.39089681985,
        -251276.44117155785,
        -244083.85314992932,
        -237264.07629287147,
        -230819.73314174032,
        -224753.6065416577,
        -219068.65382946868,
        -213768.02447795222,
        -208855.07771944892,
        -204333.40642277198,
        -200206.86364201168,
        -196479.60026874283,
        -193156.1124769197,
        -190241.29823349966,
        -187740.54165212583,
        -185659.82082918397,
        -184005.86371377378,
        -182786.37536114934,
        -182010.391114487,
        -181688.84613780095,
        -181835.6882654142,
        -182469.97618235968,
        -183621.83808025697,
        -185361.7116517462,
        -187714.6470171151,
        -190128.75995159478,
        -192594.397508691,
        -195110.89462625005
    ],
    "vevDepthImag": [
        0.0,
        0.0,
        0.0,
        0.0,
        0.0,
        0.0,
        0.0,
        0.0,
        0.0,
        0.0,
        0.0,
        0.0,
        0.0,
        0.0,
        0.0,
        0.0,
        0.0,
        0.0,
        0.0,
        0.0,
        0.0,
        0.0,
        0.0,
        0.0,
        0.0,
        0.0,
        0.0,
        0.0,
        0.0,
        0.0,
        0.0,
        0.0,
        0.0,
        0.0,
        0.0,
        0.0,
        0.0,
        0.0,
        0.0,
        0.0,
        0.0,
        0.0,
        0.0,
        0.0,
        0.0,
        0.0,
        0.0,
        0.0,
        0.0,
        0.0,
        0.0,
        0.0,
        0.0,
        0.0,
        0.0,
        0.0,
        0.0,
        0.0,
        0.0,
        0.0,
        0.0,
        0.0,
        0.0,
        0.0,
        0.0,
        0.0
    ],
    "vevLocation": [
        [
            -0.0022963161346016003,
            0.0001128222426205576,
            1.1973299036545284e-05,
            -0.0001479066058838214,
            -1.975820236336384e-05,
            7.652628948279228e-06,
            -4.779318687805206e-07,
            -1.0235206675535125e-06,
            -8.508231800338772e-05,
            0.0009326880138523397,
            -1.5190629505808587e-05,
            -1.657620068219734e-05,
            0.00019889041872161312,
            -7.4194642525581e-05,
            1.52605111021951e-05,
            4.335843040097209e-06,
            -0.00012720683995158259,
            -3.748834646884712e-05,
            1.7963645488228153e-05,
            8.440170156848105e-06,
            4.1617235722046786e-05,
            1.730942990746387e-06,
            1.8455736994771321e-06,
            -0.00016212834321996383,
            0.00039361753889094464,
            -7.62741150945323e-05,
            1.519848340904642e-05,
            5.2175044584046315e-05,
            -0.00014349530997586138,
            1.176118703469231e-06,
            5.3397835193646614e-05,
            0.00031710518600050475,
            -8.228167624457772e-05,
            -0.0001695298737811428,
            -0.0007612717465267163,
            6.724498012303237e-05,
            0.0004323885608926363,
            -1.9910475853465726e-05,
            -1.424637921261171e-05,
            -0.0010848789445357327,
            -1.5350914747752284e-06,
            -6.02972289618503e-06,
            0.0003325405131980889,
            0.0001997221657904836,
            4.509211481477926e-05,
            1.9321713480499603e-06,
            -0.00026441749713923546,
            0.00010087844539022339,
            -5.789776625429559e-05,
            -9.193689077448492e-05,
            2.5672038291943422e-05,
            -2.8065655544222065e-05,
            1.0267412474118665e-05,
            -5.0624777585762254e-05,
            1.2760009387565927e-05,
            4.367777877747805e-06,
            -3.1378691031081624e-05,
            0.0005634249089681159,
            -1.6093142900019952e-05,
            0.00011930423588318341,
            -2.6786539732016022e-05,
            -0.000212983882667168,
            1.839564028570384e-05,
            1.84e-05,
            2.4525660011209816e-07,
            2.5e-07
        ],
        [
            0.0001,
            0.0001,
            0.0001,
            0.0001,
            0.0001,
            0.0001,
            0.0001,
            0.0001,
            0.0001,
            0.0001,
            0.0001,
            0.0001,
            0.0001,
            0.0001,
            0.00010893937362056403,
            0.0001,
            0.0001,
            0.0001,
            0.0001,
            0.0001,
            0.0001,
            0.0001,
            0.0001,
            0.0001,
            0.0001,
            0.0001,
            0.0001,
            0.0001,
            0.0001,
            0.0001,
            0.00022944610687592555,
            0.000691434189466971,
            0.0001,
            0.0001,
            0.0001,
            0.0001,
            0.0001,
            0.0001,
            0.0001,
            0.0001,
            0.0001,
            0.0001,
            0.0001,
            0.0001,
            0.0001,
            0.0001,
            0.0001,
            0.0001,
            0.0001,
            0.00018869442604759618,
            0.0001,
            0.0001,
            0.0001,
            0.0001,
            0.0001,
            0.0001,
            0.0001,
            0.0015406871266475863,
            0.0001,
            0.0004639251910202037,
            0.0001,
            0.0001,
            0.0001273185148199161,
            0.00010683,
            0.0001,
            0.0001
        ],
        [
            23.809887144157035,
            23.586051998653172,
            23.361607489505264,
            23.13722766288371,
            22.912910079873445,
            22.688493658052465,
            22.463775711311705,
            22.239091265762248,
            22.01356633595016,
            21.788518477743196,
            21.562332771018436,
