{
    "T": [
        90.0,
        91.0,
        92.0,
        93.0,
        94.0,
        95.0,
        96.0,
        97.0,
        98.0,
        99.0,
        100.0,
        101.0,
        102.0,
        103.0,
        104.0,
        105.0,
        106.0,
        107.0,
        108.0,
        109.0,
        110.0,
        111.0,
        112.0,
        113.0,
        114.0,
        115.0,
        116.0,
        117.0,
        118.0,
        119.0,
        120.0,
        121.0,
        122.0,
        123.0,
        124.0,
        125.0,
        126.0,
        127.0,
        128.0,
        129.0,
        130.0,
        131.0,
        132.0,
        133.0,
        134.0,
        135.0,
        136.0,
        137.0,
        138.0,
        139.0,
        140.0,
        141.0,
        142.0,
        143.0,
        144.0,
        145.0,
        146.0,
        147.0,
        148.0,
        149.0,
        150.0,
        151.0,
        152.0,
        153.0,
        154.0,
        155.0
    ],
    "vevDepthReal": [
        -809437.3715683175,
        -788323.2923354318,
        -767589.3907618241,
        -747231.8092766153,
        -727246.9985880333,
        -707631.7028557027,
        -688382.9438378054,
        -669498.00810176,
        -650974.4323642126,
        -632809.9915132355,
        -615002.6950266084,
        -597550.7546819077,
        -580452.6015379869,
        -563706.8600182905,
        -547312.3404661343,
        -531268.0372977497,
        -515573.117340972,
        -500226.91391102254,
        -485228.9200542783,
        -470578.78311638086,
        -456276.2991029853,
        -442321.4078722863,
        -428714.1883748627,
        -415454.85477683606,
        -402543.7528549059,
        -389981.35699404206,
        -377768.2663689538,
        -365905.20344694104,
        -354393.01184054406,
        -343232.655063505,
        -332425.21388063184,
        -321971.88308602624,
        -311873.9932101449,
        -302132.96404942765,
        -292750.3521311187,
        -283727.8331558547,
        -275067.1984548373,
        -266770.36844274757,
        -258839.39089682687,
        -251276.44101539618,
        -244083.85314992943,
        -237264.07604643752,
        -230819.73351925996,
        -224753.60636009678,
        -219068.65378025302,
        -213768.024474697,
        -208855.07754646355,
        -204333.40642277192,
        -200206.8636420116,
        -196479.60026855094,
        -193156.1124768649,
        -190241.29806924527,
        -187740.54165239944,
        -185659.8208571264,
        -184005.8637139053,
        -182786.3753611586,
        -182010.38648908766,
        -181688.84803275138,
        -181835.68825633405,
        -182469.97619876912,
        -183621.8380802579,
        -185361.71165173422,
        -187714.64701711514,
        -190128.75995159478,
        -192594.39750869098,
        -195110.89462625005
    ],
    "vevDepthImag": [
        0.0,
        0.0,
        0.0,
        0.0,
        0.0,
        0.0,
        0.0,
        0.0,
        0.0,
        0.0,
        0.0,
        0.0,
        0.0,
        0.0,
        0.0,
        0.0,
        0.0,
        0.0,
        0.0,
        0.0,
        0.0,
        0.0,
        0.0,
        0.0,
        0.0,
        0.0,
        0.0,
        0.0,
        0.0,
        0.0,
        0.0,
        0.0,
        0.0,
        0.0,
        0.0,
        0.0,
        0.0,
        0.0,
        0.0,
        0.0,
        0.0,
        0.0,
        0.0,
        0.0,
        0.0,
        0.0,
        0.0,
        0.0,
        0.0,
        0.0,
        0.0,
        0.0,
        0.0,
        0.0,
        0.0,
        0.0,
        0.0,
        0.0,
        0.0,
        0.0,
        0.0,
        0.0,
        0.0,
        0.0,
        0.0,
        0.0
    ],
    "vevLocation": [
        [
            -0.0006038112167853216,
            -3.804264914878189e-05,
            1.2005749089181138e-05,
            -0.00014790726202732897,
            0.00018608566552245822,
            7.652624638060379e-06,
            -4.782735447024511e-07,
            -1.0233508251841772e-06,
            -8.508266214604654e-05,
            0.0009326880138433079,
            -1.5190582992822416e-05,
            -1.657620001985216e-05,
            0.000559541775885514,
            -0.00020472547936462027,
            1.5545857690726466e-05,
            4.335841533233131e-06,
            -0.00012720683994158313,
            -3.748834713704352e-05,
            1.796364558184771e-05,
            1.3979576993408682e-05,
            4.137910376998677e-05,
            1.7309449041880143e-06,
            1.845751522289163e-06,
            -0.00016212834347797966,
            -0.0002806227066471925,
            -7.627407388730023e-05,
            1.5194467807805138e-05,
            5.217507045944536e-05,
            -0.00014349433841856756,
            1.240391031775978e-06,
            5.347541404168471e-05,
            0.0002490906371345608,
            -8.229239414958567e-05,
            -0.0001695298748398237,
            -0.0005244973099369221,
            6.720095530556719e-05,
            8.162667338107443e-06,
            -1.991047527655221e-05,
            -1.4240085781342532e-05,
            -0.0010928088667243301,
            -1.532626916061e-06,
            -0.0002581129445498598,
            3.2634621949419185e-06,
            1.2020413728670853e-05,
            2.172927570297939e-05,
            2.8474535503057383e-05,
            0.0002667991233064812,
            0.00010087845077663693,
            -5.7897765554110886e-05,
            -9.195012897428821e-05,
            2.2782415973407466e-05,
            0.00012113944423712206,
            9.476386641619344e-06,
            8.618357894338118e-05,
            1.26718454770431e-05,
            4.371606712770711e-06,
            -0.00019971053259051387,
            0.0002778153415184722,
            -1.867099745676143e-05,
            8.435798220406826e-05,
            -2.6786696928163614e-05,
            -0.00021298856132490485,
            1.8395640849586115e-05,
            1.84e-05,
            2.4519032204572966e-07,
            2.5e-07
        ],
        [
            0.0001,
            0.0001,
            0.0001,
            0.0001,
            0.0001,
            0.0001,
            0.0001,
            0.0001,
            0.0001,
            0.0001,
            0.0001,
            0.0001,
            0.0001,
            0.0001,
            0.00011275316441618186,
            0.0001,
            0.0001,
            0.0001,
            0.0001,
            0.0001,
            0.0001,
            0.0001,
            0.0001,
            0.0001,
            0.0001,
            0.0001,
            0.0001,
            0.0001,
            0.0001,
            0.0001,
            0.00022963990947020232,
            0.0012355692043751493,
            0.0001,
            0.0001,
            0.00010250537577806267,
            0.0001,
            0.0001,
            0.0001,
            0.0001,
            0.0001,
            0.0001,
            0.0001,
            0.0001,
            0.0001,
            0.0001,
            0.0001,
            0.0001,
            0.0001,
            0.0001,
            0.00018878415349480107,
            0.0001,
            0.0001,
            0.0001,
            0.0001,
            0.0001,
            0.0001,
            0.0001,
            0.0001,
            0.0001,
            0.000466444103731564,
            0.0001,
            0.0001,
            0.0001273185158279206,
            0.00010683,
            0.0001,
            0.0001
        ],
        [
            23.810360206459123,
            23.586079388855826,
            23.361607440274014,
            23.137227662228746,
            22.91281185638929,
            22.688493658042514,
            22.463775704290835,
            22.239091265747632,
            22.013566336021515,
            21.788518477743395,
            21.562332771054137,
