{
    "T": [
        90.0,
        91.0,
        92.0,
        93.0,
        94.0,
        95.0,
        96.0,
        97.0,
        98.0,
        99.0,
        100.0,
        101.0,
        102.0,
        103.0,
        104.0,
        105.0,
        106.0,
        107.0,
        108.0,
        109.0,
        110.0,
        111.0,
        112.0,
        113.0,
        114.0,
        115.0,
        116.0,
        117.0,
        118.0,
        119.0,
        120.0,
        121.0,
        122.0,
        123.0,
        124.0,
        125.0,
        126.0,
        127.0,
        128.0,
        129.0,
        130.0,
        131.0,
        132.0,
        133.0,
        134.0,
        135.0,
        136.0,
        137.0,
        138.0,
        139.0,
        140.0,
        141.0,
        142.0,
        143.0,
        144.0,
        145.0,
        146.0,
        147.0,
        148.0,
        149.0,
        150.0,
        151.0,
        152.0,
        153.0,
        154.0,
        155.0
    ],
    "vevDepthReal": [
        -809437.3728917997,
        -788323.2921721288,
        -767589.3907618346,
        -747231.8092766161,
        -727246.9985975934,
        -707631.7028557031,
        -688382.9438378139,
        -669498.00810176,
        -650974.4323642128,
        -632809.9915132353,
        -615002.6950266085,
        -597550.7546819062,
        -580452.6028315192,
        -563706.8601327902,
        -547312.3404738109,
        -531268.0372977494,
        -515573.11734097195,
        -500226.9139110229,
        -485228.920054278,
        -470578.7831215246,
        -456276.2991026974,
        -442321.407872286,
        -428714.1883748546,
        -415454.8547768357,
        -402543.7524044766,
        -389981.35706343263,
        -377768.2663689536,
        -365905.2034469409,
        -354393.0118405525,
        -343232.6550635046,
        -332425.21387831727,
        -321971.8873274954,
        -311873.99321013805,
        -302132.9640494274,
        -292750.2932039787,
        -283727.83315580955,
        -275067.1978137174,
        -266770.36844274774,
        -258839.39038438615,
        -251276.44075541227,
        -244083.85314992926,
        -237264.07606663235,
        -230819.73351902928,
        -224753.606344052,
        -219068.64606221276,
        -213768.02435820358,
        -208855.077546469,
        -204333.40642277175,
        -200206.86364201165,
        -196479.60026850036,
        -193156.11247684207,
        -190241.298066084,
        -187740.54165169306,
        -185659.8208040734,
        -184005.86371445193,
        -182786.37536114038,
        -182010.38649315413,
        -181688.84803838324,
        -181835.68831564317,
        -182469.97491405893,
        -183621.83926605532,
        -185361.71165173332,
        -187714.6470171153,
        -190128.75995159484,
        -192594.39750869098,
        -195110.89462624985
    ],
    "vevDepthImag": [
        0.0,
        0.0,
        0.0,
        0.0,
        0.0,
        0.0,
        0.0,
        0.0,
        0.0,
        0.0,
        0.0,
        0.0,
        0.0,
        0.0,
        0.0,
        0.0,
        0.0,
        0.0,
        0.0,
        0.0,
        0.0,
        0.0,
        0.0,
        0.0,
        0.0,
        0.0,
        0.0,
        0.0,
        0.0,
        0.0,
        0.0,
        0.0,
        0.0,
        0.0,
        0.0,
        0.0,
        0.0,
        0.0,
        0.0,
        0.0,
        0.0,
        0.0,
        0.0,
        0.0,
        0.0,
        0.0,
        0.0,
        0.0,
        0.0,
        0.0,
        0.0,
        0.0,
        0.0,
        0.0,
        0.0,
        0.0,
        0.0,
        0.0,
        0.0,
        0.0,
        0.0,
        0.0,
        0.0,
        0.0,
        0.0,
        0.0
    ],
    "vevLocation": [
        [
            8.051870197481326e-05,
            2.2676925883632904e-05,
            1.1965802579610475e-05,
            -0.0001479065711114333,
            0.00018150328186915428,
            7.652624132825636e-06,
            -4.778364553811171e-07,
            -1.0234230092345808e-06,
            -8.508235628476579e-05,
            0.0009326880139067927,
            -1.5190600912257449e-05,
            -1.6576200859444445e-05,
            -5.347889957317965e-06,
            7.580287200027735e-05,
            -1.5805698063271062e-05,
            4.335839498095448e-06,
            -0.00012720683992359244,
            -3.7488346357339095e-05,
            1.796363858797001e-05,
            -1.002059643409603e-05,
            4.1536254243287885e-05,
            1.730941510624806e-06,
            1.87825610233755e-06,
            -0.0001621283435861154,
            0.0003936175390108765,
            -4.3901685814253313e-05,
            1.5193625328428079e-05,
            5.217505931638666e-05,
            -0.00014348933308223552,
            1.2130206642757546e-06,
            5.404327884644001e-05,
            0.00020204918298181648,
            -8.230060818747997e-05,
            -0.00016952987867645264,
            -0.0007732379848589821,
            6.723537200613999e-05,
            0.00043238631786534894,
            -1.9910474263182265e-05,
            -0.0002455050828897923,
            -0.0008846303830211087,
            -1.5328360182640006e-06,
            0.00026732819290740647,
            3.973342446389819e-06,
            -0.00030974912674692264,
            0.0008976487522569521,
            -2.879142925170771e-05,
            0.0002667962950004179,
            0.00010087843732400903,
            -5.789776503969772e-05,
            -9.195366493004991e-05,
            2.1804600454727874e-05,
            0.00011958299533987651,
            1.1459502678785871e-05,
            2.3724582761780813e-05,
            1.2334810121672132e-05,
            4.364068384885185e-06,
            -0.00019993126753458865,
            0.0002777601599933191,
            -9.87706110811351e-07,
            -0.0007201492054131342,
            0.0004799435919196973,
            -0.0002129889340811231,
            1.8395595176197432e-05,
            1.84e-05,
            2.452225777160866e-07,
            2.5e-07
        ],
        [
            0.0001,
            0.00027174415823297965,
            0.0001,
            0.0001,
            0.0001,
            0.0001,
            0.0001,
            0.0001,
            0.0001,
            0.0001,
            0.0001,
            0.0001,
            0.0001,
            0.0001,
            0.0001,
            0.0001,
            0.0001,
            0.0001,
            0.0001,
            0.0001,
            0.0001,
            0.0001,
            0.0001,
            0.0001,
            0.0001,
            0.0001,
            0.0001,
            0.0001,
            0.0001,
            0.0001,
            0.00023105906324879488,
            0.0001,
            0.0001,
            0.0001,
            0.004342873213554503,
            0.0001,
            0.0001,
            0.0001,
            0.0001,
            0.0001,
            0.0001,
            0.0001,
            0.0001,
            0.0001,
            0.0001,
            0.0001,
            0.0001,
            0.0001,
            0.0001,
            0.00018880775519615825,
            0.0001,
            0.0001,
            0.0001,
            0.0001,
            0.0001,
            0.0001,
            0.0001,
            0.0001,
            0.0001,
            0.0001,
            0.0001,
            0.0001,
            0.00012731852355175012,
            0.00010683,
            0.0001,
            0.0001
        ],
        [
            23.810644457566223,
            23.586019947894805,
            23.361607500842084,
            23.137227662881344,
            22.912817191293872,
            22.688493658043242,
            22.463775713232458,
            22.23909126575416,
            22.013566335962917,
            21.7885184777435,
            21.562332771039575,
            21.335135483571502,
