{
    "T": [
        90.0,
        91.0,
        92.0,
        93.0,
        94.0,
        95.0,
        96.0,
        97.0,
        98.0,
        99.0,
        100.0,
        101.0,
        102.0,
        103.0,
        104.0,
        105.0,
        106.0,
        107.0,
        108.0,
        109.0,
        110.0,
        111.0,
        112.0,
        113.0,
        114.0,
        115.0,
        116.0,
        117.0,
        118.0,
        119.0,
        120.0,
        121.0,
        122.0,
        123.0,
        124.0,
        125.0,
        126.0,
        127.0,
        128.0,
        129.0,
        130.0,
        131.0,
        132.0,
        133.0,
        134.0,
        135.0,
        136.0,
        137.0,
        138.0,
        139.0,
        140.0,
        141.0,
        142.0,
        143.0,
        144.0,
        145.0,
        146.0,
        147.0,
        148.0,
        149.0,
        150.0,
        151.0,
        152.0,
        153.0,
        154.0,
        155.0
    ],
    "vevDepthReal": [
        -809437.3563821417,
        -788323.2914456634,
        -767589.3907618443,
        -747231.8092766171,
        -727246.998594693,
        -707631.7028557032,
        -688382.9438378094,
        -669498.0081017602,
        -650974.432364213,
        -632809.9915132355,
        -615002.6950266084,
        -597550.7546819064,
        -580452.6004534508,
        -563706.860130291,
        -547312.340473545,
        -531268.0372977497,
        -515573.1173409718,
        -500226.9139110227,
        -485228.92005427775,
        -470578.78312804975,
        -456276.2991026672,
        -442321.40787228575,
        -428714.1883748533,
        -415454.8547768361,
        -402543.7524044764,
        -389981.35699404514,
        -377768.2663689538,
        -365905.20344694075,
        -354393.011840546,
        -343232.6550635044,
        -332425.2138763818,
        -321971.88718391425,
        -311873.9932101576,
        -302132.96404942754,
        -292750.32642120204,
        -283727.8331557946,
        -275067.1978137779,
        -266770.36844274786,
        -258839.3908968214,
        -251276.440750702,
        -244083.8531499295,
        -237264.07629410963,
        -230819.73292724922,
        -224753.6055289877,
        -219068.64606221253,
        -213768.02435820372,
        -208855.07754646288,
        -204333.40642277172,
        -200206.8636420117,
        -196479.60026863165,
        -193156.11247690997,
        -190241.2981855322,
        -187740.54165205933,
        -185659.8200637346,
        -184005.86371405615,
        -182786.3753611396,
        -182010.38649663003,
        -181688.8480286678,
        -181835.68827731258,
        -182469.97613979343,
        -183621.84049741898,
        -185361.71165175023,
        -187714.64701711523,
        -190128.75995813034,
        -192594.39750869625,
        -195110.8946262553
    ],
    "vevDepthImag": [
        0.0,
        0.0,
        0.0,
        0.0,
        0.0,
        0.0,
        0.0,
        0.0,
        0.0,
        0.0,
        0.0,
        0.0,
        0.0,
        0.0,
        0.0,
        0.0,
        0.0,
        0.0,
        0.0,
        0.0,
        0.0,
        0.0,
        0.0,
        0.0,
        0.0,
        0.0,
        0.0,
        0.0,
        0.0,
        0.0,
        0.0,
        0.0,
        0.0,
        0.0,
        0.0,
        0.0,
        0.0,
        0.0,
        0.0,
        0.0,
        0.0,
        0.0,
        0.0,
        0.0,
        0.0,
        0.0,
        0.0,
        0.0,
        0.0,
        0.0,
        0.0,
        0.0,
        0.0,
        0.0,
        0.0,
        0.0,
        0.0,
        0.0,
        0.0,
        0.0,
        0.0,
        0.0,
        0.0,
        0.0,
        0.0,
        0.0
    ],
    "vevLocation": [
        [
            -0.0022963171476740596,
            -0.00043224378969169974,
            1.1928608192878463e-05,
            -0.0001479058781121187,
            0.00018327201866899945,
            7.652623327358832e-06,
            -4.780717194688422e-07,
            -1.0235383857068459e-06,
            -8.508249020933167e-05,
            0.0009326880138784701,
            -1.5190633494316028e-05,
            -1.6576200772298877e-05,
            0.0001520062242599922,
            -7.05678730028858e-05,
            -1.7241813520252336e-05,
            4.3358424541232315e-06,
            -0.00012720683984497778,
            -3.748834673554524e-05,
            1.796363571698878e-05,
            6.167233587166222e-06,
            4.155275310208095e-05,
            1.7309448422375695e-06,
            1.883981430840509e-06,
            -0.00016212834364623396,
            0.00039361753748701905,
            -7.627621441513854e-05,
            1.5194883358221264e-05,
            5.217506214737211e-05,
            -0.0001434930300392859,
            1.2045366501733934e-06,
            5.451498264155263e-05,
            -0.0004653300833979551,
            -8.227700764162904e-05,
            -0.00016952987646027748,
            -0.0008116981374976413,
            6.72470402948086e-05,
            0.0004323650379438283,
            -1.9910474832671166e-05,
            -1.4245018000479115e-05,
            -0.0008849425709032046,
            -1.5346249017120575e-06,
            4.303548492300829e-06,
            0.0001908678907360517,
            0.0001023124334501857,
            0.0008976487679900414,
            -2.8791429327612052e-05,
            0.0002667994803349921,
            0.00010087846570397407,
            -5.7897765693986844e-05,
            -9.194458711102218e-05,
            2.5076187399983296e-05,
            -0.00013213735565520413,
            1.0455090136213957e-05,
            8.724585357967624e-05,
            1.2569821386940704e-05,
            4.363749044983007e-06,
            -0.0002002390401247972,
            0.0002778552797771585,
            -1.2643034690985877e-05,
            0.00017100498237971988,
            0.00022483354305787018,
            -0.0002129823310869773,
            1.839569048305706e-05,
            1.313691555478863e-06,
            1.31e-06,
            1.420669697942921e-06
        ],
        [
            0.0001,
            0.0003264986081532325,
            0.0001,
            0.0001,
            0.0001,
            0.0001,
            0.0001,
            0.0001,
            0.0001,
            0.0001,
            0.0001,
            0.0001,
            0.0009272474370792183,
            0.0001,
            0.0001,
            0.0001,
            0.0001,
            0.0001,
            0.0001,
            0.0001,
            0.0001,
            0.0001,
            0.0001,
            0.0001,
            0.0001,
            0.0001,
            0.0001,
            0.0001,
            0.0001,
            0.0001,
            0.00023223820506683489,
            0.0001,
            0.0001,
            0.0001,
            0.0023372581092271014,
            0.0001,
            0.0001,
            0.0001,
            0.0001,
            0.0001,
            0.0001,
            0.0001,
            0.0001,
            0.0001,
            0.0001,
            0.0001,
            0.0001,
            0.0001,
            0.0001,
            0.00018874642140157862,
            0.0001,
            0.0001,
            0.0001,
            0.0001,
            0.0001,
            0.0001,
            0.0001,
            0.0001,
            0.0001,
            0.0004606469126855576,
            0.0001,
            0.0001,
            0.0001273185073505215,
            0.0001,
            0.0001,
            0.0001
        ],
        [
            23.809887143687387,
            23.585880841178863,
            23.36160755711113,
            23.137227663533203,
            22.912815904791184,
            22.68849365804438,
            22.463775708391843,
            22.23909126576238,
            22.013566335986205,
            21.78851847774337,
            21.56233277101292,
