{
    "T": [
        90.0,
        92.0,
        94.0,
        96.0,
        98.0,
        100.0,
        102.0,
        104.0,
        106.0,
        108.0,
        110.0,
        112.0,
        114.0,
        116.0,
        118.0,
        120.0,
        122.0,
        124.0,
        126.0,
        128.0,
        130.0,
        132.0,
        134.0,
        136.0,
        138.0,
        140.0,
        142.0,
        144.0,
        146.0,
        148.0,
        150.0,
        152.0,
        154.0
    ],
    "vevDepthReal": [
        -788205.8740158565,
        -745440.3474486683,
        -704180.9855933178,
        -664402.7034639646,
        -626084.7021649288,
        -589210.0836005793,
        -553765.2747700565,
        -519740.15101396805,
        -487127.17265093164,
        -455921.89661900117,
        -426122.2858138544,
        -397728.57939597056,
        -370743.4850399567,
        -345171.809261885,
        -321020.6076445016,
        -298299.0105230627,
        -277018.4184933511,
        -257192.5015150735,
        -238837.26040016522,
        -221971.40045095098,
        -206616.47491397557,
        -192797.43167272047,
        -180543.30154038483,
        -169888.23269153544,
        -160873.17909303436,
        -153548.99444825045,
        -147982.16761472693,
        -144268.5622620876,
        -142578.95510347458,
        -143923.2350502618,
        -146297.1750045696,
        -148997.15212193964,
        -151876.4754999574
    ],
    "vevDepthImag": [
        0.0,
        0.0,
        0.0,
        0.0,
        0.0,
        0.0,
        0.0,
        0.0,
        0.0,
        0.0,
        0.0,
        0.0,
        0.0,
        0.0,
        0.0,
        0.0,
        0.0,
        0.0,
        0.0,
        0.0,
        0.0,
        0.0,
        0.0,
        0.0,
        0.0,
        0.0,
        0.0,
        0.0,
        0.0,
        0.0,
        0.0,
        0.0,
        0.0
    ],
    "vevLocation": [
        [
            -0.0010691381386996601,
            -0.0029750473829735988,
            -0.0010880694888456555,
            0.001936548717467651,
            -0.00015017172968673047,
            -0.00044540887159394416,
            -0.003676152214156013,
            -0.00013696210212178154,
            3.3228029727716546e-05,
            -0.0001503182764692121,
            -0.000303323295108876,
            0.0001102513513721644,
            -0.0003248618781536011,
            0.0009836722746989855,
            0.000987802160523214,
            0.0006536069391778962,
            0.000284344526357172,
            -0.0008728258718764814,
            0.0001505271726464641,
            -0.000601473116613304,
            0.0005115454532140646,
            0.00011406466551151795,
            1.4476703710714078e-05,
            -2.598977209464226e-05,
            0.00111355881942542,
            -4.552594857892237e-05,
            -6.337486636568248e-05,
            0.0002206978821643786,
            -0.0007292264300027733,
            0.015750056751209558,
            -0.026237713649645403,
            0.021445397646408553,
            0.0214454
        ],
        [
            0.0001,
            0.0001,
            0.0030096595975013804,
            0.00035419514018564057,
            0.0001,
            0.0001,
            0.0001,
            0.0001,
            0.0001,
            0.0003919168665658124,
            0.0001,
            0.002816932952889788,
            0.0001,
            0.0006698963128763284,
            0.0001,
            0.0001,
            0.0001,
            0.0001,
            0.0001,
            0.0001,
            0.00018376779389102352,
            0.0001,
            0.0001,
            0.0005164912278649393,
            0.001353421175768895,
            0.0001,
            0.0001,
            0.0001,
            0.0001,
            0.0001,
            0.0001,
            0.0001,
            0.0001
        ],
        [
            23.666243015494878,
            23.20885137280391,
            22.751580568890088,
            22.292998065225394,
            21.833613345279243,
            21.372580508195092,
            20.906065709349726,
            20.43624352712674,
            19.96287319545454,
            19.48340801782202,
            18.998499747051614,
            18.505350772833072,
            18.005461593696477,
            17.494906029355388,
            16.973253964195102,
            16.43850336014465,
            15.889154646958842,
            15.323805005814263,
            14.735789992965874,
            14.127839244360274,
            13.492217236215387,
            12.822395925213815,
            12.113119164844154,
            11.352914235540393,
            10.52875917859617,
            9.613220365952714,
            8.568439383851436,
            7.304950514847653,
            5.544468221890003,
            0.0001,
            0.0001,
            0.005135497777900421,
            0.0051355
        ]
    ],
    "bIsPerturbative": [
        true,
        true,
        true,
        true,
        true,
        true,
        true,
        true,
        true,
        true,
        true,
        true,
        true,
        true,
        true,
        true,
        true,
        true,
        true,
        true,
        true,
        true,
        true,
        true,
        true,
        true,
        true,
        true,
        true,
        true,
        true,
        true,
        true
    ],
    "failureReason": false
}