{
    "T": [
        90.0,
        91.0,
        92.0,
        93.0,
        94.0,
        95.0,
        96.0,
        97.0,
        98.0,
        99.0,
        100.0,
        101.0,
        102.0,
        103.0,
        104.0,
        105.0,
        106.0,
        107.0,
        108.0,
        109.0,
        110.0,
        111.0,
        112.0,
        113.0,
        114.0,
        115.0,
        116.0,
        117.0,
        118.0,
        119.0,
        120.0,
        121.0,
        122.0,
        123.0,
        124.0,
        125.0,
        126.0,
        127.0,
        128.0,
        129.0,
        130.0,
        131.0,
        132.0,
        133.0,
        134.0,
        135.0,
        136.0,
        137.0,
        138.0,
        139.0,
        140.0,
        141.0,
        142.0,
        143.0,
        144.0,
        145.0,
        146.0,
        147.0,
        148.0,
        149.0,
        150.0,
        151.0,
        152.0,
        153.0,
        154.0,
        155.0
    ],
    "vevDepthReal": [
        -809565.734704653,
        -788428.9546676783,
        -767672.8006785351,
        -747293.4957104458,
        -727287.625133567,
        -707652.0378121153,
        -688383.8469772621,
        -669480.4251466554,
        -650939.3733630653,
        -632758.5268180578,
        -614935.9432273362,
        -597469.8713822894,
        -580358.7774743494,
        -563601.2949903444,
        -547196.2586235402,
        -531142.6604061394,
        -515439.66336532315,
        -500086.58946223254,
        -485082.91535842797,
        -470428.2630969108,
        -456122.4003963878,
        -442165.23101724364,
        -428556.7933520479,
        -415297.242839944,
        -402386.92271502956,
        -389826.2063471222,
        -377615.6492888543,
        -365755.92768072954,
        -354247.8103191724,
        -343092.19765001885,
        -332290.113478696,
        -321842.5558992216,
        -311751.15222206165,
        -302016.8905872173,
        -292641.3796462879,
        -283626.2223638868,
        -274973.14395957114,
        -266683.991615906,
        -258760.75585643825,
        -251205.54046201866,
        -244020.60335281235,
        -237208.33389013968,
        -230771.3270563534,
        -224712.26990324634,
        -219034.0677263935,
        -213739.85214104652,
        -208832.90156649603,
        -204316.77489229187,
        -200195.28747045828,
        -196472.54993205616,
        -193153.0388885998,
        -190241.6195542982,
        -187743.6556329464,
        -185665.1093300337,
        -184012.69957051348,
        -182794.12524882704,
        -182018.41970516284,
        -181696.53135044605,
        -181842.37380684924,
        -182475.0236391608,
        -183624.53625576317,
        -185360.77920111897,
        -187712.0646075475,
        -190125.82292793834,
        -192591.118400702,
        -195107.29410134244
    ],
    "vevDepthImag": [
        0.0,
        0.0,
        0.0,
        0.0,
        0.0,
        0.0,
        0.0,
        0.0,
        0.0,
        0.0,
        0.0,
        0.0,
        0.0,
        0.0,
        0.0,
        0.0,
        0.0,
        0.0,
        0.0,
        0.0,
        0.0,
        0.0,
        0.0,
        0.0,
        0.0,
        0.0,
        0.0,
        0.0,
        0.0,
        0.0,
        0.0,
        0.0,
        0.0,
        0.0,
        0.0,
        0.0,
        0.0,
        0.0,
        0.0,
        0.0,
        0.0,
        0.0,
        0.0,
        0.0,
        0.0,
        0.0,
        0.0,
        0.0,
        0.0,
        0.0,
        0.0,
        0.0,
        0.0,
        0.0,
        0.0,
        0.0,
        0.0,
        0.0,
        0.0,
        0.0,
        0.0,
        0.0,
        0.0,
        0.0,
        0.0,
        0.0
    ],
    "vevLocation": [
        [
            4.2807722250589805e-05,
            -0.0023558924834938266,
            1.7029486350543174e-05,
            -0.00014695706951337205,
            -4.1903985431995805e-06,
            -5.1746701248719766e-05,
            -0.00017564328451880209,
            -7.176862828024017e-05,
            0.00019078954035443851,
            -0.0009404249013879006,
            0.00015273514378127961,
            0.0003649795090830549,
            -0.00040563239470180895,
            0.0006926007172560859,
            0.00021950710450945564,
            0.0006641416836299899,
            -0.00035717124639803033,
            0.00011877525194293695,
            5.5121863775514646e-06,
            -0.00020065392958060722,
            1.375129365863148e-05,
            -4.3018040433736356e-05,
            0.0003191078890799337,
            -0.001225579761028283,
            0.0003088285645958637,
            2.0029014075864627e-05,
            0.00014352847500397376,
            -0.00012156475143058898,
            6.110543636361765e-07,
            0.0009587145258414115,
            8.950022422652901e-05,
            -0.004496461622791064,
            2.6797527546695843e-06,
            7.472465208734069e-06,
            3.544450959904952e-05,
            1.622809820690449e-05,
            1.0692772975606779e-05,
            0.0010627037585650978,
            5.386338580547906e-05,
            1.74243434102328e-05,
            -6.597909484125148e-06,
            0.0018969907867790181,
            2.498684650679983e-06,
            -0.0003048951916025033,
            -0.0012113798060706844,
            8.193067305829055e-05,
            6.045072307450487e-06,
            0.0001784280774825087,
            -0.00011482282892002343,
            0.0007270364758835291,
            0.0005090431515236138,
            2.8586754011045157e-06,
            -2.0489805576362724e-05,
            -0.0001875281645248375,
            7.74285443658207e-06,
            3.279049001544271e-07,
            -1.4698365954211434e-05,
            3.4475582738887484e-05,
            8.82673290546615e-05,
            3.8067814966133776e-05,
            -0.0001137062676368622,
            -0.00035919083301797286,
            1.907584861065778e-05,
            1.4418270880613035e-06,
            1.4258243104272225e-06,
            1.43e-06
        ],
        [
            0.0001,
            0.0001,
            0.0001,
            0.0001,
            0.0001,
            0.0001,
            0.0001,
            0.0001,
            0.0002816201284532541,
            0.0001,
            0.0001,
            0.0001,
            0.0001,
            0.0008197508323537165,
            0.0009000075021322096,
            0.00027368138802299526,
            0.0001,
            0.0001,
            0.0001,
            0.0001,
            0.0001,
            0.0001,
            0.0001,
            0.0001,
            0.0001,
            0.0001,
            0.0011571509631871013,
            0.0001,
            0.0001,
            0.0001,
            0.00016896098521909485,
            0.0001,
            0.0001,
            0.0001,
            0.0001,
            0.0001,
            0.0001,
            0.0001,
            0.0001,
            0.0001,
            0.0001,
            0.0001,
            0.0001,
            0.0001,
            0.0001,
            0.0001,
            0.0001,
            0.0001,
            0.0001,
            0.0001,
            0.0001,
            0.0001,
            0.0001,
            0.00020648155577644088,
            0.0001,
            0.0001,
            0.0001,
            0.0001,
            0.0001,
            0.0001,
            0.0001,
            0.0001,
            0.0001,
            0.0001,
            0.0001,
            0.0001
        ],
        [
            23.81209202840742,
            23.58799980777187,
            23.362649272461425,
            23.13800129383822,
            22.913509204603507,
            22.68859211315071,
            22.46324329651239,
            22.238812674149564,
            22.0132015058139,
            21.7875051479033,
            21.56121486168096,
            21.335134146545837,
