{
    "bmNumber": 1,
    "failureReason": false,
    "T": [
        90.0,
        91.0,
        92.0,
        93.0,
        94.0,
        95.0,
        96.0,
        97.0,
        98.0,
        99.0,
        100.0,
        101.0,
        102.0,
        103.0,
        104.0,
        105.0,
        106.0,
        107.0,
        108.0,
        109.0,
        110.0,
        111.0,
        112.0,
        113.0,
        114.0,
        115.0,
        116.0,
        117.0,
        118.0,
        119.0,
        120.0,
        121.0,
        122.0,
        123.0,
        124.0,
        125.0,
        126.0,
        127.0,
        128.0,
        129.0,
        130.0,
        131.0,
        132.0,
        133.0,
        134.0,
        135.0,
        136.0,
        137.0,
        138.0,
        139.0,
        140.0,
        141.0,
        142.0,
        143.0,
        144.0,
        145.0,
        146.0,
        147.0,
        148.0,
        149.0,
        150.0,
        151.0,
        152.0,
        153.0,
        154.0
    ],
    "vevDepthReal": [
        -808035.5128802148,
        -786940.1812046955,
        -766224.7653550715,
        -745885.4295199767,
        -725918.6475121231,
        -706321.184888966,
        -687090.0877887023,
        -668222.661561294,
        -649716.4663414222,
        -631569.295979243,
        -613779.1770369143,
        -596344.3509405612,
        -579263.2576993423,
        -562534.5462326714,
        -546157.0446329322,
        -530129.7662307181,
        -514451.8962108197,
        -499122.7859123092,
        -484141.94659579726,
        -469509.04328375234,
        -455223.88937602675,
        -441286.40735551115,
        -427696.80044498533,
        -414455.1933020165,
        -401561.9840895336,
        -389017.66469271615,
        -376822.8516840815,
        -364978.2850299188,
        -353484.82575483166,
        -342343.4541334717,
        -331555.2701098273,
        -321121.4896126252,
        -311043.44741297903,
        -301322.59576917894,
        -291960.4947107842,
        -282958.868627695,
        -274319.5016210206,
        -266044.33912861545,
        -258135.45059292277,
        -250595.04154428365,
        -243425.44655196747,
        -236629.1581060203,
        -230208.81356652328,
        -224167.22674629441,
        -218507.3769484955,
        -213232.44336928494,
        -208345.8168882295,
        -203851.1235683056,
        -199752.25394508007,
        -196053.4001276305,
        -192759.10529396246,
        -189874.32086670637,
        -187404.49454806597,
        -185355.60665750614,
        -183734.70099115008,
        -182549.3820188155,
        -181808.9271472044,
        -181524.52478745556,
        -181710.4674391655,
        -182386.55239133068,
        -183584.61551523415,
        -185394.02085460268,
        -187758.15674922641,
        -190174.51753810354,
        -192642.3070877783
    ],
    "vevDepthImag": [
        0.0,
        0.0,
        0.0,
        0.0,
        0.0,
        0.0,
        0.0,
        0.0,
        0.0,
        0.0,
        0.0,
        0.0,
        0.0,
        0.0,
        0.0,
        0.0,
        0.0,
        0.0,
        0.0,
        0.0,
        0.0,
        0.0,
        0.0,
        0.0,
        0.0,
        0.0,
        0.0,
        0.0,
        0.0,
        0.0,
        0.0,
        0.0,
        0.0,
        0.0,
        0.0,
        0.0,
        0.0,
        0.0,
        0.0,
        0.0,
        0.0,
        0.0,
        0.0,
        0.0,
        0.0,
        0.0,
        0.0,
        0.0,
        0.0,
        0.0,
        0.0,
        0.0,
        0.0,
        0.0,
        0.0,
        0.0,
        0.0,
        0.0,
        0.0,
        0.0,
        0.0,
        0.0,
        0.0,
        0.0,
        0.0
    ],
    "vevLocation": [
        [
            6.757640760257644e-05,
            -5.619280937694919e-05,
            7.884470186672599e-05,
            -0.00014507066851028653,
            -5.422426951784409e-06,
            7.250696431451417e-05,
            -4.675123298972239e-05,
            -0.00034290931436965766,
            -2.6883943403804844e-05,
            -0.0007787488300527723,
            -0.00023499092834688984,
            -9.382084085358955e-07,
            0.0005272626093210248,
            -1.3001526286620518e-05,
            1.540020227979918e-05,
            7.308494430584289e-06,
            1.3963649582321176e-05,
            5.375963657501537e-05,
            -6.199624221840672e-05,
            0.000174355249445729,
            0.00014392468896044655,
            -0.0007236864865350062,
            9.456979992569087e-05,
            -0.0001264733765491688,
            -0.0001399237296885944,
            6.94006184635623e-05,
            -2.7913280446489885e-06,
            4.755821981131114e-06,
            -3.0085421899537015e-05,
            0.00013615658064220285,
            8.038044276969386e-07,
            1.2276054994798946e-06,
            5.614682614361877e-07,
            0.00014138930628848374,
            -0.0017333153424043402,
            -0.0005499532053645784,
            0.00019353568622893814,
            0.0003981717587744904,
            0.0004921857346277848,
            -4.552849989159641e-05,
            -0.0006003536256809494,
            -3.026915083195747e-05,
            0.0005262815128708893,
            -0.0001866272118222033,
            3.986304656342088e-05,
            4.043910705414655e-05,
            -0.0001354776528475765,
            1.7589898294242956e-06,
            1.1135733577027906e-05,
            -8.375473873563355e-05,
            3.691138466772881e-06,
            -0.000140196036037335,
            6.082074002947135e-06,
            0.0045500653908619425,
            2.1389412604329034e-06,
            0.00046925781027604835,
            0.0005472512273284047,
            -2.642758915906429e-07,
            -1.9375233337124874e-05,
            -4.483999428545049e-05,
            -7.225454029206185e-07,
            -5.743436838609971e-05,
            1.4379369837422086e-06,
            1.44e-06,
            1.44e-06
        ],
        [
            0.0001,
            0.0001,
            0.0001,
            0.0001,
            0.0001,
            0.0001,
            0.0001,
            0.0001,
            0.0001,
            0.0001,
            0.0007881159349669066,
            0.0001,
            0.0001,
            0.0001,
            0.0001,
            0.0001,
            0.0001,
            0.0001,
            0.0001,
            0.0001,
            0.0001,
            0.0012554649406462048,
            0.00035905802170116494,
            0.0001,
            0.0001,
            0.0001,
            0.0001,
            0.0001,
            0.0001,
            0.0001,
            0.0001,
            0.0001,
            0.0001,
            0.0001,
            0.0001,
            0.0001,
            0.0001,
            0.0001,
            0.0001,
            0.0001,
            0.00011340734800523946,
            0.0001,
            0.0001,
            0.0001,
            0.0001,
            0.0001,
            0.0001,
            0.0001,
            0.0001,
            0.0001,
            0.0001,
            0.0001,
            0.0001,
            0.0001,
            0.0001,
            0.0001,
            0.0001,
            0.0001,
            0.0001,
            0.0001,
            0.0001,
            0.0001,
            0.0001,
            0.0001,
            0.0001
        ],
        [
            23.808156483509528,
            23.583528327717076,
            23.35884891084386,
            23.134203207354734,
            22.90974363801903,
            22.685511991703123,
            22.4603468224822,
            22.235219463403855,
            22.00993722662146,
            21.784257994514558,
            21.558295664566852,
            21.331173106730308,
            21.103380914971304,
            20.875458839284622,
            20.646364073437496,
