{
    "T": [
        90.0,
        91.0,
        92.0,
        93.0,
        94.0,
        95.0,
        96.0,
        97.0,
        98.0,
        99.0,
        100.0,
        101.0,
        102.0,
        103.0,
        104.0,
        105.0,
        106.0,
        107.0,
        108.0,
        109.0,
        110.0,
        111.0,
        112.0,
        113.0,
        114.0,
        115.0,
        116.0,
        117.0,
        118.0,
        119.0,
        120.0,
        121.0,
        122.0,
        123.0,
        124.0,
        125.0,
        126.0,
        127.0,
        128.0,
        129.0,
        130.0,
        131.0,
        132.0,
        133.0,
        134.0,
        135.0,
        136.0,
        137.0,
        138.0,
        139.0,
        140.0,
        141.0,
        142.0,
        143.0,
        144.0,
        145.0,
        146.0,
        147.0,
        148.0,
        149.0,
        150.0,
        151.0,
        152.0,
        153.0,
        154.0,
        155.0
    ],
    "vevDepthReal": [
        -809437.3727348817,
        -788323.2918101363,
        -767589.3907618406,
        -747231.8092766164,
        -727246.9985859492,
        -707631.7028557028,
        -688382.9438378103,
        -669498.0081017597,
        -650974.4323642128,
        -632809.9915132351,
        -615002.6950266085,
        -597550.7546819074,
        -580452.6028235091,
        -563706.8601155113,
        -547312.3404682166,
        -531268.0372977494,
        -515573.1173409719,
        -500226.9139110223,
        -485228.9200542777,
        -470578.78312814294,
        -456276.2991016387,
        -442321.4078722858,
        -428714.1883748632,
        -415454.854776836,
        -402543.7524044766,
        -389981.35699404543,
        -377768.26636895403,
        -365905.20344694104,
        -354393.0118405456,
        -343232.6550635051,
        -332425.21387816576,
        -321971.88778305496,
        -311873.9932101804,
        -302132.96404942765,
        -292750.3521312751,
        -283727.83315534133,
        -275067.1978135861,
        -266770.36844274786,
        -258839.39089682454,
        -251276.4410230218,
        -244083.85314992937,
        -237264.07606836542,
        -230819.7323181429,
        -224753.60444913822,
        -219068.6460622171,
        -213768.02435820363,
        -208855.07754645974,
        -204333.40642277192,
        -200206.8636420118,
        -196479.60026856285,
        -193156.1104985753,
        -190241.2981439819,
        -187740.54165170545,
        -185659.82030972905,
        -184005.86371489082,
        -182786.37546724,
        -182010.3911143118,
        -181688.84801601595,
        -181835.68823794776,
        -182469.97620748688,
        -183621.84021049246,
        -185361.71165173905,
        -187714.64701711523,
        -190128.75995159496,
        -192594.39750869095,
        -195110.89462625002
    ],
    "vevDepthImag": [
        0.0,
        0.0,
        0.0,
        0.0,
        0.0,
        0.0,
        0.0,
        0.0,
        0.0,
        0.0,
        0.0,
        0.0,
        0.0,
        0.0,
        0.0,
        0.0,
        0.0,
        0.0,
        0.0,
        0.0,
        0.0,
        0.0,
        0.0,
        0.0,
        0.0,
        0.0,
        0.0,
        0.0,
        0.0,
        0.0,
        0.0,
        0.0,
        0.0,
        0.0,
        0.0,
        0.0,
        0.0,
        0.0,
        0.0,
        0.0,
        0.0,
        0.0,
        0.0,
        0.0,
        0.0,
        0.0,
        0.0,
        0.0,
        0.0,
        0.0,
        0.0,
        0.0,
        0.0,
        0.0,
        0.0,
        0.0,
        0.0,
        0.0,
        0.0,
        0.0,
        0.0,
        0.0,
        0.0,
        0.0,
        0.0,
        0.0
    ],
    "vevLocation": [
        [
            -0.00021240172519928612,
            0.000376798985516456,
            1.1944314721848252e-05,
            -0.00014790610657640065,
            0.00018684956531378125,
            7.652621913017965e-06,
            -4.780130803544447e-07,
            -1.0235177186554423e-06,
            -8.508254862196751e-05,
            0.0009326880138218994,
            -1.519065281053826e-05,
            -1.6576202034296328e-05,
            -1.8656104757532217e-05,
            -9.81398933108113e-05,
            1.5115712067583425e-05,
            4.33584290417989e-06,
            -0.00012720683995474683,
            -3.7488346732861624e-05,
            1.7963634255352412e-05,
            3.6065882615399225e-06,
            4.2106731900401484e-05,
            1.7309428930745163e-06,
            1.844527956783304e-06,
            -0.0001621283435415677,
            0.00039361753776311764,
            -7.62762949821083e-05,
            1.5190129435068561e-05,
            5.217508207946975e-05,
            -0.00014349317792222965,
            1.2291253933816026e-06,
            5.408031401557718e-05,
            9.467425197372953e-05,
            -8.225005534334695e-05,
            -0.00016952987816445594,
            -0.0005244849221260062,
            6.759059204781287e-05,
            0.00043243231316944,
            -1.9910474807455225e-05,
            -1.424222014300737e-05,
            -0.0010923423183979092,
            -1.5352272773783322e-06,
            8.300714277706747e-05,
            -0.0005832260028797442,
            0.0008244305152660726,
            0.0008976485741327275,
            -2.879142995011448e-05,
            0.00026680129877869763,
            0.0001008784900526083,
            -5.789776584819162e-05,
            -9.194930825987598e-05,
            0.0004678951755607841,
            -8.223518047584255e-05,
            1.1426496289292792e-05,
            8.432081241063413e-06,
            1.2021398069032678e-05,
            -6.150308099958646e-06,
            -3.240669562117396e-05,
            0.0002779788870809815,
            -2.373089685577326e-05,
            2.3969130026038968e-05,
            0.00037045367535689863,
            -0.00021298669911327343,
            1.8395623166536645e-05,
            1.84e-05,
            2.450868620273994e-07,
            2.5e-07
        ],
        [
            0.0001,
            0.0001,
            0.0001,
            0.0001,
            0.0001,
            0.0001,
            0.0001,
            0.0001,
            0.0001,
            0.0001,
            0.0001,
            0.0001,
            0.0001,
            0.0001,
            0.00010874765546037796,
            0.0001,
            0.0001,
            0.0001,
            0.0001,
            0.0001,
            0.0001,
            0.0001,
            0.0001,
            0.0001,
            0.0001,
            0.0001,
            0.0001,
            0.0001,
            0.0001,
            0.0001,
            0.00023115162550480694,
            0.0001,
            0.0001,
            0.0001,
            0.00010245616001921416,
            0.0001,
            0.0001,
            0.0001,
            0.0001,
            0.0001,
            0.0001,
            0.0002698209109242584,
            0.0001,
            0.0001,
            0.0001,
            0.0001,
            0.0001,
            0.0001,
            0.0001,
            0.0001887785380097675,
            0.0001,
            0.0001813852213814822,
            0.0001,
            0.0001,
            0.0001,
            0.0001,
            0.0001,
            0.0001,
            0.0001,
            0.00047026343356049475,
            0.0001,
            0.0001,
            0.0001273185202667028,
            0.00010683,
            0.0001,
            0.0001
        ],
        [
            23.81073971993858,
            23.586234175308476,
            23.361607533371686,
            23.1372276633716,
            22.912810518080807,
            22.688493658041878,
            22.46377570960842,
            22.239091265760873,
            22.013566335997563,
            21.78851847774358,
            21.562332771001927,
