{
    "T": [
        90.0,
        91.0,
        92.0,
        93.0,
        94.0,
        95.0,
        96.0,
        97.0,
        98.0,
        99.0,
        100.0,
        101.0,
        102.0,
        103.0,
        104.0,
        105.0,
        106.0,
        107.0,
        108.0,
        109.0,
        110.0,
        111.0,
        112.0,
        113.0,
        114.0,
        115.0,
        116.0,
        117.0,
        118.0,
        119.0,
        120.0,
        121.0,
        122.0,
        123.0,
        124.0,
        125.0,
        126.0,
        127.0,
        128.0,
        129.0,
        130.0,
        131.0,
        132.0,
        133.0,
        134.0,
        135.0,
        136.0,
        137.0,
        138.0,
        139.0,
        140.0,
        141.0,
        142.0,
        143.0,
        144.0,
        145.0,
        146.0,
        147.0,
        148.0,
        149.0,
        150.0,
        151.0,
        152.0,
        153.0,
        154.0,
        155.0
    ],
    "vevDepthReal": [
        -809437.5630958712,
        -788323.6900143255,
        -767589.9991603917,
        -747232.6197384084,
        -727248.0062429174,
        -707632.9014469547,
        -688384.3257636945,
        -669499.5657485202,
        -650976.1561990756,
        -632811.8715742782,
        -615004.7206526692,
        -597552.9158634064,
        -580454.8845755188,
        -563709.237776455,
        -547314.8327861906,
        -531270.6157104129,
        -515575.76918844326,
        -500229.62702462054,
        -485231.6817244985,
        -470581.5773409489,
        -456279.11335673614,
        -442324.2418199217,
        -428717.02279221313,
        -415457.67841667176,
        -402546.5551118521,
        -389984.12711828254,
        -377770.9945051455,
        -365907.880404293,
        -354395.6277197471,
        -343235.2039710862,
        -332427.6795331192,
        -321974.2772902262,
        -311876.27009821916,
        -302135.1720640478,
        -292752.4618406566,
        -283729.8392405312,
        -275069.0493610123,
        -266772.15927191277,
        -258841.07038046193,
        -251278.0112007529,
        -244085.30720362242,
        -237265.41923342575,
        -230820.96418896352,
        -224754.72876089276,
        -219069.66065448342,
        -213768.93434739514,
        -208855.88534996443,
        -204334.1160005804,
        -200207.4826818757,
        -196480.1306377467,
        -193156.56004212837,
        -190241.67160477908,
        -187740.84502009285,
        -185660.06033491628,
        -184006.04831133957,
        -182786.4920289409,
        -182010.47468429542,
        -181688.91420946317,
        -181835.7238754118,
        -182469.99073203682,
        -183621.8434092978,
        -185361.71340870587,
        -187714.65526163162,
        -190128.772313633,
        -192594.41427853127,
        -195110.91599699738
    ],
    "vevDepthImag": [
        0.0,
        0.0,
        0.0,
        0.0,
        0.0,
        0.0,
        0.0,
        0.0,
        0.0,
        0.0,
        0.0,
        0.0,
        0.0,
        0.0,
        0.0,
        0.0,
        0.0,
        0.0,
        0.0,
        0.0,
        0.0,
        0.0,
        0.0,
        0.0,
        0.0,
        0.0,
        0.0,
        0.0,
        0.0,
        0.0,
        0.0,
        0.0,
        0.0,
        0.0,
        0.0,
        0.0,
        0.0,
        0.0,
        0.0,
        0.0,
        0.0,
        0.0,
        0.0,
        0.0,
        0.0,
        0.0,
        0.0,
        0.0,
        0.0,
        0.0,
        0.0,
        0.0,
        0.0,
        0.0,
        0.0,
        0.0,
        0.0,
        0.0,
        0.0,
        0.0,
        0.0,
        0.0,
        0.0,
        0.0,
        0.0,
        0.0
    ],
    "vevLocation": [
        [
            -0.001025713085813583,
            0.0011359262157593364,
            1.930337250139781e-05,
            -0.00014801372881424732,
            0.00010374633724980899,
            7.723746764189826e-06,
            0.00012490531733173188,
            -1.3695821884651682e-06,
            -8.841205892164139e-05,
            0.0009333301958109149,
            0.00016734794675742765,
            3.3507727714557345e-05,
            -0.0002478715494113916,
            0.0023115682752394215,
            2.420524752351494e-05,
            2.9036197350835907e-05,
            -0.00019662069188744642,
            3.753813503717951e-06,
            1.855377379600398e-05,
            0.0005844557147442614,
            -0.0007332492357681741,
            3.197814524947e-05,
            5.854791198467435e-06,
            -0.00016209441879558306,
            2.29615464150245e-06,
            1.4215749320073585e-05,
            3.086833366306558e-05,
            5.755074124011439e-05,
            0.0001636439419151238,
            3.0745027958687873e-06,
            -0.0009807637648205358,
            -0.0005540048963331252,
            0.0005536437976086106,
            -0.00016922583261360508,
            -0.00038856270358083103,
            7.976372078768307e-05,
            -0.00302453860264823,
            -1.9898492887651664e-05,
            -0.00023912351113324765,
            -0.00042133699853239004,
            0.0006362932376950438,
            -0.0002809964754457994,
            -0.0005873384397663273,
            2.864871569271954e-05,
            0.0008994210344286917,
            -2.8724437603506753e-05,
            -0.0004032043154306719,
            -0.0006021683805321337,
            -3.79117932397359e-05,
            -0.0005069522758376285,
            0.0004625488852915416,
            -0.0001652547134556731,
            -1.8754076713423107e-05,
            0.00011938141840250882,
            -2.857657117980657e-05,
            -0.0017763372339031722,
            1.4132564892428007e-05,
            -0.0005158606478091327,
            2.3776089900931843e-06,
            -0.0007190699247877769,
            -4.238338919853278e-06,
            -0.00014281387138955295,
            7.538620499900062e-05,
            7.539e-05,
            -5.852422511679056e-06,
            -5.85e-06
        ],
        [
            0.0008741150692488375,
            0.0001,
            0.0001,
            0.0001,
            0.0001740382165024956,
            0.0001,
            0.00035141655919755064,
            0.0001,
            0.0001,
            0.0001,
            0.0001,
            0.0001,
            0.0003580854804913283,
            0.0001,
            0.0001,
            0.00015012572860684776,
            0.0001,
            0.0001,
            0.0001,
            0.0001,
            0.0001,
            0.0001,
            0.0001,
            0.0001,
            0.0001,
            0.0001,
            0.0001,
            0.0001,
            0.0001,
            0.0001,
            0.0001,
            0.0001,
            0.0027612641140884932,
            0.0001,
            0.0001,
            0.0001,
            0.0001,
            0.0001,
            0.0001,
            0.0007336493643188006,
            0.0001,
            0.0001,
            0.0001,
            0.0001,
            0.0001,
            0.0001,
            0.0001,
            0.0001,
            0.0001,
            0.0001,
            0.0001,
            0.0001,
            0.0001,
            0.0001,
            0.0001,
            0.0001,
            0.0001,
            0.0001,
            0.0001,
            0.0001,
            0.0001,
            0.0008115821006538248,
            0.0001408278519749867,
            0.0001102075,
            0.0001,
            0.0001
        ],
        [
            23.810400545683603,
            23.585456166102023,
            23.361612032195108,
            23.13723783183532,
            22.912987929585228,
            22.688509875901275,
            22.464007833999855,
            22.23911307840689,
            22.013591713659658,
            21.788545626945016,
            21.5622748451885,
