{
    "T": [
        90.0,
        91.0,
        92.0,
        93.0,
        94.0,
        95.0,
        96.0,
        97.0,
        98.0,
        99.0,
        100.0,
        101.0,
        102.0,
        103.0,
        104.0,
        105.0,
        106.0,
        107.0,
        108.0,
        109.0,
        110.0,
        111.0,
        112.0,
        113.0,
        114.0,
        115.0,
        116.0,
        117.0,
        118.0,
        119.0,
        120.0,
        121.0,
        122.0,
        123.0,
        124.0,
        125.0,
        126.0,
        127.0,
        128.0,
        129.0,
        130.0,
        131.0,
        132.0,
        133.0,
        134.0,
        135.0,
        136.0,
        137.0,
        138.0,
        139.0,
        140.0,
        141.0,
        142.0,
        143.0,
        144.0,
        145.0,
        146.0,
        147.0,
        148.0,
        149.0,
        150.0,
        151.0,
        152.0,
        153.0,
        154.0,
        155.0,
        156.0,
        157.0,
        158.0,
        159.0,
        160.0,
        161.0,
        162.0,
        163.0,
        164.0,
        165.0,
        166.0,
        167.0,
        168.0,
        169.0,
        170.0,
        171.0,
        172.0,
        173.0,
        174.0,
        175.0,
        176.0,
        177.0,
        178.0,
        179.0,
        180.0,
        181.0,
        182.0,
        183.0,
        184.0,
        185.0,
        186.0,
        187.0,
        188.0,
        189.0,
        190.0,
        191.0,
        192.0,
        193.0,
        194.0,
        195.0,
        196.0,
        197.0,
        198.0,
        199.0,
        200.0
    ],
    "vevDepthReal": [
        -567703.0237739618,
        -555306.5252863956,
        -543176.6358782144,
        -531307.5655303525,
        -519693.73139438167,
        -508329.9715475892,
        -497211.3285245334,
        -486333.0768906301,
        -475690.72455889283,
        -465279.9886502543,
        -455096.81826391804,
        -445136.5353359041,
        -435397.79930598894,
        -425874.13486320234,
        -416564.8729603499,
        -407464.9267991755,
        -398571.8037064796,
        -389882.88941636763,
        -381395.2613236761,
        -373106.28375358495,
        -365013.49568602466,
        -357114.58366910066,
        -349407.2630419871,
        -341889.42384027434,
        -334559.0260960475,
        -327414.1468563381,
        -320452.9749335351,
        -313673.76138460985,
        -307074.8700307109,
        -300654.7356282087,
        -294411.8941718278,
        -288344.9454043004,
        -282452.59632343485,
        -276733.5687856751,
        -271186.6991979756,
        -265810.87734286144,
        -260605.06471743438,
        -255568.28334853105,
        -250699.602546648,
        -245998.2045027927,
        -241463.24091330278,
        -237093.97843773518,
        -232889.72130155348,
        -228849.78715898193,
        -224973.68614305693,
        -221260.7624513494,
        -217710.54734906717,
        -214322.58218300887,
        -211096.4501441207,
        -208031.77449894417,
        -205128.22772493033,
        -202385.50779818138,
        -199803.36026682955,
        -197381.5663160929,
        -195119.94073283306,
        -193018.33479655563,
        -191076.63411958347,
        -189294.75727183194,
        -187672.65048193972,
        -186210.30448614593,
        -184907.74050209706,
        -183764.98366835093,
        -182782.1210837363,
        -181959.24837028905,
        -181296.50380495662,
        -180794.0489073361,
        -180452.06609801116,
        -180270.7735532853,
        -180250.41413441335,
        -180391.25636109593,
        -180693.59919525206,
        -181157.7626203732,
        -181784.09548007295,
        -182572.97471744678,
        -183524.7998571442,
        -184639.99218394613,
        -185919.02393389697,
        -187362.36208783224,
        -188970.51351558784,
        -190744.01629400326,
        -192683.4333184624,
        -194789.35340935356,
        -197062.39807776525,
        -199503.21778348356,
        -202112.49257106817,
        -204890.93639970903,
        -207839.2959224694,
        -210958.35595006513,
        -214248.84241679317,
        -217711.5216058647,
        -221347.27746449126,
        -225157.0517449095,
        -229141.80949753372,
        -233302.5897101625,
        -237640.3944862691,
        -242156.69001950292,
        -246852.42511823477,
        -251729.0423345269,
        -256787.99531029363,
        -262030.86842275396,
        -267459.4130971829,
        -273075.583090294,
        -278881.60402524204,
        -284880.0289605096,
        -291074.066222693,
        -297467.60162749,
        -304064.5576994707,
        -310877.28862699994,
        -317919.473764301,
        -325233.6232509743,
        -332659.281802844
    ],
    "vevDepthImag": [
        0.0,
        0.0,
        0.0,
        0.0,
        0.0,
        0.0,
        0.0,
        0.0,
        0.0,
        0.0,
        0.0,
        0.0,
        0.0,
        0.0,
        0.0,
        0.0,
        0.0,
        0.0,
        0.0,
        0.0,
        0.0,
        0.0,
        0.0,
        0.0,
        0.0,
        0.0,
        0.0,
        0.0,
        0.0,
        0.0,
        0.0,
        0.0,
        0.0,
        0.0,
        0.0,
        0.0,
        0.0,
        0.0,
        0.0,
        0.0,
        0.0,
        0.0,
        0.0,
        0.0,
        0.0,
        0.0,
        0.0,
        0.0,
        0.0,
        0.0,
        0.0,
        0.0,
        0.0,
        0.0,
        0.0,
        0.0,
        0.0,
        0.0,
        0.0,
        0.0,
        0.0,
        0.0,
        0.0,
        0.0,
        0.0,
        0.0,
        0.0,
        0.0,
        0.0,
        0.0,
        0.0,
        0.0,
        0.0,
        0.0,
        0.0,
        0.0,
        0.0,
        0.0,
        0.0,
        0.0,
        0.0,
        0.0,
        0.0,
        0.0,
        0.0,
        0.0,
        0.0,
        0.0,
        0.0,
        0.0,
        0.0,
        0.0,
        0.0,
        0.0,
        0.0,
        0.0,
        0.0,
        0.0,
        0.0,
        0.0,
        0.0,
        0.0,
        0.0,
        0.0,
        0.0,
        0.0,
        0.0,
        0.0,
        0.0,
        0.0,
        0.0
    ],