{
    "T": [
        90.0,
        91.0,
        92.0,
        93.0,
        94.0,
        95.0,
        96.0,
        97.0,
        98.0,
        99.0,
        100.0,
        101.0,
        102.0,
        103.0,
        104.0,
        105.0,
        106.0,
        107.0,
        108.0,
        109.0,
        110.0,
        111.0,
        112.0,
        113.0,
        114.0,
        115.0,
        116.0,
        117.0,
        118.0,
        119.0,
        120.0,
        121.0,
        122.0,
        123.0,
        124.0,
        125.0,
        126.0,
        127.0,
        128.0,
        129.0,
        130.0,
        131.0,
        132.0,
        133.0,
        134.0,
        135.0,
        136.0,
        137.0,
        138.0,
        139.0,
        140.0,
        141.0,
        142.0,
        143.0,
        144.0,
        145.0,
        146.0,
        147.0,
        148.0,
        149.0,
        150.0,
        151.0,
        152.0,
        153.0,
        154.0,
        155.0,
        156.0,
        157.0,
        158.0,
        159.0,
        160.0,
        161.0,
        162.0,
        163.0,
        164.0,
        165.0,
        166.0,
        167.0,
        168.0,
        169.0,
        170.0,
        171.0,
        172.0,
        173.0,
        174.0,
        175.0,
        176.0,
        177.0,
        178.0,
        179.0,
        180.0,
        181.0,
        182.0,
        183.0,
        184.0,
        185.0,
        186.0,
        187.0,
        188.0,
        189.0,
        190.0,
        191.0,
        192.0,
        193.0,
        194.0,
        195.0,
        196.0,
        197.0,
        198.0,
        199.0,
        200.0
    ],
    "vevDepthReal": [
        -567698.6306367513,
        -555302.8087725996,
        -543173.6731161133,
        -531305.2514385392,
        -519692.1239739309,
        -508329.15752020467,
        -497211.2689524338,
        -486333.77679880697,
        -475692.1719522502,
        -465282.2118298919,
        -455099.787739623,
        -445140.9944954525,
        -435402.2461393807,
        -425879.83354090166,
        -416570.7195302695,
        -407471.4499473537,
        -398579.07653098775,
        -389890.7177627669,
        -381403.62001140486,
        -373115.1907920822,
        -365022.86594885075,
        -357124.4777628562,
        -349417.56664066145,
        -341900.1339529917,
        -334570.0474649151,
        -327425.48812217417,
        -320464.40574412793,
        -313685.31618782156,
        -307086.7653512736,
        -300666.72310268297,
        -294423.9090857129,
        -288356.93429994676,
        -282464.47980334435,
        -276745.29814335814,
        -271198.2205938357,
        -265822.10897918936,
        -260615.9979880792,
        -255578.83681591006,
        -250709.7320645691,
        -246007.82510955594,
        -241472.3148302536,
        -237102.45161565449,
        -232897.54602571734,
        -228856.9491147852,
        -224980.07272850833,
        -221266.36380583703,
        -217715.32593159683,
        -214326.501651269,
        -211099.47863364528,
        -208033.8904251678,
        -205129.40355334565,
        -202385.72888708132,
        -199802.61653026054,
        -197379.851664933,
        -195117.25711478654,
        -193014.6906434811,
        -191072.0451520572,
        -189289.24783954982,
        -187666.25265046884,
        -186203.0645081196,
        -184899.6934468808,
        -183756.17518903728,
        -182772.66383363097,
        -181949.2025753384,
        -181285.9556227341,
        -180783.1026138299,
        -180440.83629493078,
        -180259.38789277762,
        -180239.0121963428,
        -180379.99274137797,
        -180682.63960904017,
        -181147.28653254674,
        -181774.30729088915,
        -182564.00804668025,
        -183516.68057615563,
        -184632.74426899658,
        -185912.64348654367,
        -187356.8489847514,
        -188965.85789139377,
        -190740.19033691272,
        -192680.37132764675,
        -194787.0727170301,
        -197060.79842716962,
        -199502.22232384572,
        -202112.00056874158,
        -204890.85557452467,
        -207839.48797162002,
        -210958.6767795934,
        -214249.21934921667,
        -217711.95853293088,
        -221347.7795026424,
        -225157.60887512815,
        -229142.4264854609,
        -233303.2747529841,
        -237641.24389895968,
        -242157.50454994437,
        -246853.30681692512,
        -251729.99167217017,
        -256789.0131078383,
        -262031.95538021246,
        -267460.56820952264,
        -273076.8092236325,
        -278882.89778686315,
        -284881.4357886321,
        -291075.5302076093,
        -297469.11377584183,
        -304067.48856984545,
        -310878.94889898377,
        -317921.21547758183,
        -325235.4372468395,
        -332661.1569163756
    ],
    "vevDepthImag": [
        0.0,
        0.0,
        0.0,
        0.0,
        0.0,
        0.0,
        0.0,
        0.0,
        0.0,
        0.0,
        0.0,
        0.0,
        0.0,
        0.0,
        0.0,
        0.0,
        0.0,
        0.0,
        0.0,
        0.0,
        0.0,
        0.0,
        0.0,
        0.0,
        0.0,
        0.0,
        0.0,
        0.0,
        0.0,
        0.0,
        0.0,
        0.0,
        0.0,
        0.0,
        0.0,
        0.0,
        0.0,
        0.0,
        0.0,
        0.0,
        0.0,
        0.0,
        0.0,
        0.0,
        0.0,
        0.0,
        0.0,
        0.0,
        0.0,
        0.0,
        0.0,
        0.0,
        0.0,
        0.0,
        0.0,
        0.0,
        0.0,
        0.0,
        0.0,
        0.0,
        0.0,
        0.0,
        0.0,
        0.0,
        0.0,
        0.0,
        0.0,
        0.0,
        0.0,
        0.0,
        0.0,
        0.0,
        0.0,
        0.0,
        0.0,
        0.0,
        0.0,
        0.0,
        0.0,
        0.0,
        0.0,
        0.0,
        0.0,
        0.0,
        0.0,
        0.0,
        0.0,
        0.0,
        0.0,
        0.0,
        0.0,
        0.0,
        0.0,
        0.0,
        0.0,
        0.0,
        0.0,
        0.0,
        0.0,
        0.0,
        0.0,
        0.0,
        0.0,
        0.0,
        0.0,
        0.0,
        0.0,
        0.0,
        0.0,
        0.0,
        0.0
    ],