{
    "T": [
        90.0,
        91.0,
        92.0,
        93.0,
        94.0,
        95.0,
        96.0,
        97.0,
        98.0,
        99.0,
        100.0,
        101.0,
        102.0,
        103.0,
        104.0,
        105.0,
        106.0,
        107.0,
        108.0,
        109.0,
        110.0,
        111.0,
        112.0,
        113.0,
        114.0,
        115.0,
        116.0,
        117.0,
        118.0,
        119.0,
        120.0,
        121.0,
        122.0,
        123.0,
        124.0,
        125.0,
        126.0,
        127.0,
        128.0,
        129.0,
        130.0,
        131.0,
        132.0,
        133.0,
        134.0,
        135.0,
        136.0,
        137.0,
        138.0,
        139.0,
        140.0,
        141.0,
        142.0,
        143.0,
        144.0,
        145.0,
        146.0,
        147.0,
        148.0,
        149.0,
        150.0,
        151.0,
        152.0,
        153.0,
        154.0,
        155.0,
        156.0,
        157.0,
        158.0,
        159.0,
        160.0,
        161.0,
        162.0,
        163.0,
        164.0,
        165.0,
        166.0,
        167.0,
        168.0,
        169.0,
        170.0,
        171.0,
        172.0,
        173.0,
        174.0,
        175.0,
        176.0,
        177.0,
        178.0,
        179.0,
        180.0,
        181.0,
        182.0,
        183.0,
        184.0,
        185.0,
        186.0,
        187.0,
        188.0,
        189.0,
        190.0,
        191.0,
        192.0,
        193.0,
        194.0,
        195.0,
        196.0,
        197.0,
        198.0,
        199.0,
        200.0
    ],
    "vevDepthReal": [
        -567703.0408847898,
        -555306.5494640744,
        -543176.7202062872,
        -531307.6046679731,
        -519693.7775385306,
        -508330.02787526493,
        -497211.3920495937,
        -486333.148813539,
        -475690.7954609096,
        -465280.0777208915,
        -455096.9157702588,
        -445136.54469099134,
        -435397.9227480249,
        -425874.87805457343,
        -416565.00982644525,
        -407463.92774367327,
        -398571.91274611873,
        -389883.0580024668,
        -381395.4280535499,
        -373106.45304088574,
        -365013.632177722,
        -357114.7690719391,
        -349407.4570925534,
        -341889.6180597367,
        -334559.2238966803,
        -327414.2997650617,
        -320453.16969150107,
        -313673.96341827896,
        -307075.0848815102,
        -300654.93826705497,
        -294412.125640037,
        -288345.18084195163,
        -282452.81835739594,
        -276733.79334150674,
        -271186.9192896481,
        -265811.09731479984,
        -260605.2842594331,
        -255568.5011831221,
        -250699.82875018785,
        -245998.41216700448,
        -241463.44410479537,
        -237094.17770517227,
        -232889.9055088406,
        -228850.0097138556,
        -224973.86603729785,
        -221260.9345873245,
        -217710.71139687335,
        -214322.7371385114,
        -211096.59572443148,
        -208031.91238931805,
        -205128.3527557902,
        -202385.62198822675,
        -199803.46377742663,
        -197381.657658272,
        -195120.01989313305,
        -193018.40147576173,
        -191076.6883926579,
        -189294.79806545138,
        -187672.67795822409,
        -186210.32786251153,
        -184907.7434077832,
        -183764.975386649,
        -182782.09833708842,
        -181959.2149603161,
        -181296.4592881542,
        -180793.98997589928,
        -180451.99591838554,
        -180270.69279880336,
        -180250.3231432867,
        -180391.15769882503,
        -180693.491581319,
        -181157.64430974345,
        -181783.97492630093,
        -182572.84932269558,
        -183524.67135724516,
        -184639.8688146772,
        -185918.89659095835,
        -187362.23435328004,
        -188970.39012245167,
        -190743.8990158518,
        -192683.32364546187,
        -194789.25344804407,
        -197062.31326310016,
        -199503.14808696273,
        -202112.4428939502,
        -204890.90790544552,
        -207839.29522919687,
        -210958.37859608562,
        -214248.86101859141,
        -217711.5461644042,
        -221347.2864280754,
        -225157.07217924198,
        -229141.8288207157,
        -233302.60923915045,
        -237640.51290610217,
        -242156.70711110916,
        -246852.42776709,
        -251729.0577926884,
        -256788.00960005578,
        -262030.88241831854,
        -267459.4250666692,
        -273075.5944662727,
        -278881.61467959796,
        -284880.0691502892,
        -291074.09063318523,
        -297467.60884171637,
        -304065.92815373,
        -310877.2932539141,
        -317919.478041697,
        -325233.6251448882,
        -332659.28297145216
    ],
    "vevDepthImag": [
        0.0,
        0.0,
        0.0,
        0.0,
        0.0,
        0.0,
        0.0,
        0.0,
        0.0,
        0.0,
        0.0,
        0.0,
        0.0,
        0.0,
        0.0,
        0.0,
        0.0,
        0.0,
        0.0,
        0.0,
        0.0,
        0.0,
        0.0,
        0.0,
        0.0,
        0.0,
        0.0,
        0.0,
        0.0,
        0.0,
        0.0,
        0.0,
        0.0,
        0.0,
        0.0,
        0.0,
        0.0,
        0.0,
        0.0,
        0.0,
        0.0,
        0.0,
        0.0,
        0.0,
        0.0,
        0.0,
        0.0,
        0.0,
        0.0,
        0.0,
        0.0,
        0.0,
        0.0,
        0.0,
        0.0,
        0.0,
        0.0,
        0.0,
        0.0,
        0.0,
        0.0,
        0.0,
        0.0,
        0.0,
        0.0,
        0.0,
        0.0,
        0.0,
        0.0,
        0.0,
        0.0,
        0.0,
        0.0,
        0.0,
        0.0,
        0.0,
        0.0,
        0.0,
        0.0,
        0.0,
        0.0,
        0.0,
        0.0,
        0.0,
        0.0,
        0.0,
        0.0,
        0.0,
        0.0,
        0.0,
        0.0,
        0.0,
        0.0,
        0.0,
        0.0,
        0.0,
        0.0,
        0.0,
        0.0,
        0.0,
        0.0,
        0.0,
        0.0,
        0.0,
        0.0,
        0.0,
        0.0,
        0.0,
        0.0,
        0.0,
        0.0
    ],