{
    "T": [
        90.0,
        91.0,
        92.0,
        93.0,
        94.0,
        95.0,
        96.0,
        97.0,
        98.0,
        99.0,
        100.0,
        101.0,
        102.0,
        103.0,
        104.0,
        105.0,
        106.0,
        107.0,
        108.0,
        109.0,
        110.0,
        111.0,
        112.0,
        113.0,
        114.0,
        115.0,
        116.0,
        117.0,
        118.0,
        119.0,
        120.0,
        121.0,
        122.0,
        123.0,
        124.0,
        125.0,
        126.0,
        127.0,
        128.0,
        129.0,
        130.0,
        131.0,
        132.0,
        133.0,
        134.0,
        135.0,
        136.0,
        137.0,
        138.0,
        139.0,
        140.0,
        141.0,
        142.0,
        143.0,
        144.0,
        145.0,
        146.0,
        147.0,
        148.0,
        149.0,
        150.0,
        151.0,
        152.0,
        153.0,
        154.0,
        155.0,
        156.0,
        157.0,
        158.0,
        159.0,
        160.0,
        161.0,
        162.0,
        163.0,
        164.0,
        165.0,
        166.0,
        167.0,
        168.0,
        169.0,
        170.0,
        171.0,
        172.0,
        173.0,
        174.0,
        175.0,
        176.0,
        177.0,
        178.0,
        179.0,
        180.0,
        181.0,
        182.0,
        183.0,
        184.0,
        185.0,
        186.0,
        187.0,
        188.0,
        189.0,
        190.0,
        191.0,
        192.0,
        193.0,
        194.0,
        195.0,
        196.0,
        197.0,
        198.0,
        199.0,
        200.0
    ],
    "vevDepthReal": [
        -567703.0408847898,
        -555306.5494640742,
        -543176.7202062892,
        -531307.6049050442,
        -519693.7782086361,
        -508330.02759457316,
        -497211.3920495936,
        -486333.14881353895,
        -475690.79547710053,
        -465280.0777208917,
        -455096.9157702588,
        -445136.5445208685,
        -435397.8976903141,
        -425874.87805456435,
        -416565.0098259737,
        -407463.9277431861,
        -398571.91274612234,
        -389883.05800249986,
        -381395.42825960246,
        -373106.45304088586,
        -365013.6321868149,
        -357114.76907696674,
        -349407.45709255326,
        -341889.61805859,
        -334559.2238966803,
        -327414.34139012836,
        -320453.18298134196,
        -313673.96341828007,
        -307075.0848815101,
        -300654.93826748955,
        -294412.1256400368,
        -288345.180841746,
        -282452.81908105226,
        -276733.7933415066,
        -271186.91928954964,
        -265811.0975492442,
        -260605.28429113477,
        -255568.50118311858,
        -250699.83040987072,
        -245998.4121669999,
        -241463.4441044979,
        -237094.17652888852,
        -232889.9054736835,
        -228850.0097138557,
        -224973.86601772284,
        -221260.93458798365,
        -217710.71139687326,
        -214322.73713775259,
        -211096.5957244311,
        -208031.91232104893,
        -205128.35275579593,
        -202385.6217846303,
        -199803.4637703766,
        -197381.65765827196,
        -195120.0111210135,
        -193018.40147642477,
        -191076.685969699,
        -189294.7987905445,
        -187672.67795817676,
        -186210.32786245536,
        -184907.7434078048,
        -183764.97539781893,
        -182782.09833708842,
        -181959.21552504844,
        -181296.45909412391,
        -180793.98997429595,
        -180451.98389820335,
        -180270.6928312568,
        -180250.323143304,
        -180391.15769237687,
        -180693.49158131896,
        -181157.64781505923,
        -181783.9750261814,
        -182572.84932357527,
        -183524.67135726422,
        -184639.86921584193,
        -185918.89659095835,
        -187362.23435327804,
        -188970.39026742522,
        -190743.8990158331,
        -192683.32364546187,
        -194789.25344804712,
        -197062.31310374755,
        -199503.14808695076,
        -202112.44289394998,
        -204890.90884473332,
        -207839.2952291969,
        -210958.37859608565,
        -214248.86516019556,
        -217711.54616440408,
        -221347.30476199387,
        -225157.07217924198,
        -229141.82909772976,
        -233302.60932270763,
        -237640.51290646664,
        -242156.70711110896,
        -246852.42776710846,
        -251729.05779268828,
        -256788.00960005587,
        -262030.88198658393,
        -267459.42506665044,
        -273075.59446627274,
        -278881.61466679786,
        -284880.06522432825,
        -291074.0906390153,
        -297467.6074570749,
        -304065.92791360524,
        -310877.2932494168,
        -317919.4780182969,
        -325233.62514488806,
        -332659.2829714287
    ],
    "vevDepthImag": [
        0.0,
        0.0,
        0.0,
        0.0,
        0.0,
        0.0,
        0.0,
        0.0,
        0.0,
        0.0,
        0.0,
        0.0,
        0.0,
        0.0,
        0.0,
        0.0,
        0.0,
        0.0,
        0.0,
        0.0,
        0.0,
        0.0,
        0.0,
        0.0,
        0.0,
        0.0,
        0.0,
        0.0,
        0.0,
        0.0,
        0.0,
        0.0,
        0.0,
        0.0,
        0.0,
        0.0,
        0.0,
        0.0,
        0.0,
        0.0,
        0.0,
        0.0,
        0.0,
        0.0,
        0.0,
        0.0,
        0.0,
        0.0,
        0.0,
        0.0,
        0.0,
        0.0,
        0.0,
        0.0,
        0.0,
        0.0,
        0.0,
        0.0,
        0.0,
        0.0,
        0.0,
        0.0,
        0.0,
        0.0,
        0.0,
        0.0,
        0.0,
        0.0,
        0.0,
        0.0,
        0.0,
        0.0,
        0.0,
        0.0,
        0.0,
        0.0,
        0.0,
        0.0,
        0.0,
        0.0,
        0.0,
        0.0,
        0.0,
        0.0,
        0.0,
        0.0,
        0.0,
        0.0,
        0.0,
        0.0,
        0.0,
        0.0,
        0.0,
        0.0,
        0.0,
        0.0,
        0.0,
        0.0,
        0.0,
        0.0,
        0.0,
        0.0,
        0.0,
        0.0,
        0.0,
        0.0,
        0.0,
        0.0,
        0.0,
        0.0,
        0.0
    ],