{
    "T": [
        90.0,
        91.0,
        92.0,
        93.0,
        94.0,
        95.0,
        96.0,
        97.0,
        98.0,
        99.0,
        100.0,
        101.0,
        102.0,
        103.0,
        104.0,
        105.0,
        106.0,
        107.0,
        108.0,
        109.0,
        110.0,
        111.0,
        112.0,
        113.0,
        114.0,
        115.0,
        116.0,
        117.0,
        118.0,
        119.0,
        120.0,
        121.0,
        122.0,
        123.0,
        124.0,
        125.0,
        126.0,
        127.0,
        128.0,
        129.0,
        130.0,
        131.0,
        132.0,
        133.0,
        134.0,
        135.0,
        136.0,
        137.0,
        138.0,
        139.0,
        140.0,
        141.0,
        142.0,
        143.0,
        144.0,
        145.0,
        146.0,
        147.0,
        148.0,
        149.0,
        150.0,
        151.0,
        152.0,
        153.0,
        154.0,
        155.0,
        156.0,
        157.0,
        158.0,
        159.0,
        160.0,
        161.0,
        162.0,
        163.0,
        164.0,
        165.0,
        166.0,
        167.0,
        168.0,
        169.0,
        170.0,
        171.0,
        172.0,
        173.0,
        174.0,
        175.0,
        176.0,
        177.0,
        178.0,
        179.0,
        180.0,
        181.0,
        182.0,
        183.0,
        184.0,
        185.0,
        186.0,
        187.0,
        188.0,
        189.0,
        190.0,
        191.0,
        192.0,
        193.0,
        194.0,
        195.0,
        196.0,
        197.0,
        198.0,
        199.0,
        200.0
    ],
    "vevDepthReal": [
        -567703.0408847897,
        -555306.5494640743,
        -543176.7202062875,
        -531307.6046635851,
        -519693.77820865915,
        -508330.0229479006,
        -497211.3920495937,
        -486333.14881353907,
        -475690.7955835668,
        -465280.07772089145,
        -455096.91577025893,
        -445137.4093691682,
        -435397.92308494134,
        -425874.87805456365,
        -416565.0098275626,
        -407463.9277432901,
        -398571.9127461239,
        -389883.0580025114,
        -381395.42348799156,
        -373106.4530408857,
        -365013.6321877742,
        -357114.7690785011,
        -349407.4570925534,
        -341889.6180624389,
        -334559.22389668034,
        -327414.34139013017,
        -320453.16967917397,
        -313673.9634183253,
        -307075.0848815101,
        -300654.9382670473,
        -294412.12564003695,
        -288345.1808419393,
        -282452.81781960477,
        -276733.7933415066,
        -271186.9198124992,
        -265811.09767867584,
        -260605.28425947393,
        -255568.50118308625,
        -250699.83086576028,
        -245998.4121670045,
        -241463.44410540743,
        -237094.17480129976,
        -232889.90541868322,
        -228850.00971385566,
        -224973.86619141223,
        -221260.93458787838,
        -217710.71051189172,
        -214322.7371384961,
        -211096.5957244311,
        -208031.91170071956,
        -205128.35275580795,
        -202385.6220093125,
        -199803.46376977093,
        -197381.65765827207,
        -195120.0199341278,
        -193018.4014805581,
        -191076.68825966754,
        -189294.79806388722,
        -187672.67795819524,
        -186210.32785788353,
        -184907.74340783063,
        -183764.97539866721,
        -182782.09833708836,
        -181959.2155526849,
        -181296.45909412473,
        -180793.9865913506,
        -180451.9837483841,
        -180270.69282467896,
        -180250.32314327703,
        -180391.15524805506,
        -180693.49158131873,
        -181157.64430974354,
        -181783.9749376804,
        -182572.8493341016,
        -183524.67155763047,
        -184639.8680552793,
        -185918.89659095847,
        -187362.23435327655,
        -188970.38222113164,
        -190743.89901611392,
        -192683.32277477504,
        -194789.25344803813,
        -197062.31326307866,
        -199503.1465712022,
        -202112.4428939499,
        -204890.9078765515,
        -207839.29522919678,
        -210958.37859608556,
        -214248.86101860393,
        -217711.5461644042,
        -221347.29911629122,
        -225157.07263459684,
        -229141.82902027332,
        -233302.6092391502,
        -237640.51283304405,
        -242156.7071111091,
        -246852.42776711547,
        -251729.05779268823,
        -256788.00960005587,
        -262030.88198660538,
        -267459.4250666623,
        -273075.5944662728,
        -278881.6114491574,
        -284880.0667813861,
        -291074.0906421988,
        -297467.6087995897,
        -304065.9281316195,
        -310877.29324892146,
        -317919.4780117141,
        -325233.6251774869,
        -332659.28299226373
    ],
    "vevDepthImag": [
        0.0,
        0.0,
        0.0,
        0.0,
        0.0,
        0.0,
        0.0,
        0.0,
        0.0,
        0.0,
        0.0,
        0.0,
        0.0,
        0.0,
        0.0,
        0.0,
        0.0,
        0.0,
        0.0,
        0.0,
        0.0,
        0.0,
        0.0,
        0.0,
        0.0,
        0.0,
        0.0,
        0.0,
        0.0,
        0.0,
        0.0,
        0.0,
        0.0,
        0.0,
        0.0,
        0.0,
        0.0,
        0.0,
        0.0,
        0.0,
        0.0,
        0.0,
        0.0,
        0.0,
        0.0,
        0.0,
        0.0,
        0.0,
        0.0,
        0.0,
        0.0,
        0.0,
        0.0,
        0.0,
        0.0,
        0.0,
        0.0,
        0.0,
        0.0,
        0.0,
        0.0,
        0.0,
        0.0,
        0.0,
        0.0,
        0.0,
        0.0,
        0.0,
        0.0,
        0.0,
        0.0,
        0.0,
        0.0,
        0.0,
        0.0,
        0.0,
        0.0,
        0.0,
        0.0,
        0.0,
        0.0,
        0.0,
        0.0,
        0.0,
        0.0,
        0.0,
        0.0,
        0.0,
        0.0,
        0.0,
        0.0,
        0.0,
        0.0,
        0.0,
        0.0,
        0.0,
        0.0,
        0.0,
        0.0,
        0.0,
        0.0,
        0.0,
        0.0,
        0.0,
        0.0,
        0.0,
        0.0,
        0.0,
        0.0,
        0.0,
        0.0
    ],