{
    "T": [
        90.0,
        91.0,
        92.0,
        93.0,
        94.0,
        95.0,
        96.0,
        97.0,
        98.0,
        99.0,
        100.0,
        101.0,
        102.0,
        103.0,
        104.0,
        105.0,
        106.0,
        107.0,
        108.0,
        109.0,
        110.0,
        111.0,
        112.0,
        113.0,
        114.0,
        115.0,
        116.0,
        117.0,
        118.0,
        119.0,
        120.0,
        121.0,
        122.0,
        123.0,
        124.0,
        125.0,
        126.0,
        127.0,
        128.0,
        129.0,
        130.0,
        131.0,
        132.0,
        133.0,
        134.0,
        135.0,
        136.0,
        137.0,
        138.0,
        139.0,
        140.0,
        141.0,
        142.0,
        143.0,
        144.0,
        145.0,
        146.0,
        147.0,
        148.0,
        149.0,
        150.0,
        151.0,
        152.0,
        153.0,
        154.0,
        155.0,
        156.0,
        157.0,
        158.0,
        159.0,
        160.0,
        161.0,
        162.0,
        163.0,
        164.0,
        165.0,
        166.0,
        167.0,
        168.0,
        169.0,
        170.0,
        171.0,
        172.0,
        173.0,
        174.0,
        175.0,
        176.0,
        177.0,
        178.0,
        179.0,
        180.0,
        181.0,
        182.0,
        183.0,
        184.0,
        185.0,
        186.0,
        187.0,
        188.0,
        189.0,
        190.0,
        191.0,
        192.0,
        193.0,
        194.0,
        195.0,
        196.0,
        197.0,
        198.0,
        199.0,
        200.0
    ],
    "vevDepthReal": [
        -567698.4757711877,
        -555302.6397157917,
        -543173.4540477374,
        -531305.0409324288,
        -519691.42103097535,
        -508328.92531520943,
        -497211.02081178135,
        -486333.51367184997,
        -475691.9074120935,
        -465281.89946885896,
        -455099.48267349624,
        -445140.6499317085,
        -435401.9160722061,
        -425879.4891126976,
        -416570.3721208386,
        -407471.0545935284,
        -398578.70781276975,
        -389889.77808174735,
        -381403.2436453423,
        -373114.805261635,
        -365022.5395888125,
        -357124.0295751409,
        -349417.1897280315,
        -341899.7368221136,
        -334569.6780082904,
        -327425.07210474066,
        -320464.1644904613,
        -313685.05541238165,
        -307086.37665330205,
        -300666.3155002308,
        -294423.5471937522,
        -288356.5836130518,
        -282464.14191327576,
        -276744.97347152495,
        -271197.9039871716,
        -265821.8376111238,
        -260615.7190760313,
        -255578.5686751904,
        -250709.489687316,
        -246007.60307803602,
        -241472.11363227904,
        -237102.2733420597,
        -232897.38963640376,
        -228856.8169441893,
        -224979.96150364948,
        -221266.2733063959,
        -217715.26262120093,
        -214326.4628313187,
        -211099.46537340924,
        -208033.89941909496,
        -205129.4358255688,
        -202385.78443381726,
        -199802.69288487226,
        -197379.95073270827,
        -195117.37459459406,
        -193014.82843271564,
        -191072.20020363218,
        -189289.41722060187,
        -187666.4378547086,
        -186203.2571600147,
        -184899.89444228113,
        -183756.4039915942,
        -182772.86997175962,
        -181949.4061445152,
        -181286.1529318947,
        -180783.28899199056,
        -180441.0072333162,
        -180259.5375151054,
        -180239.13469426293,
        -180380.08358017827,
        -180682.6919275482,
        -181147.29527492737,
        -181774.26202120262,
        -182563.94779957435,
        -183516.62249635332,
        -184632.68516867963,
        -185912.58872959844,
        -187356.79587575723,
        -188965.80593031074,
        -190740.14291444153,
        -192680.35578010476,
        -194787.02610830174,
        -197060.75504169468,
        -199502.181322214,
        -202111.95800476358,
        -204890.8136264208,
        -207839.45056812448,
        -210958.63857659593,
        -214249.1838868452,
        -217711.92563555832,
        -221347.7474124333,
        -225157.57731427514,
        -229142.3990024734,
        -233303.24805993028,
        -237639.56027418008,
        -242157.48168292994,
        -246853.28653888853,
        -251729.9733423582,
        -256788.99657109892,
        -262031.94137709023,
        -267460.5531550331,
        -273076.8001235753,
        -278882.893364715,
        -284881.4241086667,
        -291075.5299033619,
        -297469.1155827889,
        -304067.4101373363,
        -310878.95704716665,
        -317921.2262057723,
        -325235.45092764014,
        -332661.1725671023
    ],
    "vevDepthImag": [
        0.0,
        0.0,
        0.0,
        0.0,
        0.0,
        0.0,
        0.0,
        0.0,
        0.0,
        0.0,
        0.0,
        0.0,
        0.0,
        0.0,
        0.0,
        0.0,
        0.0,
        0.0,
        0.0,
        0.0,
        0.0,
        0.0,
        0.0,
        0.0,
        0.0,
        0.0,
        0.0,
        0.0,
        0.0,
        0.0,
        0.0,
        0.0,
        0.0,
        0.0,
        0.0,
        0.0,
        0.0,
        0.0,
        0.0,
        0.0,
        0.0,
        0.0,
        0.0,
        0.0,
        0.0,
        0.0,
        0.0,
        0.0,
        0.0,
        0.0,
        0.0,
        0.0,
        0.0,
        0.0,
        0.0,
        0.0,
        0.0,
        0.0,
        0.0,
        0.0,
        0.0,
        0.0,
        0.0,
        0.0,
        0.0,
        0.0,
        0.0,
        0.0,
        0.0,
        0.0,
        0.0,
        0.0,
        0.0,
        0.0,
        0.0,
        0.0,
        0.0,
        0.0,
        0.0,
        0.0,
        0.0,
        0.0,
        0.0,
        0.0,
        0.0,
        0.0,
        0.0,
        0.0,
        0.0,
        0.0,
        0.0,
        0.0,
        0.0,
        0.0,
        0.0,
        0.0,
        0.0,
        0.0,
        0.0,
        0.0,
        0.0,
        0.0,
        0.0,
        0.0,
        0.0,
        0.0,
        0.0,
        0.0,
        0.0,
        0.0,
        0.0
    ],