{
    "T": [
        90.0,
        91.0,
        92.0,
        93.0,
        94.0,
        95.0,
        96.0,
        97.0,
        98.0,
        99.0,
        100.0,
        101.0,
        102.0,
        103.0,
        104.0,
        105.0,
        106.0,
        107.0,
        108.0,
        109.0,
        110.0,
        111.0,
        112.0,
        113.0,
        114.0,
        115.0,
        116.0,
        117.0,
        118.0,
        119.0,
        120.0,
        121.0,
        122.0,
        123.0,
        124.0,
        125.0,
        126.0,
        127.0,
        128.0,
        129.0,
        130.0,
        131.0,
        132.0,
        133.0,
        134.0,
        135.0,
        136.0,
        137.0,
        138.0,
        139.0,
        140.0,
        141.0,
        142.0,
        143.0,
        144.0,
        145.0,
        146.0,
        147.0,
        148.0,
        149.0,
        150.0,
        151.0,
        152.0,
        153.0,
        154.0,
        155.0,
        156.0,
        157.0,
        158.0,
        159.0,
        160.0,
        161.0,
        162.0,
        163.0,
        164.0,
        165.0,
        166.0,
        167.0,
        168.0,
        169.0,
        170.0,
        171.0,
        172.0,
        173.0,
        174.0,
        175.0,
        176.0,
        177.0,
        178.0,
        179.0,
        180.0,
        181.0,
        182.0,
        183.0,
        184.0,
        185.0,
        186.0,
        187.0,
        188.0,
        189.0,
        190.0,
        191.0,
        192.0,
        193.0,
        194.0,
        195.0,
        196.0,
        197.0,
        198.0,
        199.0,
        200.0
    ],
    "vevDepthReal": [
        -567703.0408847895,
        -555306.5494640744,
        -543176.7202062868,
        -531307.6048993908,
        -519693.77820861596,
        -508330.0235398096,
        -497211.39204959373,
        -486333.1488135393,
        -475690.7953301936,
        -465280.0777208917,
        -455096.915770259,
        -445137.4093695339,
        -435397.7967524363,
        -425874.8780547164,
        -416565.0098273965,
        -407463.9277432122,
        -398571.9127461255,
        -389883.0580025183,
        -381395.4234879917,
        -373106.4530408857,
        -365013.6616533144,
        -357114.7690751366,
        -349407.4570925533,
        -341889.61796165927,
        -334559.2238966803,
        -327414.35594574624,
        -320453.1760596882,
        -313673.9634183118,
        -307075.08488151024,
        -300654.9382681629,
        -294412.125640037,
        -288345.18084196805,
        -282452.8179825743,
        -276733.79334150674,
        -271186.9192897518,
        -265811.0976960322,
        -260605.28425948697,
        -255568.501183101,
        -250699.82915353478,
        -245998.41216700085,
        -241463.44410555018,
        -237094.17793914877,
        -232889.90554221527,
        -228850.0097138557,
        -224973.86601772273,
        -221260.9346379153,
        -217710.71139687314,
        -214322.73713793495,
        -211096.59572443107,
        -208031.91189582227,
        -205128.35285464575,
        -202385.62205903183,
        -199803.46377501305,
        -197381.65765827216,
        -195120.01542731814,
        -193018.40147320664,
        -191076.6884017984,
        -189294.79806356737,
        -187672.6779582182,
        -186210.32785788842,
        -184907.7434078053,
        -183764.97539306176,
        -182782.09833708845,
        -181959.21496027778,
        -181296.45909412368,
        -180793.98971661675,
        -180451.98403850006,
        -180270.69279880368,
        -180250.32314326658,
        -180391.15524805506,
        -180693.4915813186,
        -181157.64682734065,
        -181783.9749590191,
        -182572.84932297375,
        -183524.67154352268,
        -184639.86795533443,
        -185918.89659095835,
        -187362.23435327984,
        -188970.38814508458,
        -190743.89901605158,
        -192683.32364546187,
        -194789.25344804456,
        -197062.31306358532,
        -199503.14657120375,
        -202112.44289394974,
        -204890.9078583356,
        -207839.2952291968,
        -210958.37971225695,
        -214248.8610185727,
        -217711.5461644043,
        -221347.30512717034,
        -225157.0721792421,
        -229141.8289838574,
        -233302.60923915025,
        -237640.51268248743,
        -242156.70711110916,
        -246852.42776708558,
        -251729.05779268837,
        -256788.0096000558,
        -262030.88198658076,
        -267459.4254550069,
        -273075.5944662727,
        -278881.6146663285,
        -284880.06552772364,
        -291074.0906479052,
        -297467.6088409928,
        -304065.92815419025,
        -310877.2932526448,
        -317919.4780115607,
        -325233.62514488806,
        -332659.28297143016
    ],
    "vevDepthImag": [
        0.0,
        0.0,
        0.0,
        0.0,
        0.0,
        0.0,
        0.0,
        0.0,
        0.0,
        0.0,
        0.0,
        0.0,
        0.0,
        0.0,
        0.0,
        0.0,
        0.0,
        0.0,
        0.0,
        0.0,
        0.0,
        0.0,
        0.0,
        0.0,
        0.0,
        0.0,
        0.0,
        0.0,
        0.0,
        0.0,
        0.0,
        0.0,
        0.0,
        0.0,
        0.0,
        0.0,
        0.0,
        0.0,
        0.0,
        0.0,
        0.0,
        0.0,
        0.0,
        0.0,
        0.0,
        0.0,
        0.0,
        0.0,
        0.0,
        0.0,
        0.0,
        0.0,
        0.0,
        0.0,
        0.0,
        0.0,
        0.0,
        0.0,
        0.0,
        0.0,
        0.0,
        0.0,
        0.0,
        0.0,
        0.0,
        0.0,
        0.0,
        0.0,
        0.0,
        0.0,
        0.0,
        0.0,
        0.0,
        0.0,
        0.0,
        0.0,
        0.0,
        0.0,
        0.0,
        0.0,
        0.0,
        0.0,
        0.0,
        0.0,
        0.0,
        0.0,
        0.0,
        0.0,
        0.0,
        0.0,
        0.0,
        0.0,
        0.0,
        0.0,
        0.0,
        0.0,
        0.0,
        0.0,
        0.0,
        0.0,
        0.0,
        0.0,
        0.0,
        0.0,
        0.0,
        0.0,
        0.0,
        0.0,
        0.0,
        0.0,
        0.0
    ],