{
    "T": [
        90.0,
        91.0,
        92.0,
        93.0,
        94.0,
        95.0,
        96.0,
        97.0,
        98.0,
        99.0,
        100.0,
        101.0,
        102.0,
        103.0,
        104.0,
        105.0,
        106.0,
        107.0,
        108.0,
        109.0,
        110.0,
        111.0,
        112.0,
        113.0,
        114.0,
        115.0,
        116.0,
        117.0,
        118.0,
        119.0,
        120.0,
        121.0,
        122.0,
        123.0,
        124.0,
        125.0,
        126.0,
        127.0,
        128.0,
        129.0,
        130.0,
        131.0,
        132.0,
        133.0,
        134.0,
        135.0,
        136.0,
        137.0,
        138.0,
        139.0,
        140.0,
        141.0,
        142.0,
        143.0,
        144.0,
        145.0,
        146.0,
        147.0,
        148.0,
        149.0,
        150.0,
        151.0,
        152.0,
        153.0,
        154.0,
        155.0,
        156.0,
        157.0,
        158.0,
        159.0,
        160.0,
        161.0,
        162.0,
        163.0,
        164.0,
        165.0,
        166.0,
        167.0,
        168.0,
        169.0,
        170.0,
        171.0,
        172.0,
        173.0,
        174.0,
        175.0,
        176.0,
        177.0,
        178.0,
        179.0,
        180.0,
        181.0,
        182.0,
        183.0,
        184.0,
        185.0,
        186.0,
        187.0,
        188.0,
        189.0,
        190.0,
        191.0,
        192.0,
        193.0,
        194.0,
        195.0,
        196.0,
        197.0,
        198.0,
        199.0,
        200.0
    ],
    "vevDepthReal": [
        -567703.0408847898,
        -555306.5494640743,
        -543176.7202062886,
        -531307.6050309781,
        -519693.7775384585,
        -508330.0229479001,
        -497211.39204959373,
        -486333.14881353924,
        -475690.7955482265,
        -465280.0777208915,
        -455096.91577025893,
        -445137.3554640592,
        -435397.73306979536,
        -425874.87805462425,
        -416565.00982662797,
        -407463.92774311465,
        -398571.91274612217,
        -389883.05800250405,
        -381395.42348799156,
        -373106.4530408856,
        -365013.6321895138,
        -357114.76907745004,
        -349407.4570925535,
        -341889.617427197,
        -334559.2238966802,
        -327414.34139012825,
        -320453.1696768765,
        -313673.9634182746,
        -307075.0848815102,
        -300654.93826727296,
        -294412.12564003706,
        -288345.1808422975,
        -282452.8171337864,
        -276733.79334150674,
        -271186.91928971274,
        -265811.0975481876,
        -260605.28425948447,
        -255568.50122323734,
        -250699.8287582023,
        -245998.41216700172,
        -241463.44410445192,
        -237094.17794066056,
        -232889.90546953582,
        -228850.0097138557,
        -224973.8660177229,
        -221260.93458792954,
        -217710.71139687317,
        -214322.73713763367,
        -211096.5957244311,
        -208031.91165718748,
        -205128.35275580816,
        -202385.6225309404,
        -199803.4637707434,
        -197381.65765827204,
        -195120.01941431733,
        -193018.4014985237,
        -191076.68794757786,
        -189294.79806255212,
        -187672.67795822333,
        -186210.32786246313,
        -184907.7434077403,
        -183764.97537903552,
        -182782.09833708848,
        -181959.2149603197,
        -181296.4590941241,
        -180793.98992179483,
        -180451.9959183855,
        -180270.69279880385,
        -180250.3231432723,
        -180391.15524804816,
        -180693.49158131896,
        -181157.647830041,
        -181783.97495844393,
        -182572.8493229689,
        -183524.67135725115,
        -184639.86921022122,
        -185918.8965909585,
        -187362.23435327894,
        -188970.38797570794,
        -190743.89901591715,
        -192683.32364546193,
        -194789.25344805355,
        -197062.31267062674,
        -199503.1480869538,
        -202112.4428939501,
        -204890.90787139558,
        -207839.29522919684,
        -210958.37859608573,
        -214248.8610185905,
        -217711.54616440402,
        -221347.30523768705,
        -225157.07217924215,
        -229141.828821257,
        -233302.60965612368,
        -237640.51290445265,
        -242156.70711110905,
        -246852.42776709565,
        -251729.05779268837,
        -256788.00960005593,
        -262030.88198657593,
        -267459.4250666683,
        -273075.5944662728,
        -278881.61467959837,
        -284880.06957904104,
        -291074.0906388987,
        -297467.6086530304,
        -304065.9279062759,
        -310877.29327557323,
        -317919.4780146372,
        -325233.6251448882,
        -332659.28297142923
    ],
    "vevDepthImag": [
        0.0,
        0.0,
        0.0,
        0.0,
        0.0,
        0.0,
        0.0,
        0.0,
        0.0,
        0.0,
        0.0,
        0.0,
        0.0,
        0.0,
        0.0,
        0.0,
        0.0,
        0.0,
        0.0,
        0.0,
        0.0,
        0.0,
        0.0,
        0.0,
        0.0,
        0.0,
        0.0,
        0.0,
        0.0,
        0.0,
        0.0,
        0.0,
        0.0,
        0.0,
        0.0,
        0.0,
        0.0,
        0.0,
        0.0,
        0.0,
        0.0,
        0.0,
        0.0,
        0.0,
        0.0,
        0.0,
        0.0,
        0.0,
        0.0,
        0.0,
        0.0,
        0.0,
        0.0,
        0.0,
        0.0,
        0.0,
        0.0,
        0.0,
        0.0,
        0.0,
        0.0,
        0.0,
        0.0,
        0.0,
        0.0,
        0.0,
        0.0,
        0.0,
        0.0,
        0.0,
        0.0,
        0.0,
        0.0,
        0.0,
        0.0,
        0.0,
        0.0,
        0.0,
        0.0,
        0.0,
        0.0,
        0.0,
        0.0,
        0.0,
        0.0,
        0.0,
        0.0,
        0.0,
        0.0,
        0.0,
        0.0,
        0.0,
        0.0,
        0.0,
        0.0,
        0.0,
        0.0,
        0.0,
        0.0,
        0.0,
        0.0,
        0.0,
        0.0,
        0.0,
        0.0,
        0.0,
        0.0,
        0.0,
        0.0,
        0.0,
        0.0
    ],