{
    "T": [
        90.0,
        91.0,
        92.0,
        93.0,
        94.0,
        95.0,
        96.0,
        97.0,
        98.0,
        99.0,
        100.0,
        101.0,
        102.0,
        103.0,
        104.0,
        105.0,
        106.0,
        107.0,
        108.0,
        109.0,
        110.0,
        111.0,
        112.0,
        113.0,
        114.0,
        115.0,
        116.0,
        117.0,
        118.0,
        119.0,
        120.0,
        121.0,
        122.0,
        123.0,
        124.0,
        125.0,
        126.0,
        127.0,
        128.0,
        129.0,
        130.0,
        131.0,
        132.0,
        133.0,
        134.0,
        135.0,
        136.0,
        137.0,
        138.0,
        139.0,
        140.0,
        141.0,
        142.0,
        143.0,
        144.0,
        145.0,
        146.0,
        147.0,
        148.0,
        149.0,
        150.0,
        151.0,
        152.0,
        153.0,
        154.0,
        155.0,
        156.0,
        157.0,
        158.0,
        159.0,
        160.0,
        161.0,
        162.0,
        163.0,
        164.0,
        165.0,
        166.0,
        167.0,
        168.0,
        169.0,
        170.0,
        171.0,
        172.0,
        173.0,
        174.0,
        175.0,
        176.0,
        177.0,
        178.0,
        179.0,
        180.0,
        181.0,
        182.0,
        183.0,
        184.0,
        185.0,
        186.0,
        187.0,
        188.0,
        189.0,
        190.0,
        191.0,
        192.0,
        193.0,
        194.0,
        195.0,
        196.0,
        197.0,
        198.0,
        199.0,
        200.0
    ],
    "vevDepthReal": [
        -567698.6306367513,
        -555302.8087725992,
        -543173.6731161133,
        -531305.2514385392,
        -519692.1239739309,
        -508329.15752020467,
        -497211.2689524338,
        -486333.77679880953,
        -475692.1719522502,
        -465282.2118298919,
        -455099.7877396229,
        -445140.9944954969,
        -435402.24613938027,
        -425879.83354090265,
        -416570.7195353608,
        -407471.4499473537,
        -398579.0755385457,
        -389890.71776276705,
        -381403.6200114045,
        -373115.1907920821,
        -365022.865948825,
        -357124.4769646989,
        -349417.56662503997,
        -341900.13395299145,
        -334570.04746490985,
        -327425.4881221345,
        -320464.40505742276,
        -313685.31618877006,
        -307086.7653512099,
        -300666.72310268326,
        -294423.9064164977,
        -288356.93428038515,
        -282464.479803344,
        -276745.29814335715,
        -271198.2206489046,
        -265822.12470796297,
        -260615.9979880793,
        -255578.83681587526,
        -250709.73206456532,
        -246007.82510965026,
        -241472.31483025357,
        -237102.4516156029,
        -232897.54602552584,
        -228856.94911578402,
        -224980.07272850812,
        -221266.36380583706,
        -217715.32593159674,
        -214326.50199630414,
        -211099.47863364825,
        -208033.89042516728,
        -205129.40355334626,
        -202385.72888708132,
        -199802.61653017707,
        -197379.85166493448,
        -195117.2568346564,
        -193014.6906434811,
        -191072.0451520572,
        -189289.24784134649,
        -187666.25265046884,
        -186203.0645081196,
        -184899.69344690704,
        -183756.17518903728,
        -182772.66383363097,
        -181949.2025753378,
        -181285.95831800828,
        -180783.1026138299,
        -180440.83629493052,
        -180259.38789277762,
        -180239.01219633943,
        -180379.99274137858,
        -180682.63960904052,
        -181147.28653254674,
        -181774.30729088915,
        -182564.00789104734,
        -183516.68058214698,
        -184632.74426899521,
        -185912.64348654344,
        -187356.84898526364,
        -188965.85789139377,
        -190740.19033691272,
        -192680.37132764675,
        -194787.07271702954,
        -197060.79842716962,
        -199502.21459748392,
        -202112.00056874158,
        -204890.85557452467,
        -207839.48797162002,
        -210958.6767796137,
        -214249.2193988767,
        -217711.95853293088,
        -221347.779029637,
        -225157.60887512565,
        -229142.42511203,
        -233303.2747529841,
        -237641.2439197668,
        -242157.50453156373,
        -246853.30681692512,
        -251729.99167217026,
        -256789.01310783852,
        -262031.95538020745,
        -267460.56820952264,
        -273076.8091467733,
        -278882.89778686385,
        -284881.3612888431,
        -291075.5302075647,
        -297469.1137758393,
        -304067.48856984545,
        -310878.94889898377,
        -317921.21547755005,
        -325235.4370189336,
        -332661.15671126207
    ],
    "vevDepthImag": [
        0.0,
        0.0,
        0.0,
        0.0,
        0.0,
        0.0,
        0.0,
        0.0,
        0.0,
        0.0,
        0.0,
        0.0,
        0.0,
        0.0,
        0.0,
        0.0,
        0.0,
        0.0,
        0.0,
        0.0,
        0.0,
        0.0,
        0.0,
        0.0,
        0.0,
        0.0,
        0.0,
        0.0,
        0.0,
        0.0,
        0.0,
        0.0,
        0.0,
        0.0,
        0.0,
        0.0,
        0.0,
        0.0,
        0.0,
        0.0,
        0.0,
        0.0,
        0.0,
        0.0,
        0.0,
        0.0,
        0.0,
        0.0,
        0.0,
        0.0,
        0.0,
        0.0,
        0.0,
        0.0,
        0.0,
        0.0,
        0.0,
        0.0,
        0.0,
        0.0,
        0.0,
        0.0,
        0.0,
        0.0,
        0.0,
        0.0,
        0.0,
        0.0,
        0.0,
        0.0,
        0.0,
        0.0,
        0.0,
        0.0,
        0.0,
        0.0,
        0.0,
        0.0,
        0.0,
        0.0,
        0.0,
        0.0,
        0.0,
        0.0,
        0.0,
        0.0,
        0.0,
        0.0,
        0.0,
        0.0,
        0.0,
        0.0,
        0.0,
        0.0,
        0.0,
        0.0,
        0.0,
        0.0,
        0.0,
        0.0,
        0.0,
        0.0,
        0.0,
        0.0,
        0.0,
        0.0,
        0.0,
        0.0,
        0.0,
        0.0,
        0.0
    ],