{
    "bmNumber": 2,
    "failureReason": false,
    "T": [
        90.0,
        91.0,
        92.0,
        93.0,
        94.0,
        95.0,
        96.0,
        97.0,
        98.0,
        99.0,
        100.0,
        101.0,
        102.0,
        103.0,
        104.0,
        105.0,
        106.0,
        107.0,
        108.0,
        109.0,
        110.0,
        111.0,
        112.0,
        113.0,
        114.0,
        115.0,
        116.0,
        117.0,
        118.0,
        119.0,
        120.0,
        121.0,
        122.0,
        123.0,
        124.0,
        125.0,
        126.0,
        127.0,
        128.0,
        129.0,
        130.0,
        131.0,
        132.0,
        133.0,
        134.0,
        135.0,
        136.0,
        137.0,
        138.0,
        139.0,
        140.0,
        141.0,
        142.0,
        143.0,
        144.0,
        145.0,
        146.0,
        147.0,
        148.0,
        149.0,
        150.0,
        151.0,
        152.0,
        153.0,
        154.0,
        155.0,
        156.0,
        157.0,
        158.0,
        159.0,
        160.0,
        161.0,
        162.0,
        163.0,
        164.0,
        165.0,
        166.0,
        167.0,
        168.0,
        169.0,
        170.0,
        171.0,
        172.0,
        173.0,
        174.0,
        175.0,
        176.0,
        177.0,
        178.0,
        179.0,
        180.0,
        181.0,
        182.0,
        183.0,
        184.0,
        185.0,
        186.0,
        187.0,
        188.0,
        189.0,
        190.0,
        191.0,
        192.0,
        193.0,
        194.0,
        195.0,
        196.0,
        197.0,
        198.0,
        199.0,
        200.0
    ],
    "vevDepthReal": [
        -567788.1356648785,
        -555392.8961708867,
        -543264.1804933499,
        -531396.1907101807,
        -519783.6036130078,
        -508421.0226509783,
        -497303.52369488694,
        -486426.4723905033,
        -475785.2862832933,
        -465375.7179739647,
        -455193.69637076464,
        -445235.33984503907,
        -435496.98251851223,
        -425975.07183401776,
        -416666.32991714263,
        -407567.4732955786,
        -398675.6069446611,
        -389987.31846307445,
        -381501.1938158878,
        -373213.32528582274,
        -365121.64369713154,
        -357223.82359173015,
        -349517.59455899824,
        -342000.7804130874,
        -334671.4855035919,
        -327527.7037949115,
        -320567.58352068055,
        -313789.4319576117,
        -307191.5877971373,
        -300772.50047953386,
        -294530.7014312794,
        -288464.7888909135,
        -282573.3939411079,
        -276855.42902163055,
        -271309.56191508315,
        -265934.738488071,
        -260729.9168947934,
        -255694.11868262017,
        -250826.42689816537,
        -246125.98005477057,
        -241591.97556845986,
        -237223.65554175875,
        -233020.34802429876,
        -228981.38529401808,
        -225106.175443392,
        -221394.16962990083,
        -217844.86429014587,
        -214457.80002916825,
        -211232.56038877292,
        -208168.77024036803,
        -205266.09704901907,
        -202524.2443680911,
        -199942.95484238,
        -197522.00936170167,
        -195261.22222953485,
        -193160.44365197374,
        -191219.5702394073,
        -189438.50705596342,
        -187817.20966735907,
        -186355.6609019944,
        -185053.87589390477,
        -183911.89782345336,
        -182929.80106626917,
        -182107.68822478125,
        -181445.69497465435,
        -180943.9686289106,
        -180602.72590740767,
        -180422.15499735676,
        -180402.50478417912,
        -180544.055183142,
        -180847.0903918309,
        -181311.9394397366,
        -181938.94847232976,
        -182728.49339300822,
        -183680.97531888136,
        -184796.82208110037,
        -186076.48745591368,
        -187520.45246097975,
        -189129.22356370074,
        -190903.33415619162,
        -192843.35253623856,
        -194949.86152522193,
        -197223.4873631749,
        -199664.87420572457,
        -202274.71648691088,
        -205053.7112257906,
        -208002.61321211874,
        -211122.19730872568,
        -214413.15747973803,
        -217876.296279074,
        -221512.49625821094,
        -225322.68725134537,
        -229307.8485545069,
        -233469.01489180536,
        -237807.28222991718,
        -242323.81983206002,
        -247019.87948263262,
        -251896.79438119012,
        -256956.01896445372,
        -262199.13502363325,
        -267627.89461679483,
        -273244.2448105288,
        -279050.406512744,
        -285048.9591534463,
        -291243.0295825096,
        -297636.52720771654,
        -304234.7345903695,
        -311045.82168562256,
        -318087.3277964897,
        -325401.3365052281,
        -332828.1449577743
    ],
    "vevDepthImag": [
        0.0,
        0.0,
        0.0,
        0.0,
        0.0,
        0.0,
        0.0,
        0.0,
        0.0,
        0.0,
        0.0,
        0.0,
        0.0,
        0.0,
        0.0,
        0.0,
        0.0,
        0.0,
        0.0,
        0.0,
        0.0,
        0.0,
        0.0,
        0.0,
        0.0,
        0.0,
        0.0,
        0.0,
        0.0,
        0.0,
        0.0,
        0.0,
        0.0,
        0.0,
        0.0,
        0.0,
        0.0,
        0.0,
        0.0,
        0.0,
        0.0,
        0.0,
        0.0,
        0.0,
        0.0,
        0.0,
        0.0,
        0.0,
        0.0,
        0.0,
        0.0,
        0.0,
        0.0,
        0.0,
        0.0,
        0.0,
        0.0,
        0.0,
        0.0,
        0.0,
        0.0,
        0.0,
        0.0,
        0.0,
        0.0,
        0.0,
        0.0,
        0.0,
        0.0,
        0.0,
        0.0,
        0.0,
        0.0,
        0.0,
        0.0,
        0.0,
        0.0,
        0.0,
        0.0,
        0.0,
        0.0,
        0.0,
        0.0,
        0.0,
        0.0,
        0.0,
        0.0,
        0.0,
        0.0,
        0.0,
        0.0,
        0.0,
        0.0,
        0.0,
        0.0,
        0.0,
        0.0,
        0.0,
        0.0,
        0.0,
        0.0,
        0.0,
        0.0,
        0.0,
        0.0,
        0.0,
        0.0,
        0.0,
        0.0,
        0.0,
        0.0
    ],