{
    "T": [
        90.0,
        91.0,
        92.0,
        93.0,
        94.0,
        95.0,
        96.0,
        97.0,
        98.0,
        99.0,
        100.0,
        101.0,
        102.0,
        103.0,
        104.0,
        105.0,
        106.0,
        107.0,
        108.0,
        109.0,
        110.0,
        111.0,
        112.0,
        113.0,
        114.0,
        115.0,
        116.0,
        117.0,
        118.0,
        119.0,
        120.0,
        121.0,
        122.0,
        123.0,
        124.0,
        125.0,
        126.0,
        127.0,
        128.0,
        129.0,
        130.0,
        131.0,
        132.0,
        133.0,
        134.0,
        135.0,
        136.0,
        137.0,
        138.0,
        139.0,
        140.0,
        141.0,
        142.0,
        143.0,
        144.0,
        145.0,
        146.0,
        147.0,
        148.0,
        149.0,
        150.0,
        151.0,
        152.0,
        153.0,
        154.0,
        155.0,
        156.0,
        157.0,
        158.0,
        159.0,
        160.0,
        161.0,
        162.0,
        163.0,
        164.0,
        165.0,
        166.0,
        167.0,
        168.0,
        169.0,
        170.0,
        171.0,
        172.0,
        173.0,
        174.0,
        175.0,
        176.0,
        177.0,
        178.0,
        179.0,
        180.0,
        181.0,
        182.0,
        183.0,
        184.0,
        185.0,
        186.0,
        187.0,
        188.0,
        189.0,
        190.0,
        191.0,
        192.0,
        193.0,
        194.0,
        195.0,
        196.0,
        197.0,
        198.0,
        199.0,
        200.0
    ],
    "vevDepthReal": [
        -567703.0408847897,
        -555306.5494640744,
        -543176.7202062873,
        -531307.605034978,
        -519693.77753841784,
        -508330.0229479008,
        -497211.39204959397,
        -486333.1488135393,
        -475690.795259074,
        -465280.0777208913,
        -455096.915770259,
        -445136.5446664848,
        -435397.88912861125,
        -425874.87805498985,
        -416565.00982682937,
        -407463.92774297914,
        -398571.91274612234,
        -389883.05800251383,
        -381395.42348799173,
        -373106.4530408856,
        -365013.6321832725,
        -357114.7690751249,
        -349407.4570925534,
        -341889.61578151793,
        -334559.2238966804,
        -327414.29976507236,
        -320453.1696796102,
        -313673.963418294,
        -307075.08488151024,
        -300654.9382670317,
        -294412.12564003695,
        -288345.18084221444,
        -282452.8171545187,
        -276733.7933415067,
        -271186.9192895412,
        -265811.097519965,
        -260605.28425947437,
        -255568.5011831092,
        -250699.82923618946,
        -245998.41216700498,
        -241463.4453077332,
        -237094.17768353317,
        -232889.9055648478,
        -228850.00971385566,
        -224973.86606532685,
        -221260.93458796586,
        -217710.71069138488,
        -214322.73713874124,
        -211096.59572443113,
        -208031.91244365592,
        -205128.35275578412,
        -202385.62086074566,
        -199803.46377331764,
        -197381.65765827213,
        -195120.01962504716,
        -193018.40147571504,
        -191076.68840180608,
        -189294.7980647296,
        -187672.67795822068,
        -186210.3278579127,
        -184907.74340780592,
        -183764.97539828825,
        -182782.09833708848,
        -181959.2149602934,
        -181296.45909412354,
        -180793.98874378088,
        -180451.9840952108,
        -180270.6927988037,
        -180250.32348392502,
        -180391.15580599866,
        -180693.49158131852,
        -181157.64781505935,
        -181783.97476385266,
        -182572.84932009957,
        -183524.67135736332,
        -184639.86878925783,
        -185918.89659095838,
        -187362.2343532784,
        -188970.37928278436,
        -190743.89901579526,
        -192683.3178775118,
        -194789.2534480447,
        -197062.31267062647,
        -199503.14657120343,
        -202112.44289395039,
        -204890.9078595966,
        -207839.2952291969,
        -210958.37859608547,
        -214248.86405718583,
        -217711.5461644042,
        -221347.30501633475,
        -225157.07217924198,
        -229141.82905359298,
        -233302.60923915054,
        -237640.5129059706,
        -242156.7071111091,
        -246852.42776709652,
        -251729.05779268837,
        -256788.0096129718,
        -262030.88198657392,
        -267459.42506665445,
        -273075.59446627257,
        -278881.6146789278,
        -284879.9511614,
        -291074.0906437823,
        -297467.6074570277,
        -304065.92789823865,
        -310877.2932354913,
        -317919.4779850271,
        -325233.6253562738,
        -332659.2829922058
    ],
    "vevDepthImag": [
        0.0,
        0.0,
        0.0,
        0.0,
        0.0,
        0.0,
        0.0,
        0.0,
        0.0,
        0.0,
        0.0,
        0.0,
        0.0,
        0.0,
        0.0,
        0.0,
        0.0,
        0.0,
        0.0,
        0.0,
        0.0,
        0.0,
        0.0,
        0.0,
        0.0,
        0.0,
        0.0,
        0.0,
        0.0,
        0.0,
        0.0,
        0.0,
        0.0,
        0.0,
        0.0,
        0.0,
        0.0,
        0.0,
        0.0,
        0.0,
        0.0,
        0.0,
        0.0,
        0.0,
        0.0,
        0.0,
        0.0,
        0.0,
        0.0,
        0.0,
        0.0,
        0.0,
        0.0,
        0.0,
        0.0,
        0.0,
        0.0,
        0.0,
        0.0,
        0.0,
        0.0,
        0.0,
        0.0,
        0.0,
        0.0,
        0.0,
        0.0,
        0.0,
        0.0,
        0.0,
        0.0,
        0.0,
        0.0,
        0.0,
        0.0,
        0.0,
        0.0,
        0.0,
        0.0,
        0.0,
        0.0,
        0.0,
        0.0,
        0.0,
        0.0,
        0.0,
        0.0,
        0.0,
        0.0,
        0.0,
        0.0,
        0.0,
        0.0,
        0.0,
        0.0,
        0.0,
        0.0,
        0.0,
        0.0,
        0.0,
        0.0,
        0.0,
        0.0,
        0.0,
        0.0,
        0.0,
        0.0,
        0.0,
        0.0,
        0.0,
        0.0
    ],