{
    "bmNumber": 2,
    "failureReason": false,
    "T": [
        90.0,
        91.0,
        92.0,
        93.0,
        94.0,
        95.0,
        96.0,
        97.0,
        98.0,
        99.0,
        100.0,
        101.0,
        102.0,
        103.0,
        104.0,
        105.0,
        106.0,
        107.0,
        108.0,
        109.0,
        110.0,
        111.0,
        112.0,
        113.0,
        114.0,
        115.0,
        116.0,
        117.0,
        118.0,
        119.0,
        120.0,
        121.0,
        122.0,
        123.0,
        124.0,
        125.0,
        126.0,
        127.0,
        128.0,
        129.0,
        130.0,
        131.0,
        132.0,
        133.0,
        134.0,
        135.0,
        136.0,
        137.0,
        138.0,
        139.0,
        140.0,
        141.0,
        142.0,
        143.0,
        144.0,
        145.0,
        146.0,
        147.0,
        148.0,
        149.0,
        150.0,
        151.0,
        152.0,
        153.0,
        154.0,
        155.0,
        156.0,
        157.0,
        158.0,
        159.0,
        160.0,
        161.0,
        162.0,
        163.0,
        164.0,
        165.0,
        166.0,
        167.0,
        168.0,
        169.0,
        170.0,
        171.0,
        172.0,
        173.0,
        174.0,
        175.0,
        176.0,
        177.0,
        178.0,
        179.0,
        180.0,
        181.0,
        182.0,
        183.0,
        184.0,
        185.0,
        186.0,
        187.0,
        188.0,
        189.0,
        190.0,
        191.0,
        192.0,
        193.0,
        194.0,
        195.0,
        196.0,
        197.0,
        198.0,
        199.0,
        200.0
    ],
    "vevDepthReal": [
        -567788.1356648786,
        -555392.8961708874,
        -543264.1804464103,
        -531396.2242314771,
        -519783.60361300776,
        -508421.0226506343,
        -497303.5236948875,
        -486426.4715507708,
        -475785.2862832933,
        -465375.7179739648,
        -455193.69637076487,
        -445235.3398450465,
        -435496.9825185121,
        -425975.0718340352,
        -416666.32798479963,
        -407567.47329558147,
        -398675.6069445115,
        -389987.31595671945,
        -381501.1938158877,
        -373213.32528582274,
        -365121.6431276684,
        -357223.8240911934,
        -349517.59223955416,
        -342000.78026213223,
        -334671.4855036095,
        -327527.70490340993,
        -320567.5826168406,
        -313789.4319575941,
        -307191.5877998345,
        -300772.5004793973,
        -294530.7014712892,
        -288464.78889097855,
        -282573.4108214539,
        -276855.4290216307,
        -271309.5619150815,
        -265934.73800844885,
        -260729.91689479348,
        -255694.1186920526,
        -250826.4269017086,
        -246125.98005422798,
        -241591.97549214965,
        -237223.65554155747,
        -233020.3258205713,
        -228981.38529362075,
        -225106.17281174564,
        -221394.16963642792,
        -217844.8642901459,
        -214457.80002917687,
        -211232.56045942745,
        -208168.7639747095,
        -205266.09519297772,
        -202524.24436809088,
        -199942.95449360844,
        -197522.0093617009,
        -195261.22370420166,
        -193160.44365197324,
        -191219.44970161893,
        -189438.5070557833,
        -187817.2096672862,
        -186355.66130707588,
        -185053.87589350587,
        -183911.89782345336,
        -182929.80106626905,
        -182107.68961200243,
        -181445.69497465636,
        -180943.96944211796,
        -180602.72590739327,
        -180422.15534119803,
        -180402.50622201673,
        -180544.05518314143,
        -180847.0909170325,
        -181311.93943901785,
        -181938.9484723855,
        -182728.4933930153,
        -183680.97531887755,
        -184796.82208112953,
        -186076.4877253034,
        -187520.4482930794,
        -189129.21596567088,
        -190903.33419837226,
        -192843.3525362386,
        -194949.8612227028,
        -197223.49008510073,
        -199664.88075394122,
        -202274.70388177817,
        -205053.71184027364,
        -208002.61398961052,
        -211122.197270163,
        -214413.15747973757,
        -217876.2957718666,
        -221512.49578580022,
        -225322.68735273156,
        -229307.84872312876,
        -233469.0150860913,
        -237807.28223397039,
        -242323.71115445046,
        -247019.8793970399,
        -251896.7943811221,
        -256956.01896444923,
        -262199.13496951124,
        -267627.8924705306,
        -273244.24481050833,
        -279050.406512744,
        -285048.9615802997,
        -291243.03316194675,
        -297636.5272077166,
        -304234.73452467803,
        -311045.8216856137,
        -318087.32779649686,
        -325401.33650522766,
        -332828.1449577745
    ],
    "vevDepthImag": [
        0.0,
        0.0,
        0.0,
        0.0,
        0.0,
        0.0,
        0.0,
        0.0,
        0.0,
        0.0,
        0.0,
        0.0,
        0.0,
        0.0,
        0.0,
        0.0,
        0.0,
        0.0,
        0.0,
        0.0,
        0.0,
        0.0,
        0.0,
        0.0,
        0.0,
        0.0,
        0.0,
        0.0,
        0.0,
        0.0,
        0.0,
        0.0,
        0.0,
        0.0,
        0.0,
        0.0,
        0.0,
        0.0,
        0.0,
        0.0,
        0.0,
        0.0,
        0.0,
        0.0,
        0.0,
        0.0,
        0.0,
        0.0,
        0.0,
        0.0,
        0.0,
        0.0,
        0.0,
        0.0,
        0.0,
        0.0,
        0.0,
        0.0,
        0.0,
        0.0,
        0.0,
        0.0,
        0.0,
        0.0,
        0.0,
        0.0,
        0.0,
        0.0,
        0.0,
        0.0,
        0.0,
        0.0,
        0.0,
        0.0,
        0.0,
        0.0,
        0.0,
        0.0,
        0.0,
        0.0,
        0.0,
        0.0,
        0.0,
        0.0,
        0.0,
        0.0,
        0.0,
        0.0,
        0.0,
        0.0,
        0.0,
        0.0,
        0.0,
        0.0,
        0.0,
        0.0,
        0.0,
        0.0,
        0.0,
        0.0,
        0.0,
        0.0,
        0.0,
        0.0,
        0.0,
        0.0,
        0.0,
        0.0,
        0.0,
        0.0,
        0.0
    ],