{
    "T": [
        90.0,
        91.0,
        92.0,
        93.0,
        94.0,
        95.0,
        96.0,
        97.0,
        98.0,
        99.0,
        100.0,
        101.0,
        102.0,
        103.0,
        104.0,
        105.0,
        106.0,
        107.0,
        108.0,
        109.0,
        110.0,
        111.0,
        112.0,
        113.0,
        114.0,
        115.0,
        116.0,
        117.0,
        118.0,
        119.0,
        120.0,
        121.0,
        122.0,
        123.0,
        124.0,
        125.0,
        126.0,
        127.0,
        128.0,
        129.0,
        130.0,
        131.0,
        132.0,
        133.0,
        134.0,
        135.0,
        136.0,
        137.0,
        138.0,
        139.0,
        140.0,
        141.0,
        142.0,
        143.0,
        144.0,
        145.0,
        146.0,
        147.0,
        148.0,
        149.0,
        150.0,
        151.0,
        152.0,
        153.0,
        154.0,
        155.0,
        156.0,
        157.0,
        158.0,
        159.0,
        160.0,
        161.0,
        162.0,
        163.0,
        164.0,
        165.0,
        166.0,
        167.0,
        168.0,
        169.0,
        170.0,
        171.0,
        172.0,
        173.0,
        174.0,
        175.0,
        176.0,
        177.0,
        178.0,
        179.0,
        180.0,
        181.0,
        182.0,
        183.0,
        184.0,
        185.0,
        186.0,
        187.0,
        188.0,
        189.0,
        190.0,
        191.0,
        192.0,
        193.0,
        194.0,
        195.0,
        196.0,
        197.0,
        198.0,
        199.0,
        200.0
    ],
    "vevDepthReal": [
        -567703.0408847897,
        -555306.5494640743,
        -543176.7202062876,
        -531307.604898331,
        -519693.7775384876,
        -508330.02294790035,
        -497211.3920495939,
        -486333.1488135395,
        -475690.79536630237,
        -465280.07772089157,
        -455096.9157702589,
        -445136.5446083043,
        -435397.9216672757,
        -425874.8780547763,
        -416565.0098233548,
        -407463.92774330336,
        -398571.91274612164,
        -389883.05800248764,
        -381395.42348799173,
        -373106.45304088574,
        -365013.6321835257,
        -357114.76907537074,
        -349407.45709255326,
        -341889.6157815524,
        -334559.2238966802,
        -327414.2997650764,
        -320453.16967570916,
        -313673.9634183118,
        -307075.08488151024,
        -300654.9382685078,
        -294412.1256400369,
        -288345.1808419821,
        -282452.8177598625,
        -276733.79334150656,
        -271186.9192896864,
        -265811.0973119945,
        -260605.28425951645,
        -255568.50118311605,
        -250699.8306156185,
        -245998.41216700448,
        -241463.44410427782,
        -237094.17766891402,
        -232889.9055423406,
        -228850.00971385566,
        -224973.86612233962,
        -221260.9345879824,
        -217710.7113968733,
        -214322.7371383256,
        -211096.59572443107,
        -208031.91157723512,
        -205128.3527557809,
        -202385.62190331268,
        -199803.46377481433,
        -197381.65765827202,
        -195120.01952835935,
        -193018.40147338033,
        -191076.68840179808,
        -189294.79806423374,
        -187672.67795817915,
        -186210.3278593371,
        -184907.74340780545,
        -183764.97539859824,
        -182782.09833708854,
        -181959.21557646606,
        -181296.45909412327,
        -180793.9899673617,
        -180451.98401783238,
        -180270.69279880374,
        -180250.32314328713,
        -180391.15686046422,
        -180693.4915813186,
        -181157.64782997605,
        -181783.97539562584,
        -182572.84933071755,
        -183524.67155763065,
        -184639.86881702556,
        -185918.89659095835,
        -187362.23435327827,
        -188970.37975301343,
        -190743.89901618942,
        -192683.3178775172,
        -194789.253448046,
        -197062.3128201599,
        -199503.14808698327,
        -202112.44289395004,
        -204890.90789675742,
        -207839.29522919678,
        -210958.3797113244,
        -214248.86101860026,
        -217711.5461644042,
        -221347.30536406348,
        -225157.072179242,
        -229141.82909772842,
        -233302.60923915057,
        -237640.51290673122,
        -242156.7071111091,
        -246852.42776710074,
        -251729.05779268843,
        -256788.00960005587,
        -262030.88241831865,
        -267459.4250666477,
        -273075.59446627286,
        -278881.61466629955,
        -284880.0662923391,
        -291074.09064023127,
        -297467.6088384987,
        -304065.92815443315,
        -310877.29325155617,
        -317919.4780120236,
        -325233.6253437016,
        -332659.2829759667
    ],
    "vevDepthImag": [
        0.0,
        0.0,
        0.0,
        0.0,
        0.0,
        0.0,
        0.0,
        0.0,
        0.0,
        0.0,
        0.0,
        0.0,
        0.0,
        0.0,
        0.0,
        0.0,
        0.0,
        0.0,
        0.0,
        0.0,
        0.0,
        0.0,
        0.0,
        0.0,
        0.0,
        0.0,
        0.0,
        0.0,
        0.0,
        0.0,
        0.0,
        0.0,
        0.0,
        0.0,
        0.0,
        0.0,
        0.0,
        0.0,
        0.0,
        0.0,
        0.0,
        0.0,
        0.0,
        0.0,
        0.0,
        0.0,
        0.0,
        0.0,
        0.0,
        0.0,
        0.0,
        0.0,
        0.0,
        0.0,
        0.0,
        0.0,
        0.0,
        0.0,
        0.0,
        0.0,
        0.0,
        0.0,
        0.0,
        0.0,
        0.0,
        0.0,
        0.0,
        0.0,
        0.0,
        0.0,
        0.0,
        0.0,
        0.0,
        0.0,
        0.0,
        0.0,
        0.0,
        0.0,
        0.0,
        0.0,
        0.0,
        0.0,
        0.0,
        0.0,
        0.0,
        0.0,
        0.0,
        0.0,
        0.0,
        0.0,
        0.0,
        0.0,
        0.0,
        0.0,
        0.0,
        0.0,
        0.0,
        0.0,
        0.0,
        0.0,
        0.0,
        0.0,
        0.0,
        0.0,
        0.0,
        0.0,
        0.0,
        0.0,
        0.0,
        0.0,
        0.0
    ],