{
    "T": [
        90.0,
        91.0,
        92.0,
        93.0,
        94.0,
        95.0,
        96.0,
        97.0,
        98.0,
        99.0,
        100.0,
        101.0,
        102.0,
        103.0,
        104.0,
        105.0,
        106.0,
        107.0,
        108.0,
        109.0,
        110.0,
        111.0,
        112.0,
        113.0,
        114.0,
        115.0,
        116.0,
        117.0,
        118.0,
        119.0,
        120.0,
        121.0,
        122.0,
        123.0,
        124.0,
        125.0,
        126.0,
        127.0,
        128.0,
        129.0,
        130.0,
        131.0,
        132.0,
        133.0,
        134.0,
        135.0,
        136.0,
        137.0,
        138.0,
        139.0,
        140.0,
        141.0,
        142.0,
        143.0,
        144.0,
        145.0,
        146.0,
        147.0,
        148.0,
        149.0,
        150.0,
        151.0,
        152.0,
        153.0,
        154.0,
        155.0,
        156.0,
        157.0,
        158.0,
        159.0,
        160.0,
        161.0,
        162.0,
        163.0,
        164.0,
        165.0,
        166.0,
        167.0,
        168.0,
        169.0,
        170.0,
        171.0,
        172.0,
        173.0,
        174.0,
        175.0,
        176.0,
        177.0,
        178.0,
        179.0,
        180.0,
        181.0,
        182.0,
        183.0,
        184.0,
        185.0,
        186.0,
        187.0,
        188.0,
        189.0,
        190.0,
        191.0,
        192.0,
        193.0,
        194.0,
        195.0,
        196.0,
        197.0,
        198.0,
        199.0,
        200.0
    ],
    "vevDepthReal": [
        -567698.1540389444,
        -555302.6460761868,
        -543173.7550780589,
        -531305.6335956573,
        -519692.8604475792,
        -508330.1361733411,
        -497212.4572703452,
        -486335.31124470267,
        -475693.8920182638,
        -465284.2734659617,
        -455102.09527843527,
        -445143.25203313574,
        -435404.8372325698,
        -425882.89123767463,
        -416568.06036521785,
        -407474.7963581341,
        -398582.5729503407,
        -389894.32702747954,
        -381407.3891289637,
        -373119.0631794636,
        -365026.87863321404,
        -357128.4875705413,
        -349421.6426264981,
        -341904.1979648705,
        -334574.12958503235,
        -327428.56308642053,
        -320468.5025125991,
        -313689.4179202533,
        -307090.56037882064,
        -300670.38280306844,
        -294427.424592261,
        -288360.27826258127,
        -282467.61164275114,
        -276748.232343149,
        -271200.9147902491,
        -265824.57099415624,
        -260618.15902047599,
        -255580.69005075988,
        -250711.28541102985,
        -246009.0537510724,
        -241473.19411831725,
        -237102.99041957245,
        -232897.72252818526,
        -228856.7576931059,
        -224979.50518842315,
        -221265.41936282965,
        -217714.00515485587,
        -214324.8084837587,
        -211097.41971193135,
        -208031.47211430635,
        -205126.6413760956,
        -202382.63887660217,
        -199799.22029834578,
        -197376.17393691035,
        -195113.32711904356,
        -193010.54271255905,
        -191067.718332466,
        -189284.78499850046,
        -187661.70874557816,
        -186198.48545519536,
        -184895.14460822445,
        -183751.73986178197,
        -182768.38055598084,
        -181945.16858032494,
        -181282.26007460558,
        -180779.8339826757,
        -180438.09685238375,
        -180257.2843181307,
        -180237.5265341375,
        -180379.02810396178,
        -180682.08493511035,
        -181147.00831007396,
        -181774.14502049115,
        -182563.86056865443,
        -183516.5499637876,
        -184632.63176115332,
        -185912.5509574054,
        -187356.76963746586,
        -188965.80998550088,
        -190740.16041205078,
        -192680.40765559732,
        -194787.1010991534,
        -197060.85689179073,
        -199502.3078811427,
        -202112.12426586496,
        -204891.00010985855,
        -207839.66466783764,
        -210958.88282452518,
        -214249.4584760547,
        -217712.2289456809,
        -221348.08336388197,
        -225157.94435437623,
        -229142.79902065988,
        -233303.67850933727,
        -237641.6815098706,
        -242157.97655648703,
        -246853.81241373258,
        -251730.53129219988,
        -256789.58706237483,
        -262032.56397175533,
        -267461.19155928394,
        -273077.4866204688,
        -278883.61314866785,
        -284882.1280409203,
        -291076.3138638406,
        -297469.9321809937,
        -304068.3634069492,
        -310879.83895797475,
        -317922.14556984004,
        -325236.40335876984,
        -332662.1536460608
    ],
    "vevDepthImag": [
        0.0,
        0.0,
        0.0,
        0.0,
        0.0,
        0.0,
        0.0,
        0.0,
        0.0,
        0.0,
        0.0,
        0.0,
        0.0,
        0.0,
        0.0,
        0.0,
        0.0,
        0.0,
        0.0,
        0.0,
        0.0,
        0.0,
        0.0,
        0.0,
        0.0,
        0.0,
        0.0,
        0.0,
        0.0,
        0.0,
        0.0,
        0.0,
        0.0,
        0.0,
        0.0,
        0.0,
        0.0,
        0.0,
        0.0,
        0.0,
        0.0,
        0.0,
        0.0,
        0.0,
        0.0,
        0.0,
        0.0,
        0.0,
        0.0,
        0.0,
        0.0,
        0.0,
        0.0,
        0.0,
        0.0,
        0.0,
        0.0,
        0.0,
        0.0,
        0.0,
        0.0,
        0.0,
        0.0,
        0.0,
        0.0,
        0.0,
        0.0,
        0.0,
        0.0,
        0.0,
        0.0,
        0.0,
        0.0,
        0.0,
        0.0,
        0.0,
        0.0,
        0.0,
        0.0,
        0.0,
        0.0,
        0.0,
        0.0,
        0.0,
        0.0,
        0.0,
        0.0,
        0.0,
        0.0,
        0.0,
        0.0,
        0.0,
        0.0,
        0.0,
        0.0,
        0.0,
        0.0,
        0.0,
        0.0,
        0.0,
        0.0,
        0.0,
        0.0,
        0.0,
        0.0,
        0.0,
        0.0,
        0.0,
        0.0,
        0.0,
        0.0
    ],