{
    "T": [
        90.0,
        91.0,
        92.0,
        93.0,
        94.0,
        95.0,
        96.0,
        97.0,
        98.0,
        99.0,
        100.0,
        101.0,
        102.0,
        103.0,
        104.0,
        105.0,
        106.0,
        107.0,
        108.0,
        109.0,
        110.0,
        111.0,
        112.0,
        113.0,
        114.0,
        115.0,
        116.0,
        117.0,
        118.0,
        119.0,
        120.0,
        121.0,
        122.0,
        123.0,
        124.0,
        125.0,
        126.0,
        127.0,
        128.0,
        129.0,
        130.0,
        131.0,
        132.0,
        133.0,
        134.0,
        135.0,
        136.0,
        137.0,
        138.0,
        139.0,
        140.0,
        141.0,
        142.0,
        143.0,
        144.0,
        145.0,
        146.0,
        147.0,
        148.0,
        149.0,
        150.0,
        151.0,
        152.0,
        153.0,
        154.0,
        155.0,
        156.0,
        157.0,
        158.0,
        159.0,
        160.0,
        161.0,
        162.0,
        163.0,
        164.0,
        165.0,
        166.0,
        167.0,
        168.0,
        169.0,
        170.0,
        171.0,
        172.0,
        173.0,
        174.0,
        175.0,
        176.0,
        177.0,
        178.0,
        179.0,
        180.0,
        181.0,
        182.0,
        183.0,
        184.0,
        185.0,
        186.0,
        187.0,
        188.0,
        189.0,
        190.0,
        191.0,
        192.0,
        193.0,
        194.0,
        195.0,
        196.0,
        197.0,
        198.0,
        199.0,
        200.0
    ],
    "vevDepthReal": [
        -567703.0408847897,
        -555306.5494640743,
        -543176.7202062848,
        -531307.604988676,
        -519693.7775384389,
        -508330.02294790023,
        -497211.39204959385,
        -486333.1488135392,
        -475690.7955024915,
        -465280.0777208912,
        -455096.91577025893,
        -445136.5446862616,
        -435397.92299201526,
        -425874.8780548009,
        -416565.00982704305,
        -407463.92774323653,
        -398571.9127461245,
        -389883.0580025008,
        -381395.42348799144,
        -373106.453040886,
        -365013.6690892308,
        -357114.76907514286,
        -349407.4570925534,
        -341889.6177767096,
        -334559.2238966803,
        -327414.3413901238,
        -320453.16967573663,
        -313673.9634183256,
        -307075.08488151,
        -300654.9382670962,
        -294412.125640037,
        -288345.1808418918,
        -282452.8186646519,
        -276733.7933415066,
        -271186.9192897599,
        -265811.0977779522,
        -260605.28425961154,
        -255568.5013092314,
        -250699.83086906513,
        -245998.4132580327,
        -241463.44480224716,
        -237094.17781386117,
        -232889.90551196077,
        -228850.00971385563,
        -224973.8661880791,
        -221260.93458794302,
        -217710.7113968731,
        -214322.73713815867,
        -211096.59572443104,
        -208031.91162649068,
        -205128.35296926566,
        -202385.61973329325,
        -199803.46377276082,
        -197381.65765827196,
        -195120.01828760392,
        -193018.40145934944,
        -191076.68233341756,
        -189294.7980611527,
        -187672.67795822953,
        -186210.3278578864,
        -184907.74340780723,
        -183764.9754076128,
        -182782.09833708845,
        -181959.2149603052,
        -181296.4590941248,
        -180793.98997669126,
        -180451.98379631795,
        -180270.6927988035,
        -180250.32314326818,
        -180391.15769237562,
        -180693.49158131873,
        -181157.64781505786,
        -181783.97540439552,
        -182572.8493293806,
        -183524.67135740176,
        -184639.8665707594,
        -185918.8965909584,
        -187362.2343532792,
        -188970.37928219803,
        -190743.89901595042,
        -192683.32364546176,
        -194789.2534480446,
        -197062.31286863802,
        -199503.14808698354,
        -202112.4428939501,
        -204890.90784836106,
        -207839.29522919678,
        -210958.37859608565,
        -214248.86517048496,
        -217711.54616440396,
        -221347.28634192707,
        -225157.07217924204,
        -229141.82905204096,
        -233302.60923915016,
        -237640.51290536852,
        -242156.70711110916,
        -246852.4277670933,
        -251729.0577926883,
        -256788.0096000557,
        -262030.8824231687,
        -267459.4250666439,
        -273075.59446627257,
        -278881.6144863451,
        -284880.056211868,
        -291074.0906430099,
        -297467.608841083,
        -304065.927892066,
        -310877.29325349117,
        -317919.4780169323,
        -325233.6251448881,
        -332659.2829714314
    ],
    "vevDepthImag": [
        0.0,
        0.0,
        0.0,
        0.0,
        0.0,
        0.0,
        0.0,
        0.0,
        0.0,
        0.0,
        0.0,
        0.0,
        0.0,
        0.0,
        0.0,
        0.0,
        0.0,
        0.0,
        0.0,
        0.0,
        0.0,
        0.0,
        0.0,
        0.0,
        0.0,
        0.0,
        0.0,
        0.0,
        0.0,
        0.0,
        0.0,
        0.0,
        0.0,
        0.0,
        0.0,
        0.0,
        0.0,
        0.0,
        0.0,
        0.0,
        0.0,
        0.0,
        0.0,
        0.0,
        0.0,
        0.0,
        0.0,
        0.0,
        0.0,
        0.0,
        0.0,
        0.0,
        0.0,
        0.0,
        0.0,
        0.0,
        0.0,
        0.0,
        0.0,
        0.0,
        0.0,
        0.0,
        0.0,
        0.0,
        0.0,
        0.0,
        0.0,
        0.0,
        0.0,
        0.0,
        0.0,
        0.0,
        0.0,
        0.0,
        0.0,
        0.0,
        0.0,
        0.0,
        0.0,
        0.0,
        0.0,
        0.0,
        0.0,
        0.0,
        0.0,
        0.0,
        0.0,
        0.0,
        0.0,
        0.0,
        0.0,
        0.0,
        0.0,
        0.0,
        0.0,
        0.0,
        0.0,
        0.0,
        0.0,
        0.0,
        0.0,
        0.0,
        0.0,
        0.0,
        0.0,
        0.0,
        0.0,
        0.0,
        0.0,
        0.0,
        0.0
    ],