{
    "T": [
        90.0,
        91.0,
        92.0,
        93.0,
        94.0,
        95.0,
        96.0,
        97.0,
        98.0,
        99.0,
        100.0,
        101.0,
        102.0,
        103.0,
        104.0,
        105.0,
        106.0,
        107.0,
        108.0,
        109.0,
        110.0,
        111.0,
        112.0,
        113.0,
        114.0,
        115.0,
        116.0,
        117.0,
        118.0,
        119.0,
        120.0,
        121.0,
        122.0,
        123.0,
        124.0,
        125.0,
        126.0,
        127.0,
        128.0,
        129.0,
        130.0,
        131.0,
        132.0,
        133.0,
        134.0,
        135.0,
        136.0,
        137.0,
        138.0,
        139.0,
        140.0,
        141.0,
        142.0,
        143.0,
        144.0,
        145.0,
        146.0,
        147.0,
        148.0,
        149.0,
        150.0,
        151.0,
        152.0,
        153.0,
        154.0,
        155.0,
        156.0,
        157.0,
        158.0,
        159.0,
        160.0,
        161.0,
        162.0,
        163.0,
        164.0,
        165.0,
        166.0,
        167.0,
        168.0,
        169.0,
        170.0,
        171.0,
        172.0,
        173.0,
        174.0,
        175.0,
        176.0,
        177.0,
        178.0,
        179.0,
        180.0,
        181.0,
        182.0,
        183.0,
        184.0,
        185.0,
        186.0,
        187.0,
        188.0,
        189.0,
        190.0,
        191.0,
        192.0,
        193.0,
        194.0,
        195.0,
        196.0,
        197.0,
        198.0,
        199.0,
        200.0
    ],
    "vevDepthReal": [
        -567703.04088479,
        -555306.5494640744,
        -543176.7202062864,
        -531307.6046673211,
        -519693.7775384366,
        -508330.0229479002,
        -497211.3920495938,
        -486333.14881353924,
        -475690.79547472706,
        -465280.0777208916,
        -455096.9157702589,
        -445136.54458658246,
        -435397.9230614585,
        -425874.8780548236,
        -416565.00982825906,
        -407463.92774315143,
        -398571.9127461236,
        -389883.0580025085,
        -381395.4234879916,
        -373106.45304088574,
        -365013.63218588696,
        -357114.7690778154,
        -349407.4570925534,
        -341889.618049896,
        -334559.22389668017,
        -327414.29976506217,
        -320453.1830267909,
        -313673.9634183082,
        -307075.08488151035,
        -300654.93826684286,
        -294412.1256400371,
        -288345.1808418063,
        -282452.81046835514,
        -276733.79334150674,
        -271186.91989871615,
        -265811.09754850116,
        -260605.28425949003,
        -255568.50118310782,
        -250699.83077246888,
        -245998.41216700285,
        -241463.44410581808,
        -237094.17768861787,
        -232889.90556752225,
        -228850.00971385583,
        -224973.86601772276,
        -221260.93458790905,
        -217710.71044732723,
        -214322.737138506,
        -211096.59572443124,
        -208031.9116743993,
        -205128.35275580524,
        -202385.62253768643,
        -199803.46377422224,
        -197381.6576582722,
        -195120.01256886858,
        -193018.40149238167,
        -191076.68554823182,
        -189294.7980635981,
        -187672.67795816335,
        -186210.32786252163,
        -184907.7434077162,
        -183764.97539891992,
        -182782.0983370886,
        -181959.21557648247,
        -181296.45909412176,
        -180793.98992257682,
        -180451.9841409651,
        -180270.69279880382,
        -180250.32314328226,
        -180391.1552480347,
        -180693.4915813191,
        -181157.6478150601,
        -181783.9753774495,
        -182572.84932867915,
        -183524.6715576306,
        -184639.86657041192,
        -185918.89659095852,
        -187362.23435327748,
        -188970.38085256834,
        -190743.89901588607,
        -192683.32364546187,
        -194789.25344805658,
        -197062.31267062674,
        -199503.14657120287,
        -202112.4428939506,
        -204890.90793209628,
        -207839.29522919678,
        -210958.37859608582,
        -214248.86550697847,
        -217711.54616440405,
        -221347.29580416484,
        -225157.07217924215,
        -229141.8290896575,
        -233302.60923915065,
        -237640.51194023815,
        -242156.70711110908,
        -246852.42776711,
        -251729.05779268825,
        -256788.00960005587,
        -262030.8824183188,
        -267459.4250666773,
        -273075.5944662731,
        -278881.61467961746,
        -284880.0334712568,
        -291074.0906429827,
        -297467.60846403684,
        -304065.9279246144,
        -310877.2932282175,
        -317919.4780161568,
        -325233.6251448883,
        -332659.2829714257
    ],
    "vevDepthImag": [
        0.0,
        0.0,
        0.0,
        0.0,
        0.0,
        0.0,
        0.0,
        0.0,
        0.0,
        0.0,
        0.0,
        0.0,
        0.0,
        0.0,
        0.0,
        0.0,
        0.0,
        0.0,
        0.0,
        0.0,
        0.0,
        0.0,
        0.0,
        0.0,
        0.0,
        0.0,
        0.0,
        0.0,
        0.0,
        0.0,
        0.0,
        0.0,
        0.0,
        0.0,
        0.0,
        0.0,
        0.0,
        0.0,
        0.0,
        0.0,
        0.0,
        0.0,
        0.0,
        0.0,
        0.0,
        0.0,
        0.0,
        0.0,
        0.0,
        0.0,
        0.0,
        0.0,
        0.0,
        0.0,
        0.0,
        0.0,
        0.0,
        0.0,
        0.0,
        0.0,
        0.0,
        0.0,
        0.0,
        0.0,
        0.0,
        0.0,
        0.0,
        0.0,
        0.0,
        0.0,
        0.0,
        0.0,
        0.0,
        0.0,
        0.0,
        0.0,
        0.0,
        0.0,
        0.0,
        0.0,
        0.0,
        0.0,
        0.0,
        0.0,
        0.0,
        0.0,
        0.0,
        0.0,
        0.0,
        0.0,
        0.0,
        0.0,
        0.0,
        0.0,
        0.0,
        0.0,
        0.0,
        0.0,
        0.0,
        0.0,
        0.0,
        0.0,
        0.0,
        0.0,
        0.0,
        0.0,
        0.0,
        0.0,
        0.0,
        0.0,
        0.0
    ],