{
    "T": [
        90.0,
        91.0,
        92.0,
        93.0,
        94.0,
        95.0,
        96.0,
        97.0,
        98.0,
        99.0,
        100.0,
        101.0,
        102.0,
        103.0,
        104.0,
        105.0,
        106.0,
        107.0,
        108.0,
        109.0,
        110.0,
        111.0,
        112.0,
        113.0,
        114.0,
        115.0,
        116.0,
        117.0,
        118.0,
        119.0,
        120.0,
        121.0,
        122.0,
        123.0,
        124.0,
        125.0,
        126.0,
        127.0,
        128.0,
        129.0,
        130.0,
        131.0,
        132.0,
        133.0,
        134.0,
        135.0,
        136.0,
        137.0,
        138.0,
        139.0,
        140.0,
        141.0,
        142.0,
        143.0,
        144.0,
        145.0,
        146.0,
        147.0,
        148.0,
        149.0,
        150.0,
        151.0,
        152.0,
        153.0,
        154.0,
        155.0,
        156.0,
        157.0,
        158.0,
        159.0,
        160.0,
        161.0,
        162.0,
        163.0,
        164.0,
        165.0,
        166.0,
        167.0,
        168.0,
        169.0,
        170.0,
        171.0,
        172.0,
        173.0,
        174.0,
        175.0,
        176.0,
        177.0,
        178.0,
        179.0,
        180.0,
        181.0,
        182.0,
        183.0,
        184.0,
        185.0,
        186.0,
        187.0,
        188.0,
        189.0,
        190.0,
        191.0,
        192.0,
        193.0,
        194.0,
        195.0,
        196.0,
        197.0,
        198.0,
        199.0,
        200.0
    ],
    "vevDepthReal": [
        -567703.0072815887,
        -555306.5017966675,
        -543176.6240278996,
        -531307.5006034973,
        -519693.6843450228,
        -508329.9133782219,
        -497211.26601871336,
        -486333.0060473183,
        -475690.6345139476,
        -465279.8853823212,
        -455096.72200088954,
        -445137.2152659005,
        -435397.69627401815,
        -425874.6545032967,
        -416564.51410130115,
        -407464.75485101494,
        -398571.72351097595,
        -389882.788235259,
        -381395.10066525626,
        -373106.09452476853,
        -365013.33591392834,
        -357114.3538992182,
        -349407.0459699753,
        -341889.23107199935,
        -334558.82734648173,
        -327413.94490046485,
        -320452.7683292823,
        -313673.5511497982,
        -307074.65652659105,
        -300654.509749247,
        -294411.6880933122,
        -288344.74151399697,
        -282452.3791620337,
        -276733.35076431854,
        -271186.4785713045,
        -265810.6585394582,
        -260604.8486498489,
        -255568.06983669434,
        -250699.40626382947,
        -245997.9962105567,
        -241463.03679029914,
        -237093.77921662267,
        -232889.52805229212,
        -228849.63566512242,
        -224973.5061836019,
        -221260.58970394352,
        -217710.382881781,
        -214322.4266535049,
        -211096.30258524878,
        -208031.64032860298,
        -205128.1015535859,
        -202385.39273503603,
        -199803.25620037038,
        -197381.47328418662,
        -195119.85895658773,
        -193018.26644496806,
        -191076.5782178812,
        -189294.71406438563,
        -187672.62201743582,
        -186210.29460979713,
        -184907.73506272308,
        -183764.99321585218,
        -182782.14182660985,
        -181959.28347143246,
        -181296.53930418397,
        -180794.1059284972,
        -180452.1342671545,
        -180270.85235720195,
        -180250.50289081867,
        -180391.35322106123,
        -180693.70528767735,
        -181157.87597254897,
        -181784.21477756655,
        -182573.098853655,
        -183524.92745522177,
        -184640.12880661825,
        -185919.15517597034,
        -187362.49058250428,
        -188970.63797592768,
        -190744.13287597787,
        -192683.54398961057,
        -194789.45439743163,
        -197062.48577404092,
        -199503.28797686257,
        -202112.5459718107,
        -204890.96806228245,
        -207839.30225746307,
        -210958.33300935553,
        -214248.81972875062,
        -217711.5020251209,
        -221347.26291047878,
        -225157.03219802256,
        -229141.783318287,
        -233302.57201801694,
        -237640.47725829761,
        -242156.67198682844,
        -246852.3958452114,
        -251729.02747860047,
        -256787.98114012793,
        -262030.84086334132,
        -267459.332230641,
        -273075.5717795368,
        -278881.5915402137,
        -284878.15890870494,
        -291074.07356270024,
        -297467.59429857077,
        -304065.9115734167,
        -310877.2834318045,
        -317919.3096062903,
        -325233.6215213737,
        -332659.2806602355
    ],
    "vevDepthImag": [
        0.0,
        0.0,
        0.0,
        0.0,
        0.0,
        0.0,
        0.0,
        0.0,
        0.0,
        0.0,
        0.0,
        0.0,
        0.0,
        0.0,
        0.0,
        0.0,
        0.0,
        0.0,
        0.0,
        0.0,
        0.0,
        0.0,
        0.0,
        0.0,
        0.0,
        0.0,
        0.0,
        0.0,
        0.0,
        0.0,
        0.0,
        0.0,
        0.0,
        0.0,
        0.0,
        0.0,
        0.0,
        0.0,
        0.0,
        0.0,
        0.0,
        0.0,
        0.0,
        0.0,
        0.0,
        0.0,
        0.0,
        0.0,
        0.0,
        0.0,
        0.0,
        0.0,
        0.0,
        0.0,
        0.0,
        0.0,
        0.0,
        0.0,
        0.0,
        0.0,
        0.0,
        0.0,
        0.0,
        0.0,
        0.0,
        0.0,
        0.0,
        0.0,
        0.0,
        0.0,
        0.0,
        0.0,
        0.0,
        0.0,
        0.0,
        0.0,
        0.0,
        0.0,
        0.0,
        0.0,
        0.0,
        0.0,
        0.0,
        0.0,
        0.0,
        0.0,
        0.0,
        0.0,
        0.0,
        0.0,
        0.0,
        0.0,
        0.0,
        0.0,
        0.0,
        0.0,
        0.0,
        0.0,
        0.0,
        0.0,
        0.0,
        0.0,
        0.0,
        0.0,
        0.0,
        0.0,
        0.0,
        0.0,
        0.0,
        0.0,
        0.0
    ],