{
    "T": [
        90.0,
        91.0,
        92.0,
        93.0,
        94.0,
        95.0,
        96.0,
        97.0,
        98.0,
        99.0,
        100.0,
        101.0,
        102.0,
        103.0,
        104.0,
        105.0,
        106.0,
        107.0,
        108.0,
        109.0,
        110.0,
        111.0,
        112.0,
        113.0,
        114.0,
        115.0,
        116.0,
        117.0,
        118.0,
        119.0,
        120.0,
        121.0,
        122.0,
        123.0,
        124.0,
        125.0,
        126.0,
        127.0,
        128.0,
        129.0,
        130.0,
        131.0,
        132.0,
        133.0,
        134.0,
        135.0,
        136.0,
        137.0,
        138.0,
        139.0,
        140.0,
        141.0,
        142.0,
        143.0,
        144.0,
        145.0,
        146.0,
        147.0,
        148.0,
        149.0,
        150.0,
        151.0,
        152.0,
        153.0,
        154.0,
        155.0,
        156.0,
        157.0,
        158.0,
        159.0,
        160.0,
        161.0,
        162.0,
        163.0,
        164.0,
        165.0,
        166.0,
        167.0,
        168.0,
        169.0,
        170.0,
        171.0,
        172.0,
        173.0,
        174.0,
        175.0,
        176.0,
        177.0,
        178.0,
        179.0,
        180.0,
        181.0,
        182.0,
        183.0,
        184.0,
        185.0,
        186.0,
        187.0,
        188.0,
        189.0,
        190.0,
        191.0,
        192.0,
        193.0,
        194.0,
        195.0,
        196.0,
        197.0,
        198.0,
        199.0,
        200.0
    ],
    "vevDepthReal": [
        -567698.14798282,
        -555302.2210512309,
        -543173.7006319065,
        -531305.5939509005,
        -519692.85717893444,
        -508330.13518424006,
        -497212.57634596666,
        -486335.3278212633,
        -475693.9916919535,
        -465284.264963447,
        -455102.1138292207,
        -445143.50813034084,
        -435405.0140724147,
        -425882.92533668166,
        -416573.62794305617,
        -407474.7851622035,
        -398582.57379087736,
        -389894.35105913127,
        -381407.38532223174,
        -373119.1006926327,
        -365026.82817493204,
        -357128.2123008181,
        -349421.6296652939,
        -341904.1727257114,
        -334574.1195370587,
        -327429.5264080291,
        -320468.55100847525,
        -313689.36762390775,
        -307090.5450466064,
        -300670.3907184014,
        -294427.38615537493,
        -288360.3223898806,
        -282467.6367700993,
        -276748.2541306841,
        -271200.9127512615,
        -265824.56551249383,
        -260618.16649676926,
        -255580.70850149065,
        -250711.29675836337,
        -246009.06517068122,
        -241473.21608696025,
        -237103.03267658138,
        -232897.75571471325,
        -228856.75873226722,
        -224979.51047390443,
        -221265.42884135956,
        -217714.00547188165,
        -214324.80680921546,
        -211097.44041600008,
        -208031.46370880347,
        -205126.65140747066,
        -202382.67118388307,
        -199799.21053700754,
        -197376.15885986458,
        -195113.326253608,
        -193010.52739249764,
        -191067.7293832628,
        -189284.78605794115,
        -187661.73480090237,
        -186198.50397013247,
        -184895.16275439627,
        -183751.74925658933,
        -182768.40630802838,
        -181945.1729454446,
        -181282.27599887305,
        -180779.84249356407,
        -180438.11118239237,
        -180257.2853547256,
        -180237.53180982315,
        -180379.02543565322,
        -180682.07934422418,
        -181147.00746647237,
        -181774.1545818859,
        -182563.87804294124,
        -183516.554944208,
        -184632.62354794005,
        -185912.58179421525,
        -187356.78485745046,
        -188965.8240878725,
        -190740.1739837881,
        -192680.4078523556,
        -194787.10705618802,
        -197060.85463894438,
        -199502.31737162944,
        -202112.13819450542,
        -204891.00537114206,
        -207839.66346283967,
        -210958.87721693382,
        -214249.46211758477,
        -217712.25161018738,
        -221348.0492403166,
        -225157.94904925994,
        -229142.79878566385,
        -233303.68469948636,
        -237641.67562163234,
        -242157.97821226966,
        -246853.81058730657,
        -251730.5371503999,
        -256789.59092118836,
        -262032.56944792808,
        -267461.2115948153,
        -273077.4932292037,
        -278883.6067134524,
        -284882.18087966694,
        -291076.3170018076,
        -297469.9362196606,
        -304068.36669147183,
        -310879.8426812806,
        -317918.183575546,
        -325236.40091572294,
        -332662.1664406718
    ],
    "vevDepthImag": [
        0.0,
        0.0,
        0.0,
        0.0,
        0.0,
        0.0,
        0.0,
        0.0,
        0.0,
        0.0,
        0.0,
        0.0,
        0.0,
        0.0,
        0.0,
        0.0,
        0.0,
        0.0,
        0.0,
        0.0,
        0.0,
        0.0,
        0.0,
        0.0,
        0.0,
        0.0,
        0.0,
        0.0,
        0.0,
        0.0,
        0.0,
        0.0,
        0.0,
        0.0,
        0.0,
        0.0,
        0.0,
        0.0,
        0.0,
        0.0,
        0.0,
        0.0,
        0.0,
        0.0,
        0.0,
        0.0,
        0.0,
        0.0,
        0.0,
        0.0,
        0.0,
        0.0,
        0.0,
        0.0,
        0.0,
        0.0,
        0.0,
        0.0,
        0.0,
        0.0,
        0.0,
        0.0,
        0.0,
        0.0,
        0.0,
        0.0,
        0.0,
        0.0,
        0.0,
        0.0,
        0.0,
        0.0,
        0.0,
        0.0,
        0.0,
        0.0,
        0.0,
        0.0,
        0.0,
        0.0,
        0.0,
        0.0,
        0.0,
        0.0,
        0.0,
        0.0,
        0.0,
        0.0,
        0.0,
        0.0,
        0.0,
        0.0,
        0.0,
        0.0,
        0.0,
        0.0,
        0.0,
        0.0,
        0.0,
        0.0,
        0.0,
        0.0,
        0.0,
        0.0,
        0.0,
        0.0,
        0.0,
        0.0,
        0.0,
        0.0,
        0.0
    ],