{
    "T": [
        90.0,
        91.0,
        92.0,
        93.0,
        94.0,
        95.0,
        96.0,
        97.0,
        98.0,
        99.0,
        100.0,
        101.0,
        102.0,
        103.0,
        104.0,
        105.0,
        106.0,
        107.0,
        108.0,
        109.0,
        110.0,
        111.0,
        112.0,
        113.0,
        114.0,
        115.0,
        116.0,
        117.0,
        118.0,
        119.0,
        120.0,
        121.0,
        122.0,
        123.0,
        124.0,
        125.0,
        126.0,
        127.0,
        128.0,
        129.0,
        130.0,
        131.0,
        132.0,
        133.0,
        134.0,
        135.0,
        136.0,
        137.0,
        138.0,
        139.0,
        140.0,
        141.0,
        142.0,
        143.0,
        144.0,
        145.0,
        146.0,
        147.0,
        148.0,
        149.0,
        150.0,
        151.0,
        152.0,
        153.0,
        154.0,
        155.0,
        156.0,
        157.0,
        158.0,
        159.0,
        160.0,
        161.0,
        162.0,
        163.0,
        164.0,
        165.0,
        166.0,
        167.0,
        168.0,
        169.0,
        170.0,
        171.0,
        172.0,
        173.0,
        174.0,
        175.0,
        176.0,
        177.0,
        178.0,
        179.0,
        180.0,
        181.0,
        182.0,
        183.0,
        184.0,
        185.0,
        186.0,
        187.0,
        188.0,
        189.0,
        190.0,
        191.0,
        192.0,
        193.0,
        194.0,
        195.0,
        196.0,
        197.0,
        198.0,
        199.0,
        200.0
    ],
    "vevDepthReal": [
        -567703.0408847898,
        -555306.5494640743,
        -543176.7202062856,
        -531307.6048994493,
        -519693.77837875707,
        -508330.02790373686,
        -497211.3920495938,
        -486333.1488135392,
        -475690.7956050909,
        -465280.07772089134,
        -455096.9157702591,
        -445136.54458480317,
        -435397.9210329928,
        -425874.8780548007,
        -416565.00982795004,
        -407463.9277433648,
        -398571.9127461186,
        -389883.05800249166,
        -381395.42348799156,
        -373106.4530408856,
        -365013.6321966904,
        -357114.7690744497,
        -349407.4570925533,
        -341889.617289585,
        -334559.22389668017,
        -327414.29976509616,
        -320453.1770968575,
        -313673.9634182844,
        -307075.0848815103,
        -300654.93826752866,
        -294412.12564003695,
        -288345.1808414684,
        -282452.81458425085,
        -276733.79334150674,
        -271186.9192895753,
        -265811.09754818573,
        -260605.28425957935,
        -255568.50127360784,
        -250699.82861142032,
        -245998.41216700198,
        -241463.44528116638,
        -237094.17480961708,
        -232889.90546955584,
        -228850.00971385566,
        -224973.86601772282,
        -221260.9345873227,
        -217710.7107068664,
        -214322.73713844616,
        -211096.5957244311,
        -208031.91175735267,
        -205128.35275581232,
        -202385.62201053253,
        -199803.46377262025,
        -197381.65765827225,
        -195120.01979365718,
        -193018.4014893875,
        -191076.68574879668,
        -189294.7980628707,
        -187672.67795819987,
        -186210.32785787922,
        -184907.7434077743,
        -183764.9753787096,
        -182782.09833708842,
        -181959.21496030042,
        -181296.4590941241,
        -180793.9887119711,
        -180451.99591838557,
        -180270.69279880368,
        -180250.32314330759,
        -180391.15524804327,
        -180693.49158131887,
        -181157.64782987506,
        -181783.97493866825,
        -182572.84932279988,
        -183524.67135724728,
        -184639.86698723084,
        -185918.8965909583,
        -187362.23435327964,
        -188970.3792826392,
        -190743.89901609984,
        -192683.32364546193,
        -194789.25344804995,
        -197062.3132619095,
        -199503.14808696188,
        -202112.44289394934,
        -204890.9079245996,
        -207839.29522919684,
        -210958.37859608576,
        -214248.86539818178,
        -217711.54616440414,
        -221347.30444374745,
        -225157.07217924204,
        -229141.82882129715,
        -233302.60923915042,
        -237640.51290694735,
        -242156.707111109,
        -246852.42776709585,
        -251729.05779268837,
        -256788.00960005593,
        -262030.8819865739,
        -267459.42506669054,
        -273075.59446627286,
        -278881.61447638075,
        -284880.0562136922,
        -291074.09063900233,
        -297467.6078930684,
        -304065.9291153024,
        -310877.2932517689,
        -317919.4780307718,
        -325233.62514488824,
        -332659.28297142696
    ],
    "vevDepthImag": [
        0.0,
        0.0,
        0.0,
        0.0,
        0.0,
        0.0,
        0.0,
        0.0,
        0.0,
        0.0,
        0.0,
        0.0,
        0.0,
        0.0,
        0.0,
        0.0,
        0.0,
        0.0,
        0.0,
        0.0,
        0.0,
        0.0,
        0.0,
        0.0,
        0.0,
        0.0,
        0.0,
        0.0,
        0.0,
        0.0,
        0.0,
        0.0,
        0.0,
        0.0,
        0.0,
        0.0,
        0.0,
        0.0,
        0.0,
        0.0,
        0.0,
        0.0,
        0.0,
        0.0,
        0.0,
        0.0,
        0.0,
        0.0,
        0.0,
        0.0,
        0.0,
        0.0,
        0.0,
        0.0,
        0.0,
        0.0,
        0.0,
        0.0,
        0.0,
        0.0,
        0.0,
        0.0,
        0.0,
        0.0,
        0.0,
        0.0,
        0.0,
        0.0,
        0.0,
        0.0,
        0.0,
        0.0,
        0.0,
        0.0,
        0.0,
        0.0,
        0.0,
        0.0,
        0.0,
        0.0,
        0.0,
        0.0,
        0.0,
        0.0,
        0.0,
        0.0,
        0.0,
        0.0,
        0.0,
        0.0,
        0.0,
        0.0,
        0.0,
        0.0,
        0.0,
        0.0,
        0.0,
        0.0,
        0.0,
        0.0,
        0.0,
        0.0,
        0.0,
        0.0,
        0.0,
        0.0,
        0.0,
        0.0,
        0.0,
        0.0,
        0.0
    ],