{
    "T": [
        90.0,
        91.0,
        92.0,
        93.0,
        94.0,
        95.0,
        96.0,
        97.0,
        98.0,
        99.0,
        100.0,
        101.0,
        102.0,
        103.0,
        104.0,
        105.0,
        106.0,
        107.0,
        108.0,
        109.0,
        110.0,
        111.0,
        112.0,
        113.0,
        114.0,
        115.0,
        116.0,
        117.0,
        118.0,
        119.0,
        120.0,
        121.0,
        122.0,
        123.0,
        124.0,
        125.0,
        126.0,
        127.0,
        128.0,
        129.0,
        130.0,
        131.0,
        132.0,
        133.0,
        134.0,
        135.0,
        136.0,
        137.0,
        138.0,
        139.0,
        140.0,
        141.0,
        142.0,
        143.0,
        144.0,
        145.0,
        146.0,
        147.0,
        148.0,
        149.0,
        150.0,
        151.0,
        152.0,
        153.0,
        154.0,
        155.0,
        156.0,
        157.0,
        158.0,
        159.0,
        160.0,
        161.0,
        162.0,
        163.0,
        164.0,
        165.0,
        166.0,
        167.0,
        168.0,
        169.0,
        170.0,
        171.0,
        172.0,
        173.0,
        174.0,
        175.0,
        176.0,
        177.0,
        178.0,
        179.0,
        180.0,
        181.0,
        182.0,
        183.0,
        184.0,
        185.0,
        186.0,
        187.0,
        188.0,
        189.0,
        190.0,
        191.0,
        192.0,
        193.0,
        194.0,
        195.0,
        196.0,
        197.0,
        198.0,
        199.0,
        200.0
    ],
    "vevDepthReal": [
        -567703.0408847897,
        -555306.5494640744,
        -543176.720206287,
        -531307.6050105923,
        -519693.7782086546,
        -508330.0229479001,
        -497211.39204959373,
        -486333.1488135393,
        -475690.795373345,
        -465280.07772089157,
        -455096.91577025893,
        -445137.4093690468,
        -435397.91833110456,
        -425874.87805456214,
        -416565.00982934266,
        -407463.9277427206,
        -398571.91274611495,
        -389883.05800248554,
        -381395.42348799144,
        -373106.4530408857,
        -365013.6321829164,
        -357114.7690739746,
        -349407.4570925534,
        -341889.61799335736,
        -334559.2238966804,
        -327414.3413901321,
        -320453.1800290667,
        -313673.9634183029,
        -307075.08488151024,
        -300654.93826702656,
        -294412.1256400369,
        -288345.1808419276,
        -282452.8181770695,
        -276733.79334150656,
        -271186.91956555913,
        -265811.097314485,
        -260605.28425960397,
        -255568.50118309772,
        -250699.82888933635,
        -245998.41216700358,
        -241463.4441051641,
        -237094.17072039255,
        -232889.90553638164,
        -228850.00971385557,
        -224973.8660177225,
        -221260.9345878657,
        -217710.71089817357,
        -214322.73713783835,
        -211096.5957244312,
        -208031.91168374824,
        -205128.35275581345,
        -202385.6221044207,
        -199803.46377354753,
        -197381.6576582719,
        -195120.01991607272,
        -193018.40149431536,
        -191076.68642134924,
        -189294.7980645871,
        -187672.67795818183,
        -186210.3278584208,
        -184907.74340777186,
        -183764.97539445854,
        -182782.09833708854,
        -181959.2149603202,
        -181296.4590941245,
        -180793.98954499976,
        -180451.99591838534,
        -180270.6927988037,
        -180250.32314328483,
        -180391.15769237536,
        -180693.49158131948,
        -181157.64782990562,
        -181783.9748787008,
        -182572.849322306,
        -183524.6715576305,
        -184639.86657020892,
        -185918.8965909584,
        -187362.23435327824,
        -188970.3853478687,
        -190743.8990157324,
        -192683.32364546176,
        -194789.25344805143,
        -197062.31326123,
        -199503.14808692184,
        -202112.44289394998,
        -204890.90788689558,
        -207839.29522919684,
        -210958.37859608533,
        -214248.86553182834,
        -217711.54616440416,
        -221347.30500074074,
        -225157.07217924204,
        -229141.82887559733,
        -233302.60923915065,
        -237640.5126365786,
        -242156.7071111092,
        -246852.42776711413,
        -251729.0577926886,
        -256788.00960005575,
        -262030.88198660396,
        -267459.4250666854,
        -273075.59446627274,
        -278881.61464237113,
        -284879.9511575549,
        -291074.09063806396,
        -297467.60745686677,
        -304065.9278930583,
        -310877.2932522284,
        -317919.4780216313,
        -325233.62514488806,
        -332659.28297144815
    ],
    "vevDepthImag": [
        0.0,
        0.0,
        0.0,
        0.0,
        0.0,
        0.0,
        0.0,
        0.0,
        0.0,
        0.0,
        0.0,
        0.0,
        0.0,
        0.0,
        0.0,
        0.0,
        0.0,
        0.0,
        0.0,
        0.0,
        0.0,
        0.0,
        0.0,
        0.0,
        0.0,
        0.0,
        0.0,
        0.0,
        0.0,
        0.0,
        0.0,
        0.0,
        0.0,
        0.0,
        0.0,
        0.0,
        0.0,
        0.0,
        0.0,
        0.0,
        0.0,
        0.0,
        0.0,
        0.0,
        0.0,
        0.0,
        0.0,
        0.0,
        0.0,
        0.0,
        0.0,
        0.0,
        0.0,
        0.0,
        0.0,
        0.0,
        0.0,
        0.0,
        0.0,
        0.0,
        0.0,
        0.0,
        0.0,
        0.0,
        0.0,
        0.0,
        0.0,
        0.0,
        0.0,
        0.0,
        0.0,
        0.0,
        0.0,
        0.0,
        0.0,
        0.0,
        0.0,
        0.0,
        0.0,
        0.0,
        0.0,
        0.0,
        0.0,
        0.0,
        0.0,
        0.0,
        0.0,
        0.0,
        0.0,
        0.0,
        0.0,
        0.0,
        0.0,
        0.0,
        0.0,
        0.0,
        0.0,
        0.0,
        0.0,
        0.0,
        0.0,
        0.0,
        0.0,
        0.0,
        0.0,
        0.0,
        0.0,
        0.0,
        0.0,
        0.0,
        0.0
    ],