{
    "T": [
        90.0,
        91.0,
        92.0,
        93.0,
        94.0,
        95.0,
        96.0,
        97.0,
        98.0,
        99.0,
        100.0,
        101.0,
        102.0,
        103.0,
        104.0,
        105.0,
        106.0,
        107.0,
        108.0,
        109.0,
        110.0,
        111.0,
        112.0,
        113.0,
        114.0,
        115.0,
        116.0,
        117.0,
        118.0,
        119.0,
        120.0,
        121.0,
        122.0,
        123.0,
        124.0,
        125.0,
        126.0,
        127.0,
        128.0,
        129.0,
        130.0,
        131.0,
        132.0,
        133.0,
        134.0,
        135.0,
        136.0,
        137.0,
        138.0,
        139.0,
        140.0,
        141.0,
        142.0,
        143.0,
        144.0,
        145.0,
        146.0,
        147.0,
        148.0,
        149.0,
        150.0,
        151.0,
        152.0,
        153.0,
        154.0,
        155.0,
        156.0,
        157.0,
        158.0,
        159.0,
        160.0,
        161.0,
        162.0,
        163.0,
        164.0,
        165.0,
        166.0,
        167.0,
        168.0,
        169.0,
        170.0,
        171.0,
        172.0,
        173.0,
        174.0,
        175.0,
        176.0,
        177.0,
        178.0,
        179.0,
        180.0,
        181.0,
        182.0,
        183.0,
        184.0,
        185.0,
        186.0,
        187.0,
        188.0,
        189.0,
        190.0,
        191.0,
        192.0,
        193.0,
        194.0,
        195.0,
        196.0,
        197.0,
        198.0,
        199.0,
        200.0
    ],
    "vevDepthReal": [
        -817106.755605289,
        -800839.4017141943,
        -784914.6026576068,
        -769324.4671901471,
        -754061.5793236562,
        -739118.9218074961,
        -724489.6537558574,
        -710167.5692537697,
        -696146.3088047431,
        -682420.4195476054,
        -668984.0997217062,
        -655832.2080864308,
        -642959.7274516835,
        -630361.9048152536,
        -618034.2008747918,
        -605972.2997286043,
        -594172.0864199677,
        -582629.6418057699,
        -571341.2642529234,
        -560303.3834442905,
        -549512.6171738324,
        -538965.7613809997,
        -528659.7499720445,
        -518591.67991382186,
        -508758.7799941777,
        -499158.42142012296,
        -489788.10552127013,
        -480645.4340301032,
        -471728.2245390212,
        -463034.2686665829,
        -454561.56044343894,
        -446308.1810473867,
        -438272.30637794966,
        -430452.22385958344,
        -422846.2978613932,
        -415452.99463486933,
        -408270.86348942155,
        -401298.5322899258,
        -394534.7440223403,
        -387978.25436496444,
        -381627.96193476924,
        -375482.7833479934,
        -369541.75248015736,
        -363803.9279129688,
        -358268.44676280726,
        -352934.55132412375,
        -347801.4711210705,
        -342868.54311788676,
        -338135.1517496138,
        -333600.7220420138,
        -329264.768754983,
        -325126.81035565666,
        -321186.44580648467,
        -317443.24878580996,
        -313897.10314246576,
        -310547.52576317464,
        -307394.42167559103,
        -304437.5415471643,
        -301676.7715383709,
        -299112.00883314176,
        -296742.95543695916,
        -294570.37770458625,
        -292593.47557216266,
        -290812.5836814856,
        -289227.7931490466,
        -287839.22939986945,
        -286647.0175752739,
        -285651.2270788751,
        -284852.02707033505,
        -284249.6615509401,
        -283844.398774156,
        -283636.53449930483,
        -283626.39955652354,
        -283814.33715279994,
        -284200.7649587843,
        -284786.0385530685,
        -285570.6914348047,
        -286555.11069774744,
        -287739.82128661236,
        -289125.34533307375,
        -290712.2364566899,
        -292501.0700276342,
        -294492.4516877076,
        -296687.0124966323,
        -299085.4037656998,
        -301688.32184114796,
        -304496.4884897177,
        -307510.6194609726,
        -310731.49091935344,
        -314159.89525899943,
        -317796.669188415,
        -321642.6561672437,
        -325698.73609606153,
        -329965.8253615264,
        -334444.8682863931,
        -339136.8408946445,
        -344042.7586566761,
        -349163.6633918056,
        -354500.6417842525,
        -360054.81546546984,
        -365827.35013590276,
        -371819.4542820903,
        -378032.3855277748,
        -384467.4516463992,
        -391126.01617097907,
        -398009.50369818346,
        -405119.42324146477,
        -412457.21814466343,
        -420024.88003425195,
        -427823.8374225057,
        -435856.06726724596
    ],
    "vevDepthImag": [
        0.0,
        0.0,
        0.0,
        0.0,
        0.0,
        0.0,
        0.0,
        0.0,
        0.0,
        0.0,
        0.0,
        0.0,
        0.0,
        0.0,
        0.0,
        0.0,
        0.0,
        0.0,
        0.0,
        0.0,
        0.0,
        0.0,
        0.0,
        0.0,
        0.0,
        0.0,
        0.0,
        0.0,
        0.0,
        0.0,
        0.0,
        0.0,
        0.0,
        0.0,
        0.0,
        0.0,
        0.0,
        0.0,
        0.0,
        0.0,
        0.0,
        0.0,
        0.0,
        0.0,
        0.0,
        0.0,
        0.0,
        0.0,
        0.0,
        0.0,
        0.0,
        0.0,
        0.0,
        0.0,
        0.0,
        0.0,
        0.0,
        0.0,
        0.0,
        0.0,
        0.0,
        0.0,
        0.0,
        0.0,
        0.0,
        0.0,
        0.0,
        0.0,
        0.0,
        0.0,
        0.0,
        0.0,
        0.0,
        0.0,
        0.0,
        0.0,
        0.0,
        0.0,
        0.0,
        0.0,
        0.0,
        0.0,
        0.0,
        0.0,
        0.0,
        0.0,
        0.0,
        0.0,
        0.0,
        0.0,
        0.0,
        0.0,
        0.0,
        0.0,
        0.0,
        0.0,
        0.0,
        0.0,
        0.0,
        0.0,
        0.0,
        0.0,
        0.0,
        0.0,
        0.0,
        0.0,
        0.0,
        0.0,
        0.0,
        0.0,
        0.0
    ],