{
    "bmNumber": 3,
    "failureReason": false,
    "T": [
        90.0,
        91.0,
        92.0,
        93.0,
        94.0,
        95.0,
        96.0,
        97.0,
        98.0,
        99.0,
        100.0,
        101.0,
        102.0,
        103.0,
        104.0,
        105.0,
        106.0,
        107.0,
        108.0,
        109.0,
        110.0,
        111.0,
        112.0,
        113.0,
        114.0,
        115.0,
        116.0,
        117.0,
        118.0,
        119.0,
        120.0,
        121.0,
        122.0,
        123.0,
        124.0,
        125.0,
        126.0,
        127.0,
        128.0,
        129.0,
        130.0,
        131.0,
        132.0,
        133.0,
        134.0,
        135.0,
        136.0,
        137.0,
        138.0,
        139.0,
        140.0,
        141.0,
        142.0,
        143.0,
        144.0,
        145.0,
        146.0,
        147.0,
        148.0,
        149.0,
        150.0,
        151.0,
        152.0,
        153.0,
        154.0,
        155.0,
        156.0,
        157.0,
        158.0,
        159.0,
        160.0,
        161.0,
        162.0,
        163.0,
        164.0,
        165.0,
        166.0,
        167.0,
        168.0,
        169.0,
        170.0,
        171.0,
        172.0,
        173.0,
        174.0,
        175.0,
        176.0,
        177.0,
        178.0,
        179.0,
        180.0,
        181.0,
        182.0,
        183.0,
        184.0,
        185.0,
        186.0,
        187.0,
        188.0,
        189.0,
        190.0,
        191.0,
        192.0,
        193.0,
        194.0,
        195.0,
        196.0,
        197.0,
        198.0,
        199.0,
        200.0
    ],
    "vevDepthReal": [
        -817201.2311539289,
        -800935.38220798,
        -785012.0535002011,
        -769423.4127907846,
        -754161.9779536675,
        -739220.8180682653,
        -724593.077299306,
        -710272.3933646325,
        -696252.6785421656,
        -682528.1492958437,
        -669093.2806293616,
        -655942.8209186669,
        -643071.7754662508,
        -630475.3777078859,
        -618149.0890664526,
        -606088.5979372071,
        -594289.8015663712,
        -582748.7711721144,
        -571461.7740503135,
        -560425.2632106511,
        -549635.9003333858,
        -539090.399689374,
        -528785.7777144124,
        -518719.0688078563,
        -508887.52464743145,
        -499288.51614961954,
        -489919.5337642865,
        -480778.2289380951,
        -471862.3254332642,
        -463169.69197400485,
        -454698.30300273234,
        -446446.2319111482,
        -438411.66201878147,
        -430592.8717763908,
        -422988.2226233564,
        -415596.20539446874,
        -408415.3444655542,
        -401444.2907957711,
        -394681.7612853165,
        -388126.52360558166,
        -381777.47750052996,
        -375633.54208614817,
        -369693.7345171665,
        -363957.1332671733,
        -358422.8783905461,
        -353090.17296194733,
        -347958.2994476586,
        -343026.56470770686,
        -338294.3555918111,
        -333761.10955253866,
        -329426.27541022137,
        -325289.5195991501,
        -321350.3079600679,
        -317608.32151383144,
        -314063.2498090132,
        -310714.8212468295,
        -307562.81154460646,
        -304607.0499731824,
        -301847.3860098452,
        -299283.73210535536,
        -296916.02138639736,
        -294744.2441463225,
        -292768.4051061241,
        -290988.5790585462,
        -289404.83957264194,
        -288017.3178903075,
        -286826.14445075253,
        -285831.3711131696,
        -285033.18488797406,
        -284431.82331649045,
        -284027.5529947627,
        -283820.6590950587,
        -283811.5083681217,
        -284000.4230236747,
        -284387.778876747,
        -284974.0390145438,
        -285759.57077174383,
        -286744.93890072434,
        -287930.5590637959,
        -289316.98035993957,
        -290904.7628193813,
        -292694.4723463644,
        -294686.71999462234,
        -296882.1335716555,
        -299281.3738570603,
        -301885.12340025965,
        -304694.0959797643,
        -307709.0310635002,
        -310930.68542231654,
        -314359.88108866126,
        -317997.41537590115,
        -321844.1420918354,
        -325900.9649913028,
        -330168.7753362756,
        -334648.5202889724,
        -339341.1881994673,
        -344247.77138776204,
        -349369.34562663,
        -354706.9668967459,
        -360261.76666916325,
        -366034.90346541884,
        -372027.60354034184,
        -378241.0997921743,
        -384676.7231415786,
        -391335.82137240656,
        -398219.8245894037,
        -405330.225635572,
        -412668.5878099275,
        -420236.5873052965,
        -428035.953806762,
        -436068.5764114107
    ],
    "vevDepthImag": [
        0.0,
        0.0,
        0.0,
        0.0,
        0.0,
        0.0,
        0.0,
        0.0,
        0.0,
        0.0,
        0.0,
        0.0,
        0.0,
        0.0,
        0.0,
        0.0,
        0.0,
        0.0,
        0.0,
        0.0,
        0.0,
        0.0,
        0.0,
        0.0,
        0.0,
        0.0,
        0.0,
        0.0,
        0.0,
        0.0,
        0.0,
        0.0,
        0.0,
        0.0,
        0.0,
        0.0,
        0.0,
        0.0,
        0.0,
        0.0,
        0.0,
        0.0,
        0.0,
        0.0,
        0.0,
        0.0,
        0.0,
        0.0,
        0.0,
        0.0,
        0.0,
        0.0,
        0.0,
        0.0,
        0.0,
        0.0,
        0.0,
        0.0,
        0.0,
        0.0,
        0.0,
        0.0,
        0.0,
        0.0,
        0.0,
        0.0,
        0.0,
        0.0,
        0.0,
        0.0,
        0.0,
        0.0,
        0.0,
        0.0,
        0.0,
        0.0,
        0.0,
        0.0,
        0.0,
        0.0,
        0.0,
        0.0,
        0.0,
        0.0,
        0.0,
        0.0,
        0.0,
        0.0,
        0.0,
        0.0,
        0.0,
        0.0,
        0.0,
        0.0,
        0.0,
        0.0,
        0.0,
        0.0,
        0.0,
        0.0,
        0.0,
        0.0,
        0.0,
        0.0,
        0.0,
        0.0,
        0.0,
        0.0,
        0.0,
        0.0,
        0.0
    ],