{
    "T": [
        90.0,
        91.0,
        92.0,
        93.0,
        94.0,
        95.0,
        96.0,
        97.0,
        98.0,
        99.0,
        100.0,
        101.0,
        102.0,
        103.0,
        104.0,
        105.0,
        106.0,
        107.0,
        108.0,
        109.0,
        110.0,
        111.0,
        112.0,
        113.0,
        114.0,
        115.0,
        116.0,
        117.0,
        118.0,
        119.0,
        120.0,
        121.0,
        122.0,
        123.0,
        124.0,
        125.0,
        126.0,
        127.0,
        128.0,
        129.0,
        130.0,
        131.0,
        132.0,
        133.0,
        134.0,
        135.0,
        136.0,
        137.0,
        138.0,
        139.0,
        140.0,
        141.0,
        142.0,
        143.0,
        144.0,
        145.0,
        146.0,
        147.0,
        148.0,
        149.0,
        150.0,
        151.0,
        152.0,
        153.0,
        154.0,
        155.0,
        156.0,
        157.0,
        158.0,
        159.0,
        160.0,
        161.0,
        162.0,
        163.0,
        164.0,
        165.0,
        166.0,
        167.0,
        168.0,
        169.0,
        170.0,
        171.0,
        172.0,
        173.0,
        174.0,
        175.0,
        176.0,
        177.0,
        178.0,
        179.0,
        180.0,
        181.0,
        182.0,
        183.0,
        184.0,
        185.0,
        186.0,
        187.0,
        188.0,
        189.0,
        190.0,
        191.0,
        192.0,
        193.0,
        194.0,
        195.0,
        196.0,
        197.0,
        198.0,
        199.0,
        200.0
    ],
    "vevDepthReal": [
        -817106.7556050712,
        -800839.4017141901,
        -784914.6026576072,
        -769324.4604378381,
        -754061.579323741,
        -739118.9224622401,
        -724489.6537558567,
        -710167.5692537702,
        -696146.3088047381,
        -682420.4195476051,
        -668984.0671758552,
        -655832.2093794955,
        -642959.7274516845,
        -630361.904815254,
        -618034.2008747918,
        -605972.2997286529,
        -594172.086419968,
        -582629.6418057716,
        -571341.2642529235,
        -560303.3834442906,
        -549512.6171835986,
        -538965.7613777934,
        -528659.7499720309,
        -518591.6799138217,
        -508758.7799941782,
        -499158.4214285821,
        -489788.10539884085,
        -480645.457822293,
        -471728.22472721915,
        -463034.25582022924,
        -454561.5604434391,
        -446308.18126621685,
        -438272.306365702,
        -430452.2238597044,
        -422846.297861393,
        -415452.9946348706,
        -408270.86348942,
        -401298.5414406149,
        -394534.7376360685,
        -387978.2543649119,
        -381627.9635206807,
        -375482.78706396004,
        -369541.75265820447,
        -363803.9279154173,
        -358268.4467622295,
        -352934.55132438336,
        -347801.47112107475,
        -342868.54301619274,
        -338135.15174959565,
        -333600.726397898,
        -329264.74909395864,
        -325126.81030594633,
        -321186.4458064851,
        -317443.24878581334,
        -313897.1048587153,
        -310547.5484354203,
        -307394.4216757813,
        -304437.5451297352,
        -301676.7715383732,
        -299112.008833142,
        -296742.9555005077,
        -294570.3777045712,
        -292593.4755721626,
        -290812.58368147747,
        -289227.7931493729,
        -287839.2293746788,
        -286647.0175752939,
        -285651.22707887494,
        -284852.0270703345,
        -284249.5614524897,
        -283844.3987741546,
        -283636.5344995686,
        -283626.399556558,
        -283814.347819833,
        -284200.7649587848,
        -284786.03855601745,
        -285570.68961433944,
        -286555.11069775606,
        -287739.8210629925,
        -289125.3454588178,
        -290712.23646296235,
        -292501.0700274391,
        -294492.45168770774,
        -296687.00725303293,
        -299085.40838579787,
        -301688.3114115602,
        -304496.48848971777,
        -307510.6194603962,
        -310731.49091935373,
        -314159.89525916666,
        -317796.67118325055,
        -321642.65616734046,
        -325698.73609605443,
        -329965.82536152634,
        -334444.86828794546,
        -339136.8408949387,
        -344042.7586566762,
        -349163.66377699556,
        -354500.641789948,
        -360054.8156422426,
        -365827.35013590264,
        -371819.4542820938,
        -378032.38371537125,
        -384467.4518165695,
        -391126.0175232146,
        -398009.50369816594,
        -405119.42324146465,
        -412457.21623384015,
        -420024.8275550062,
        -427823.83738949854,
        -435856.0672672496
    ],
    "vevDepthImag": [
        0.0,
        0.0,
        0.0,
        0.0,
        0.0,
        0.0,
        0.0,
        0.0,
        0.0,
        0.0,
        0.0,
        0.0,
        0.0,
        0.0,
        0.0,
        0.0,
        0.0,
        0.0,
        0.0,
        0.0,
        0.0,
        0.0,
        0.0,
        0.0,
        0.0,
        0.0,
        0.0,
        0.0,
        0.0,
        0.0,
        0.0,
        0.0,
        0.0,
        0.0,
        0.0,
        0.0,
        0.0,
        0.0,
        0.0,
        0.0,
        0.0,
        0.0,
        0.0,
        0.0,
        0.0,
        0.0,
        0.0,
        0.0,
        0.0,
        0.0,
        0.0,
        0.0,
        0.0,
        0.0,
        0.0,
        0.0,
        0.0,
        0.0,
        0.0,
        0.0,
        0.0,
        0.0,
        0.0,
        0.0,
        0.0,
        0.0,
        0.0,
        0.0,
        0.0,
        0.0,
        0.0,
        0.0,
        0.0,
        0.0,
        0.0,
        0.0,
        0.0,
        0.0,
        0.0,
        0.0,
        0.0,
        0.0,
        0.0,
        0.0,
        0.0,
        0.0,
        0.0,
        0.0,
        0.0,
        0.0,
        0.0,
        0.0,
        0.0,
        0.0,
        0.0,
        0.0,
        0.0,
        0.0,
        0.0,
        0.0,
        0.0,
        0.0,
        0.0,
        0.0,
        0.0,
        0.0,
        0.0,
        0.0,
        0.0,
        0.0,
        0.0
    ],