{
    "T": [
        90.0,
        91.0,
        92.0,
        93.0,
        94.0,
        95.0,
        96.0,
        97.0,
        98.0,
        99.0,
        100.0,
        101.0,
        102.0,
        103.0,
        104.0,
        105.0,
        106.0,
        107.0,
        108.0,
        109.0,
        110.0,
        111.0,
        112.0,
        113.0,
        114.0,
        115.0,
        116.0,
        117.0,
        118.0,
        119.0,
        120.0,
        121.0,
        122.0,
        123.0,
        124.0,
        125.0,
        126.0,
        127.0,
        128.0,
        129.0,
        130.0,
        131.0,
        132.0,
        133.0,
        134.0,
        135.0,
        136.0,
        137.0,
        138.0,
        139.0,
        140.0,
        141.0,
        142.0,
        143.0,
        144.0,
        145.0,
        146.0,
        147.0,
        148.0,
        149.0,
        150.0,
        151.0,
        152.0,
        153.0,
        154.0,
        155.0,
        156.0,
        157.0,
        158.0,
        159.0,
        160.0,
        161.0,
        162.0,
        163.0,
        164.0,
        165.0,
        166.0,
        167.0,
        168.0,
        169.0,
        170.0,
        171.0,
        172.0,
        173.0,
        174.0,
        175.0,
        176.0,
        177.0,
        178.0,
        179.0,
        180.0,
        181.0,
        182.0,
        183.0,
        184.0,
        185.0,
        186.0,
        187.0,
        188.0,
        189.0,
        190.0,
        191.0,
        192.0,
        193.0,
        194.0,
        195.0,
        196.0,
        197.0,
        198.0,
        199.0,
        200.0
    ],
    "vevDepthReal": [
        -817106.7556051627,
        -800838.5641959654,
        -784914.6026576068,
        -769324.4480596564,
        -754061.579323771,
        -739118.9256220052,
        -724489.6537558644,
        -710167.5692537698,
        -696146.3088047297,
        -682420.4195476051,
        -668984.1059021042,
        -655832.2080864314,
        -642959.727451684,
        -630361.9048152543,
        -618034.200874792,
        -605972.2997286175,
        -594172.0864199677,
        -582629.6418057568,
        -571341.264252924,
        -560303.3834442908,
        -549512.6171509722,
        -538965.7613803729,
        -528659.7501104871,
        -518591.6799138221,
        -508758.77999417833,
        -499158.42143158946,
        -489788.10539834,
        -480645.4568398398,
        -471728.2245390207,
        -463034.25425155007,
        -454561.560443439,
        -446308.1812460058,
        -438272.30637694267,
        -430452.2238596234,
        -422846.29786139337,
        -415452.99463486945,
        -408270.86348942097,
        -401298.532293485,
        -394534.73185073165,
        -387978.254364966,
        -381627.9527725076,
        -375482.7891332239,
        -369541.7496636587,
        -363803.9279122655,
        -358268.44676297606,
        -352934.55132491456,
        -347801.4718621236,
        -342868.5430374163,
        -338135.1517496124,
        -333600.7298317312,
        -329264.7687852107,
        -325126.81035729375,
        -321186.4458064853,
        -317443.2487858095,
        -313897.10230014974,
        -310547.54756412865,
        -307394.4216755994,
        -304437.5447800568,
        -301676.7721316748,
        -299112.029432648,
        -296742.9523924759,
        -294570.3777045881,
        -292593.4755721629,
        -290812.5836815098,
        -289227.79314912786,
        -287839.22937477264,
        -286647.02393565327,
        -285651.2270788753,
        -284852.02707033406,
        -284249.6615513979,
        -283844.39877415134,
        -283636.5344989019,
        -283626.3995565689,
        -283814.3371262141,
        -284200.76534217934,
        -284786.03855204425,
        -285570.6914348038,
        -286555.1106977601,
        -287739.8212862112,
        -289125.3421481395,
        -290712.2344304727,
        -292501.0700273498,
        -294492.4516877074,
        -296687.0126205734,
        -299085.40376644186,
        -301688.32989534904,
        -304496.48852727516,
        -307510.6194611341,
        -310731.4896705662,
        -314159.90183559066,
        -317796.67225621897,
        -321642.65616676933,
        -325698.73609609075,
        -329965.8253615271,
        -334444.8624774168,
        -339136.8411140484,
        -344042.75865667616,
        -349163.6557734851,
        -354500.64166620676,
        -360054.8156021134,
        -365827.35013590264,
        -371819.45440612826,
        -378032.3855277753,
        -384467.45179923193,
        -391126.01747193583,
        -398009.50369817426,
        -405119.4232414644,
        -412457.218076156,
        -420024.88003426656,
        -427823.8374225055,
        -435856.0672672411
    ],
    "vevDepthImag": [
        0.0,
        0.0,
        0.0,
        0.0,
        0.0,
        0.0,
        0.0,
        0.0,
        0.0,
        0.0,
        0.0,
        0.0,
        0.0,
        0.0,
        0.0,
        0.0,
        0.0,
        0.0,
        0.0,
        0.0,
        0.0,
        0.0,
        0.0,
        0.0,
        0.0,
        0.0,
        0.0,
        0.0,
        0.0,
        0.0,
        0.0,
        0.0,
        0.0,
        0.0,
        0.0,
        0.0,
        0.0,
        0.0,
        0.0,
        0.0,
        0.0,
        0.0,
        0.0,
        0.0,
        0.0,
        0.0,
        0.0,
        0.0,
        0.0,
        0.0,
        0.0,
        0.0,
        0.0,
        0.0,
        0.0,
        0.0,
        0.0,
        0.0,
        0.0,
        0.0,
        0.0,
        0.0,
        0.0,
        0.0,
        0.0,
        0.0,
        0.0,
        0.0,
        0.0,
        0.0,
        0.0,
        0.0,
        0.0,
        0.0,
        0.0,
        0.0,
        0.0,
        0.0,
        0.0,
        0.0,
        0.0,
        0.0,
        0.0,
        0.0,
        0.0,
        0.0,
        0.0,
        0.0,
        0.0,
        0.0,
        0.0,
        0.0,
        0.0,
        0.0,
        0.0,
        0.0,
        0.0,
        0.0,
        0.0,
        0.0,
        0.0,
        0.0,
        0.0,
        0.0,
        0.0,
        0.0,
        0.0,
        0.0,
        0.0,
        0.0,
        0.0
    ],