{
    "T": [
        90.0,
        91.0,
        92.0,
        93.0,
        94.0,
        95.0,
        96.0,
        97.0,
        98.0,
        99.0,
        100.0,
        101.0,
        102.0,
        103.0,
        104.0,
        105.0,
        106.0,
        107.0,
        108.0,
        109.0,
        110.0,
        111.0,
        112.0,
        113.0,
        114.0,
        115.0,
        116.0,
        117.0,
        118.0,
        119.0,
        120.0,
        121.0,
        122.0,
        123.0,
        124.0,
        125.0,
        126.0,
        127.0,
        128.0,
        129.0,
        130.0,
        131.0,
        132.0,
        133.0,
        134.0,
        135.0,
        136.0,
        137.0,
        138.0,
        139.0,
        140.0,
        141.0,
        142.0,
        143.0,
        144.0,
        145.0,
        146.0,
        147.0,
        148.0,
        149.0,
        150.0,
        151.0,
        152.0,
        153.0,
        154.0,
        155.0,
        156.0,
        157.0,
        158.0,
        159.0,
        160.0,
        161.0,
        162.0,
        163.0,
        164.0,
        165.0,
        166.0,
        167.0,
        168.0,
        169.0,
        170.0,
        171.0,
        172.0,
        173.0,
        174.0,
        175.0,
        176.0,
        177.0,
        178.0,
        179.0,
        180.0,
        181.0,
        182.0,
        183.0,
        184.0,
        185.0,
        186.0,
        187.0,
        188.0,
        189.0,
        190.0,
        191.0,
        192.0,
        193.0,
        194.0,
        195.0,
        196.0,
        197.0,
        198.0,
        199.0,
        200.0
    ],
    "vevDepthReal": [
        -817112.1400121463,
        -800846.0493268425,
        -784922.9738827451,
        -769334.1594232996,
        -754072.4545722166,
        -739130.8778091054,
        -724502.5613375695,
        -710181.2530204654,
        -696160.7610126464,
        -682435.3126062987,
        -668999.3970201374,
        -655847.7605100869,
        -642975.4100252604,
        -630377.5795162211,
        -618049.7381082446,
        -605987.5709081017,
        -594186.9672822976,
        -582644.0178214646,
        -571355.0049829702,
        -560316.377901618,
        -549524.7596870388,
        -538976.9559386955,
        -528669.8910365351,
        -518600.70352297,
        -508766.5960359956,
        -499164.96012534964,
        -489793.3051159481,
        -480649.2116163132,
        -471730.60294329684,
        -463035.1844900971,
        -454560.988641231,
        -446306.1272373383,
        -438268.77166507905,
        -430447.2194155436,
        -422839.85895449616,
        -415445.1661019776,
        -408261.70924098033,
        -401288.1343725233,
        -394523.174098421,
        -387965.62883085065,
        -381614.3999927927,
        -375468.45282173174,
        -369526.7886970888,
        -363788.51900121843,
        -358252.8042389691,
        -352918.86857115803,
        -347785.99809304485,
        -342853.54272190353,
        -338120.80038597493,
        -333587.0949117276,
        -329251.90210069943,
        -325114.759085965,
        -321175.25525408145,
        -317433.00858070445,
        -313887.72337049025,
        -310539.0949979166,
        -307386.8780685598,
        -304430.94244868704,
        -301671.07628893433,
        -299107.15956256754,
        -296739.2002653191,
        -294567.0836991602,
        -292590.8381900543,
        -290810.50153029955,
        -289226.1462324574,
        -287837.879088203,
        -286645.8404015668,
        -285650.2027828856,
        -284851.1715804981,
        -284248.98242644855,
        -283843.90276509646,
        -283636.22658659634,
        -283626.288926522,
        -283814.436996821,
        -284201.0600931041,
        -284786.56906870793,
        -285571.40661399846,
        -286556.03934054135,
        -287740.9674325015,
        -289126.7106792303,
        -290713.8208016521,
        -292502.87358021917,
        -294494.4782503251,
        -296689.26100849756,
        -299087.87993125815,
        -301691.0231181013,
        -304499.4013284236,
        -307513.7542808182,
        -310734.8475560298,
        -314163.4771170062,
        -317800.46689336316,
        -321646.6694028708,
        -325702.9672129264,
        -329970.26230454736,
        -334449.5331582482,
        -339141.7230935448,
        -344047.85552877677,
        -349168.9761414133,
        -354506.1698010623,
        -360060.5593488661,
        -365833.3096532532,
        -371825.6310406206,
        -378038.77956484526,
        -384474.06478291214,
        -391132.85116593965,
        -398016.56536502624,
        -405126.7016639179,
        -412464.83070011565,
        -420032.611445325,
        -427831.804855464,
        -435864.26980810176
    ],
    "vevDepthImag": [
        0.0,
        0.0,
        0.0,
        0.0,
        0.0,
        0.0,
        0.0,
        0.0,
        0.0,
        0.0,
        0.0,
        0.0,
        0.0,
        0.0,
        0.0,
        0.0,
        0.0,
        0.0,
        0.0,
        0.0,
        0.0,
        0.0,
        0.0,
        0.0,
        0.0,
        0.0,
        0.0,
        0.0,
        0.0,
        0.0,
        0.0,
        0.0,
        0.0,
        0.0,
        0.0,
        0.0,
        0.0,
        0.0,
        0.0,
        0.0,
        0.0,
        0.0,
        0.0,
        0.0,
        0.0,
        0.0,
        0.0,
        0.0,
        0.0,
        0.0,
        0.0,
        0.0,
        0.0,
        0.0,
        0.0,
        0.0,
        0.0,
        0.0,
        0.0,
        0.0,
        0.0,
        0.0,
        0.0,
        0.0,
        0.0,
        0.0,
        0.0,
        0.0,
        0.0,
        0.0,
        0.0,
        0.0,
        0.0,
        0.0,
        0.0,
        0.0,
        0.0,
        0.0,
        0.0,
        0.0,
        0.0,
        0.0,
        0.0,
        0.0,
        0.0,
        0.0,
        0.0,
        0.0,
        0.0,
        0.0,
        0.0,
        0.0,
        0.0,
        0.0,
        0.0,
        0.0,
        0.0,
        0.0,
        0.0,
        0.0,
        0.0,
        0.0,
        0.0,
        0.0,
        0.0,
        0.0,
        0.0,
        0.0,
        0.0,
        0.0,
        0.0
    ],