{
    "T": [
        90.0,
        91.0,
        92.0,
        93.0,
        94.0,
        95.0,
        96.0,
        97.0,
        98.0,
        99.0,
        100.0,
        101.0,
        102.0,
        103.0,
        104.0,
        105.0,
        106.0,
        107.0,
        108.0,
        109.0,
        110.0,
        111.0,
        112.0,
        113.0,
        114.0,
        115.0,
        116.0,
        117.0,
        118.0,
        119.0,
        120.0,
        121.0,
        122.0,
        123.0,
        124.0,
        125.0,
        126.0,
        127.0,
        128.0,
        129.0,
        130.0,
        131.0,
        132.0,
        133.0,
        134.0,
        135.0,
        136.0,
        137.0,
        138.0,
        139.0,
        140.0,
        141.0,
        142.0,
        143.0,
        144.0,
        145.0,
        146.0,
        147.0,
        148.0,
        149.0,
        150.0,
        151.0,
        152.0,
        153.0,
        154.0,
        155.0,
        156.0,
        157.0,
        158.0,
        159.0,
        160.0,
        161.0,
        162.0,
        163.0,
        164.0,
        165.0,
        166.0,
        167.0,
        168.0,
        169.0,
        170.0,
        171.0,
        172.0,
        173.0,
        174.0,
        175.0,
        176.0,
        177.0,
        178.0,
        179.0,
        180.0,
        181.0,
        182.0,
        183.0,
        184.0,
        185.0,
        186.0,
        187.0,
        188.0,
        189.0,
        190.0,
        191.0,
        192.0,
        193.0,
        194.0,
        195.0,
        196.0,
        197.0,
        198.0,
        199.0,
        200.0
    ],
    "vevDepthReal": [
        -817106.7556051265,
        -800839.0338759854,
        -784914.6026576064,
        -769324.4480596527,
        -754061.5793237227,
        -739118.9244157595,
        -724489.6537558659,
        -710167.569253769,
        -696146.3088047153,
        -682420.4195476042,
        -668984.0923628332,
        -655832.2080864292,
        -642959.7274516823,
        -630361.9048152529,
        -618034.2008747908,
        -605972.2997286222,
        -594172.0864199669,
        -582629.6418058538,
        -571341.2642529225,
        -560303.3834442892,
        -549512.6171748072,
        -538965.7613809777,
        -528659.7499720785,
        -518591.6799138206,
        -508758.77999417693,
        -499158.4214326534,
        -489788.10539784457,
        -480645.4578410642,
        -471728.2245390196,
        -463034.2686666439,
        -454561.560443438,
        -446308.1810473815,
        -438272.3063778314,
        -430452.2238596123,
        -422846.2978613921,
        -415452.9946348683,
        -408270.86348940054,
        -401298.5322900742,
        -394534.7387033474,
        -387978.25811313116,
        -381627.9635614783,
        -375482.78697240946,
        -369541.752666053,
        -363803.9279128821,
        -358268.4467628255,
        -352934.551324407,
        -347801.47112107696,
        -342868.5430054165,
        -338135.1517495576,
        -333600.72980299545,
        -329264.76195528754,
        -325126.8101029419,
        -321186.44580648514,
        -317443.24878581066,
        -313897.08751283266,
        -310547.5483237688,
        -307394.42167550407,
        -304437.5415471641,
        -301676.78027267,
        -299112.0088331418,
        -296742.95542229415,
        -294570.3777045829,
        -292593.4755721628,
        -290812.5836814885,
        -289227.7931491586,
        -287839.2293747161,
        -286647.0225553858,
        -285651.2270788748,
        -284852.0273588664,
        -284249.62667821656,
        -283844.3987741586,
        -283636.5345030065,
        -283626.3996082489,
        -283814.344315297,
        -284200.7649587808,
        -284786.0385576833,
        -285570.68955611106,
        -286555.110697753,
        -287739.82128652494,
        -289125.3416922768,
        -290712.23645657214,
        -292501.0700275812,
        -294492.451687708,
        -296687.01264215,
        -299085.40376633394,
        -301688.31095805136,
        -304496.48848971765,
        -307510.61946148484,
        -310731.4896705664,
        -314159.89525898744,
        -317796.6648539349,
        -321642.65616780584,
        -325698.73609606107,
        -329965.8253615268,
        -334444.86837155063,
        -339136.8408945097,
        -344042.7586566765,
        -349163.6558648671,
        -354500.6417899204,
        -360054.81478283944,
        -365827.3501359025,
        -371819.4542820946,
        -378032.3855277753,
        -384467.45159817004,
        -391126.0175163589,
        -398009.50369819475,
        -405119.42324146454,
        -412457.2160197266,
        -420024.88003423915,
        -427823.83738950104,
        -435856.0672672411
    ],
    "vevDepthImag": [
        0.0,
        0.0,
        0.0,
        0.0,
        0.0,
        0.0,
        0.0,
        0.0,
        0.0,
        0.0,
        0.0,
        0.0,
        0.0,
        0.0,
        0.0,
        0.0,
        0.0,
        0.0,
        0.0,
        0.0,
        0.0,
        0.0,
        0.0,
        0.0,
        0.0,
        0.0,
        0.0,
        0.0,
        0.0,
        0.0,
        0.0,
        0.0,
        0.0,
        0.0,
        0.0,
        0.0,
        0.0,
        0.0,
        0.0,
        0.0,
        0.0,
        0.0,
        0.0,
        0.0,
        0.0,
        0.0,
        0.0,
        0.0,
        0.0,
        0.0,
        0.0,
        0.0,
        0.0,
        0.0,
        0.0,
        0.0,
        0.0,
        0.0,
        0.0,
        0.0,
        0.0,
        0.0,
        0.0,
        0.0,
        0.0,
        0.0,
        0.0,
        0.0,
        0.0,
        0.0,
        0.0,
        0.0,
        0.0,
        0.0,
        0.0,
        0.0,
        0.0,
        0.0,
        0.0,
        0.0,
        0.0,
        0.0,
        0.0,
        0.0,
        0.0,
        0.0,
        0.0,
        0.0,
        0.0,
        0.0,
        0.0,
        0.0,
        0.0,
        0.0,
        0.0,
        0.0,
        0.0,
        0.0,
        0.0,
        0.0,
        0.0,
        0.0,
        0.0,
        0.0,
        0.0,
        0.0,
        0.0,
        0.0,
        0.0,
        0.0,
        0.0
    ],