{
    "T": [
        90.0,
        91.0,
        92.0,
        93.0,
        94.0,
        95.0,
        96.0,
        97.0,
        98.0,
        99.0,
        100.0,
        101.0,
        102.0,
        103.0,
        104.0,
        105.0,
        106.0,
        107.0,
        108.0,
        109.0,
        110.0,
        111.0,
        112.0,
        113.0,
        114.0,
        115.0,
        116.0,
        117.0,
        118.0,
        119.0,
        120.0,
        121.0,
        122.0,
        123.0,
        124.0,
        125.0,
        126.0,
        127.0,
        128.0,
        129.0,
        130.0,
        131.0,
        132.0,
        133.0,
        134.0,
        135.0,
        136.0,
        137.0,
        138.0,
        139.0,
        140.0,
        141.0,
        142.0,
        143.0,
        144.0,
        145.0,
        146.0,
        147.0,
        148.0,
        149.0,
        150.0,
        151.0,
        152.0,
        153.0,
        154.0,
        155.0,
        156.0,
        157.0,
        158.0,
        159.0,
        160.0,
        161.0,
        162.0,
        163.0,
        164.0,
        165.0,
        166.0,
        167.0,
        168.0,
        169.0,
        170.0,
        171.0,
        172.0,
        173.0,
        174.0,
        175.0,
        176.0,
        177.0,
        178.0,
        179.0,
        180.0,
        181.0,
        182.0,
        183.0,
        184.0,
        185.0,
        186.0,
        187.0,
        188.0,
        189.0,
        190.0,
        191.0,
        192.0,
        193.0,
        194.0,
        195.0,
        196.0,
        197.0,
        198.0,
        199.0,
        200.0
    ],
    "vevDepthReal": [
        -817103.6223801611,
        -800837.2730594747,
        -784913.3546754248,
        -769324.0659595593,
        -754061.9738201925,
        -739119.9887964807,
        -724491.4426397096,
        -710169.8880785642,
        -696149.2175113149,
        -682423.7094145606,
        -668987.7759862693,
        -655834.0642532358,
        -642963.9495773878,
        -630366.297432265,
        -618038.6953647017,
        -605976.8277704089,
        -594176.5820760855,
        -582634.0271153178,
        -571345.4901977442,
        -560307.3851896521,
        -549516.3318707439,
        -538969.1097121276,
        -528662.7133032206,
        -518594.1862362803,
        -508760.7821769917,
        -499159.8685654485,
        -489788.9615132166,
        -480645.6806540799,
        -471727.7795183705,
        -463033.12340934045,
        -454559.6924095058,
        -446305.57064355083,
        -438268.9302591757,
        -430448.08177726413,
        -422841.3840672151,
        -415447.31105534435,
        -408264.4140376617,
        -401291.3477816467,
        -394526.8165557296,
        -387969.6291369704,
        -381618.6722869872,
        -375472.890220094,
        -369531.28418640536,
        -363792.9534658755,
        -358257.03374522313,
        -352922.77419270796,
        -347789.3737008005,
        -342856.30617364054,
        -338122.8254426882,
        -333588.44676197704,
        -329252.62986433785,
        -325114.97403457016,
        -321175.0451816841,
        -317432.5077607087,
        -313887.0509884692,
        -310538.42772208445,
        -307386.2974775451,
        -304430.3960527355,
        -301670.5786603412,
        -299106.73700981,
        -296738.79108054703,
        -294566.70717497764,
        -292590.49224657693,
        -290810.18060335075,
        -289225.8456524268,
        -287837.59766097495,
        -286645.5742535427,
        -285649.9467320079,
        -284850.92890529055,
        -284248.7498322602,
        -283843.6781706866,
        -283636.01146339084,
        -283626.07664515515,
        -283814.2331798895,
        -284200.86098171386,
        -284786.37402735243,
        -285571.2218141507,
        -286555.859289542,
        -287740.7996675311,
        -289126.5523547904,
        -290713.6686469969,
        -292502.7409438095,
        -294494.35827869346,
        -296689.1567221996,
        -299087.7949130896,
        -301690.95647583227,
        -304499.3570364061,
        -307513.7324481135,
        -310734.8513970079,
        -314163.5088372537,
        -317800.5283898269,
        -321646.76248663873,
        -325703.09477196157,
        -329970.4366073443,
        -334449.7349843666,
        -339141.9651873811,
        -344048.13593952276,
        -349169.3037440574,
        -354506.5428219469,
        -360060.97954439046,
        -365833.7786874301,
        -371826.14987640176,
        -378039.34986224235,
        -384474.68629151315,
        -391133.5255340402,
        -398017.2959148652,
        -405127.4879222646,
        -412465.6447234816,
        -420033.5128081956,
        -427832.75588328624,
        -435865.2800931011
    ],
    "vevDepthImag": [
        0.0,
        0.0,
        0.0,
        0.0,
        0.0,
        0.0,
        0.0,
        0.0,
        0.0,
        0.0,
        0.0,
        0.0,
        0.0,
        0.0,
        0.0,
        0.0,
        0.0,
        0.0,
        0.0,
        0.0,
        0.0,
        0.0,
        0.0,
        0.0,
        0.0,
        0.0,
        0.0,
        0.0,
        0.0,
        0.0,
        0.0,
        0.0,
        0.0,
        0.0,
        0.0,
        0.0,
        0.0,
        0.0,
        0.0,
        0.0,
        0.0,
        0.0,
        0.0,
        0.0,
        0.0,
        0.0,
        0.0,
        0.0,
        0.0,
        0.0,
        0.0,
        0.0,
        0.0,
        0.0,
        0.0,
        0.0,
        0.0,
        0.0,
        0.0,
        0.0,
        0.0,
        0.0,
        0.0,
        0.0,
        0.0,
        0.0,
        0.0,
        0.0,
        0.0,
        0.0,
        0.0,
        0.0,
        0.0,
        0.0,
        0.0,
        0.0,
        0.0,
        0.0,
        0.0,
        0.0,
        0.0,
        0.0,
        0.0,
        0.0,
        0.0,
        0.0,
        0.0,
        0.0,
        0.0,
        0.0,
        0.0,
        0.0,
        0.0,
        0.0,
        0.0,
        0.0,
        0.0,
        0.0,
        0.0,
        0.0,
        0.0,
        0.0,
        0.0,
        0.0,
        0.0,
        0.0,
        0.0,
        0.0,
        0.0,
        0.0,
        0.0
    ],