{
    "T": [
        90.0,
        91.0,
        92.0,
        93.0,
        94.0,
        95.0,
        96.0,
        97.0,
        98.0,
        99.0,
        100.0,
        101.0,
        102.0,
        103.0,
        104.0,
        105.0,
        106.0,
        107.0,
        108.0,
        109.0,
        110.0,
        111.0,
        112.0,
        113.0,
        114.0,
        115.0,
        116.0,
        117.0,
        118.0,
        119.0,
        120.0,
        121.0,
        122.0,
        123.0,
        124.0,
        125.0,
        126.0,
        127.0,
        128.0,
        129.0,
        130.0,
        131.0,
        132.0,
        133.0,
        134.0,
        135.0,
        136.0,
        137.0,
        138.0,
        139.0,
        140.0,
        141.0,
        142.0,
        143.0,
        144.0,
        145.0,
        146.0,
        147.0,
        148.0,
        149.0,
        150.0,
        151.0,
        152.0,
        153.0,
        154.0,
        155.0,
        156.0,
        157.0,
        158.0,
        159.0,
        160.0,
        161.0,
        162.0,
        163.0,
        164.0,
        165.0,
        166.0,
        167.0,
        168.0,
        169.0,
        170.0,
        171.0,
        172.0,
        173.0,
        174.0,
        175.0,
        176.0,
        177.0,
        178.0,
        179.0,
        180.0,
        181.0,
        182.0,
        183.0,
        184.0,
        185.0,
        186.0,
        187.0,
        188.0,
        189.0,
        190.0,
        191.0,
        192.0,
        193.0,
        194.0,
        195.0,
        196.0,
        197.0,
        198.0,
        199.0,
        200.0
    ],
    "vevDepthReal": [
        -817106.7556050787,
        -800838.5641958632,
        -784914.6026576067,
        -769324.4730872053,
        -754061.5793237281,
        -739118.9032674875,
        -724489.6537558665,
        -710167.5692537688,
        -696146.3088047317,
        -682420.4195476043,
        -668984.0671758499,
        -655832.2080864288,
        -642959.7285403684,
        -630361.904815253,
        -618034.2008747915,
        -605972.2997285799,
        -594172.0864199671,
        -582629.6418056709,
        -571341.2703480207,
        -560303.3834442896,
        -549512.6171853559,
        -538965.7613809985,
        -528659.7499720532,
        -518591.67991382076,
        -508758.7799941772,
        -499158.42144407553,
        -489788.10539819964,
        -480645.4568335799,
        -471728.22453902016,
        -463034.25664863485,
        -454561.56044343836,
        -446308.18104738876,
        -438272.30636476655,
        -430452.22385961766,
        -422846.297861392,
        -415452.9946348687,
        -408270.86348940193,
        -401298.53229005204,
        -394534.6139357144,
        -387978.2543649677,
        -381627.9619018089,
        -375482.7833500113,
        -369541.752482133,
        -363803.9279116964,
        -358268.4467631038,
        -352934.55132440326,
        -347801.47200008825,
        -342868.5430692744,
        -338135.1517495678,
        -333600.71674847335,
        -329264.7644311883,
        -325126.712812838,
        -321186.4458064849,
        -317443.24878580973,
        -313897.1050499288,
        -310547.54758221726,
        -307394.4216754781,
        -304437.54154716386,
        -301676.7715383728,
        -299112.0295778469,
        -296742.9554357027,
        -294570.3777045752,
        -292593.47557216266,
        -290812.5836815074,
        -289227.7931492854,
        -287839.2293746931,
        -286647.0175753318,
        -285651.22707887506,
        -284852.0270703351,
        -284249.56144936173,
        -283844.39877415466,
        -283636.5345001548,
        -283626.39955650986,
        -283814.3371840854,
        -284200.76540683646,
        -284786.0385505978,
        -285570.69143480517,
        -286555.11069775076,
        -287739.82100336824,
        -289125.34531802416,
        -290712.23646336986,
        -292501.0700273306,
        -294492.4516877078,
        -296687.0124758766,
        -299085.40376577654,
        -301688.32107611914,
        -304496.4884897175,
        -307510.6194609424,
        -310731.4909193523,
        -314159.901827372,
        -317796.6722675173,
        -321642.6561670738,
        -325698.7360960605,
        -329965.82536152727,
        -334444.867720729,
        -339136.840965994,
        -344042.758656676,
        -349163.66272018483,
        -354500.64178996964,
        -360054.8150984398,
        -365827.3501359029,
        -371819.45428209077,
        -378032.38221263036,
        -384467.4516580204,
        -391126.0174527606,
        -398009.50369817455,
        -405119.42324146465,
        -412457.2158476546,
        -420024.82756662235,
        -427823.83742250584,
        -435856.06634720287
    ],
    "vevDepthImag": [
        0.0,
        0.0,
        0.0,
        0.0,
        0.0,
        0.0,
        0.0,
        0.0,
        0.0,
        0.0,
        0.0,
        0.0,
        0.0,
        0.0,
        0.0,
        0.0,
        0.0,
        0.0,
        0.0,
        0.0,
        0.0,
        0.0,
        0.0,
        0.0,
        0.0,
        0.0,
        0.0,
        0.0,
        0.0,
        0.0,
        0.0,
        0.0,
        0.0,
        0.0,
        0.0,
        0.0,
        0.0,
        0.0,
        0.0,
        0.0,
        0.0,
        0.0,
        0.0,
        0.0,
        0.0,
        0.0,
        0.0,
        0.0,
        0.0,
        0.0,
        0.0,
        0.0,
        0.0,
        0.0,
        0.0,
        0.0,
        0.0,
        0.0,
        0.0,
        0.0,
        0.0,
        0.0,
        0.0,
        0.0,
        0.0,
        0.0,
        0.0,
        0.0,
        0.0,
        0.0,
        0.0,
        0.0,
        0.0,
        0.0,
        0.0,
        0.0,
        0.0,
        0.0,
        0.0,
        0.0,
        0.0,
        0.0,
        0.0,
        0.0,
        0.0,
        0.0,
        0.0,
        0.0,
        0.0,
        0.0,
        0.0,
        0.0,
        0.0,
        0.0,
        0.0,
        0.0,
        0.0,
        0.0,
        0.0,
        0.0,
        0.0,
        0.0,
        0.0,
        0.0,
        0.0,
        0.0,
        0.0,
        0.0,
        0.0,
        0.0,
        0.0
    ],