{
    "T": [
        90.0,
        91.0,
        92.0,
        93.0,
        94.0,
        95.0,
        96.0,
        97.0,
        98.0,
        99.0,
        100.0,
        101.0,
        102.0,
        103.0,
        104.0,
        105.0,
        106.0,
        107.0,
        108.0,
        109.0,
        110.0,
        111.0,
        112.0,
        113.0,
        114.0,
        115.0,
        116.0,
        117.0,
        118.0,
        119.0,
        120.0,
        121.0,
        122.0,
        123.0,
        124.0,
        125.0,
        126.0,
        127.0,
        128.0,
        129.0,
        130.0,
        131.0,
        132.0,
        133.0,
        134.0,
        135.0,
        136.0,
        137.0,
        138.0,
        139.0,
        140.0,
        141.0,
        142.0,
        143.0,
        144.0,
        145.0,
        146.0,
        147.0,
        148.0,
        149.0,
        150.0,
        151.0,
        152.0,
        153.0,
        154.0,
        155.0,
        156.0,
        157.0,
        158.0,
        159.0,
        160.0,
        161.0,
        162.0,
        163.0,
        164.0,
        165.0,
        166.0,
        167.0,
        168.0,
        169.0,
        170.0,
        171.0,
        172.0,
        173.0,
        174.0,
        175.0,
        176.0,
        177.0,
        178.0,
        179.0,
        180.0,
        181.0,
        182.0,
        183.0,
        184.0,
        185.0,
        186.0,
        187.0,
        188.0,
        189.0,
        190.0,
        191.0,
        192.0,
        193.0,
        194.0,
        195.0,
        196.0,
        197.0,
        198.0,
        199.0,
        200.0
    ],
    "vevDepthReal": [
        -817106.7556048702,
        -800839.0338759864,
        -784914.602657607,
        -769324.475162168,
        -754061.5793237367,
        -739118.9244098554,
        -724489.6537558669,
        -710167.5692537688,
        -696146.3088047274,
        -682420.4195476043,
        -668984.0679693018,
        -655832.2093785041,
        -642959.727451683,
        -630361.9048152529,
        -618034.2008747914,
        -605972.2997286025,
        -594172.086419967,
        -582629.6418057417,
        -571341.2642529225,
        -560303.3834442899,
        -549512.6171698056,
        -538965.7613809196,
        -528659.749972045,
        -518591.67991382064,
        -508758.7799941773,
        -499158.42144428386,
        -489788.1053982594,
        -480645.4573660979,
        -471728.22453902033,
        -463034.2540608126,
        -454561.56044343836,
        -446308.18126638455,
        -438272.30637081905,
        -430452.2238596143,
        -422846.2978613921,
        -415452.9946348688,
        -408270.86348939984,
        -401298.5322900514,
        -394534.7373258176,
        -387978.2543649655,
        -381627.963545867,
        -375482.787020216,
        -369541.75266121037,
        -363803.9279139179,
        -358268.44676258357,
        -352934.5513246879,
        -347801.471121068,
        -342868.54309704667,
        -338135.1517496069,
        -333600.7167484816,
        -329264.76695944136,
        -325126.74022883363,
        -321186.4458064849,
        -317443.2487858089,
        -313897.10443204344,
        -310547.5481649223,
        -307394.4216755854,
        -304437.54345790856,
        -301676.7791724887,
        -299112.02048568986,
        -296742.9524084629,
        -294570.3777045511,
        -292593.47557216254,
        -290812.5836814762,
        -289227.79314912646,
        -287839.2293746647,
        -286647.02399368177,
        -285651.2270788748,
        -284852.0270703346,
        -284249.66155132273,
        -283844.39877415437,
        -283636.53523258877,
        -283626.39955666754,
        -283814.3374418818,
        -284200.7654326736,
        -284786.0385518162,
        -285570.69143480476,
        -286555.1106977564,
        -287739.8212846597,
        -289125.345336739,
        -290712.23645706533,
        -292501.0700273328,
        -294492.451687708,
        -296687.01264103473,
        -299085.40376688837,
        -301688.3112138454,
        -304496.4884897179,
        -307510.61946137325,
        -310731.49172871455,
        -314159.8952593035,
        -317796.664371226,
        -321642.6561673819,
        -325698.7360960427,
        -329965.8253615277,
        -334444.86837140884,
        -339136.84088952374,
        -344042.75865667657,
        -349163.6638394379,
        -354500.6417495763,
        -360054.8156373643,
        -365827.3501359027,
        -371819.45428209053,
        -378032.38552777556,
        -384467.4518166067,
        -391126.01753366546,
        -398009.5036982038,
        -405119.42324146465,
        -412457.21769270557,
        -420024.8800342517,
        -427823.83742250624,
        -435856.06726724503
    ],
    "vevDepthImag": [
        0.0,
        0.0,
        0.0,
        0.0,
        0.0,
        0.0,
        0.0,
        0.0,
        0.0,
        0.0,
        0.0,
        0.0,
        0.0,
        0.0,
        0.0,
        0.0,
        0.0,
        0.0,
        0.0,
        0.0,
        0.0,
        0.0,
        0.0,
        0.0,
        0.0,
        0.0,
        0.0,
        0.0,
        0.0,
        0.0,
        0.0,
        0.0,
        0.0,
        0.0,
        0.0,
        0.0,
        0.0,
        0.0,
        0.0,
        0.0,
        0.0,
        0.0,
        0.0,
        0.0,
        0.0,
        0.0,
        0.0,
        0.0,
        0.0,
        0.0,
        0.0,
        0.0,
        0.0,
        0.0,
        0.0,
        0.0,
        0.0,
        0.0,
        0.0,
        0.0,
        0.0,
        0.0,
        0.0,
        0.0,
        0.0,
        0.0,
        0.0,
        0.0,
        0.0,
        0.0,
        0.0,
        0.0,
        0.0,
        0.0,
        0.0,
        0.0,
        0.0,
        0.0,
        0.0,
        0.0,
        0.0,
        0.0,
        0.0,
        0.0,
        0.0,
        0.0,
        0.0,
        0.0,
        0.0,
        0.0,
        0.0,
        0.0,
        0.0,
        0.0,
        0.0,
        0.0,
        0.0,
        0.0,
        0.0,
        0.0,
        0.0,
        0.0,
        0.0,
        0.0,
        0.0,
        0.0,
        0.0,
        0.0,
        0.0,
        0.0,
        0.0
    ],