{
    "T": [
        90.0,
        91.0,
        92.0,
        93.0,
        94.0,
        95.0,
        96.0,
        97.0,
        98.0,
        99.0,
        100.0,
        101.0,
        102.0,
        103.0,
        104.0,
        105.0,
        106.0,
        107.0,
        108.0,
        109.0,
        110.0,
        111.0,
        112.0,
        113.0,
        114.0,
        115.0,
        116.0,
        117.0,
        118.0,
        119.0,
        120.0,
        121.0,
        122.0,
        123.0,
        124.0,
        125.0,
        126.0,
        127.0,
        128.0,
        129.0,
        130.0,
        131.0,
        132.0,
        133.0,
        134.0,
        135.0,
        136.0,
        137.0,
        138.0,
        139.0,
        140.0,
        141.0,
        142.0,
        143.0,
        144.0,
        145.0,
        146.0,
        147.0,
        148.0,
        149.0,
        150.0,
        151.0,
        152.0,
        153.0,
        154.0,
        155.0,
        156.0,
        157.0,
        158.0,
        159.0,
        160.0,
        161.0,
        162.0,
        163.0,
        164.0,
        165.0,
        166.0,
        167.0,
        168.0,
        169.0,
        170.0,
        171.0,
        172.0,
        173.0,
        174.0,
        175.0,
        176.0,
        177.0,
        178.0,
        179.0,
        180.0,
        181.0,
        182.0,
        183.0,
        184.0,
        185.0,
        186.0,
        187.0,
        188.0,
        189.0,
        190.0,
        191.0,
        192.0,
        193.0,
        194.0,
        195.0,
        196.0,
        197.0,
        198.0,
        199.0,
        200.0
    ],
    "vevDepthReal": [
        -817106.5984638137,
        -800839.2330817628,
        -784914.4225302706,
        -769324.2667440819,
        -754061.377330971,
        -739118.7133470208,
        -724489.4346491063,
        -710167.3414438692,
        -696146.077936292,
        -682420.1779452874,
        -668983.8424340908,
        -655831.9564226395,
        -642959.4733032931,
        -630361.6459434993,
        -618033.9399297857,
        -605972.000820837,
        -594171.824057736,
        -582629.3749792253,
        -571341.0102772939,
        -560303.1258378756,
        -549512.365194221,
        -538965.5114060713,
        -528659.5056582637,
        -518591.44088340545,
        -508758.54299724323,
        -499158.19266566454,
        -489787.8826650459,
        -480645.25008926284,
        -471728.02678027604,
        -463034.08122255944,
        -454561.38464934676,
        -446308.0158967707,
        -438272.1560103591,
        -430452.0829124109,
        -422846.1696557016,
        -415452.8768835026,
        -408270.7629025657,
        -401298.4543985108,
        -394534.66430360323,
        -387978.1921123179,
        -381627.91475334886,
        -375482.7564057913,
        -369541.732037631,
        -363803.9204592076,
        -358268.4632049585,
        -352934.56811038393,
        -347801.5004570652,
        -342868.5839652082,
        -338135.1926343432,
        -333600.7856267404,
        -329264.83465151116,
        -325126.8797144346,
        -321186.52549492917,
        -317443.3335053574,
        -313897.1875644993,
        -310547.6373231606,
        -307394.5080806004,
        -304437.63196993095,
        -301676.86307745834,
        -299112.0855828322,
        -296741.85384939495,
        -294570.42010810797,
        -292593.52015319944,
        -290812.61243526405,
        -289227.8004689113,
        -287839.21788514766,
        -286646.9829311925,
        -285651.20556171535,
        -284852.0070143574,
        -284249.643306542,
        -283844.381426014,
        -283636.5177141715,
        -283626.37292202975,
        -283814.3294016326,
        -284200.7530084951,
        -284786.0457706198,
        -285570.68061797926,
        -286555.10194865987,
        -287739.81228016224,
        -289125.33933651226,
        -290712.2308052666,
        -292501.0421976014,
        -294492.44828016375,
        -296687.0077327684,
        -299085.40960342233,
        -301688.33014149586,
        -304496.4897528209,
        -307510.6219354985,
        -310731.493364151,
        -314159.9067434041,
        -317796.6784837708,
        -321642.6637024294,
        -325698.7448014399,
        -329965.83568108804,
        -334444.878229402,
        -339136.85423991433,
        -344042.7732380412,
        -349163.67702113534,
        -354500.65933697356,
        -360054.8342129014,
        -365827.36874297296,
        -371819.4768649724,
        -378032.4095867592,
        -384467.47756061936,
        -391126.04519254045,
        -398009.5329158914,
        -405119.4541506715,
        -412457.3602906397,
        -420024.9149921575,
        -427823.87379182596,
        -435856.10550524783
    ],
    "vevDepthImag": [
        0.0,
        0.0,
        0.0,
        0.0,
        0.0,
        0.0,
        0.0,
        0.0,
        0.0,
        0.0,
        0.0,
        0.0,
        0.0,
        0.0,
        0.0,
        0.0,
        0.0,
        0.0,
        0.0,
        0.0,
        0.0,
        0.0,
        0.0,
        0.0,
        0.0,
        0.0,
        0.0,
        0.0,
        0.0,
        0.0,
        0.0,
        0.0,
        0.0,
        0.0,
        0.0,
        0.0,
        0.0,
        0.0,
        0.0,
        0.0,
        0.0,
        0.0,
        0.0,
        0.0,
        0.0,
        0.0,
        0.0,
        0.0,
        0.0,
        0.0,
        0.0,
        0.0,
        0.0,
        0.0,
        0.0,
        0.0,
        0.0,
        0.0,
        0.0,
        0.0,
        0.0,
        0.0,
        0.0,
        0.0,
        0.0,
        0.0,
        0.0,
        0.0,
        0.0,
        0.0,
        0.0,
        0.0,
        0.0,
        0.0,
        0.0,
        0.0,
        0.0,
        0.0,
        0.0,
        0.0,
        0.0,
        0.0,
        0.0,
        0.0,
        0.0,
        0.0,
        0.0,
        0.0,
        0.0,
        0.0,
        0.0,
        0.0,
        0.0,
        0.0,
        0.0,
        0.0,
        0.0,
        0.0,
        0.0,
        0.0,
        0.0,
        0.0,
        0.0,
        0.0,
        0.0,
        0.0,
        0.0,
        0.0,
        0.0,
        0.0,
        0.0
    ],