{
    "T": [
        90.0,
        91.0,
        92.0,
        93.0,
        94.0,
        95.0,
        96.0,
        97.0,
        98.0,
        99.0,
        100.0,
        101.0,
        102.0,
        103.0,
        104.0,
        105.0,
        106.0,
        107.0,
        108.0,
        109.0,
        110.0,
        111.0,
        112.0,
        113.0,
        114.0,
        115.0,
        116.0,
        117.0,
        118.0,
        119.0,
        120.0,
        121.0,
        122.0,
        123.0,
        124.0,
        125.0,
        126.0,
        127.0,
        128.0,
        129.0,
        130.0,
        131.0,
        132.0,
        133.0,
        134.0,
        135.0,
        136.0,
        137.0,
        138.0,
        139.0,
        140.0,
        141.0,
        142.0,
        143.0,
        144.0,
        145.0,
        146.0,
        147.0,
        148.0,
        149.0,
        150.0,
        151.0,
        152.0,
        153.0,
        154.0,
        155.0,
        156.0,
        157.0,
        158.0,
        159.0,
        160.0,
        161.0,
        162.0,
        163.0,
        164.0,
        165.0,
        166.0,
        167.0,
        168.0,
        169.0,
        170.0,
        171.0,
        172.0,
        173.0,
        174.0,
        175.0,
        176.0,
        177.0,
        178.0,
        179.0,
        180.0,
        181.0,
        182.0,
        183.0,
        184.0,
        185.0,
        186.0,
        187.0,
        188.0,
        189.0,
        190.0,
        191.0,
        192.0,
        193.0,
        194.0,
        195.0,
        196.0,
        197.0,
        198.0,
        199.0,
        200.0
    ],
    "vevDepthReal": [
        -817104.1824783429,
        -800837.7617027003,
        -784913.8919580311,
        -769324.6270902827,
        -754062.5479289283,
        -739120.5739959322,
        -724492.0440488956,
        -710170.4926567238,
        -696149.823333066,
        -682424.3177943332,
        -668988.3665606005,
        -655836.7967761969,
        -642964.5438020292,
        -630366.8941486833,
        -618039.2820182341,
        -605977.3139073164,
        -594177.1490753217,
        -582634.5780739468,
        -571346.0321848317,
        -560307.8925097057,
        -549516.8287334862,
        -538969.5669589385,
        -528663.1653722103,
        -518594.61252628645,
        -508761.18414525955,
        -499160.2482521253,
        -489789.3004573022,
        -480645.9973947722,
        -471728.0702824463,
        -463033.38568731234,
        -454559.91980878095,
        -446305.77162275545,
        -438269.1101570317,
        -430448.1818167357,
        -422841.49663676915,
        -415447.39469204494,
        -408264.47361422586,
        -401291.3779366157,
        -394526.82618337305,
        -387969.6184960863,
        -381618.6432076045,
        -375472.82981042005,
        -369531.2123609716,
        -363792.8619979785,
        -358256.9446857837,
        -352922.67247554916,
        -347789.22996778705,
        -342856.20251318987,
        -338122.73897771386,
        -333588.25954343565,
        -329252.562125348,
        -325114.93167595763,
        -321175.0329387161,
        -317432.5234257657,
        -313887.0266416075,
        -310538.51960190316,
        -307386.3876394529,
        -304430.48040016205,
        -301670.65950883774,
        -299106.8120322942,
        -296738.85551924317,
        -294566.7730797616,
        -292590.5522691442,
        -290810.2213052624,
        -289225.89815225126,
        -287837.643550017,
        -286645.6176648234,
        -285649.98907660507,
        -284850.9649870368,
        -284248.77796219336,
        -283843.7061055939,
        -283636.03609524283,
        -283626.09828789876,
        -283814.2438996685,
        -284200.87329003896,
        -284786.38333511463,
        -285571.2266239652,
        -286555.8639693001,
        -287740.7970719437,
        -289126.5409179689,
        -290713.6633889505,
        -292502.7261405724,
        -294494.3312342874,
        -296689.1335404035,
        -299087.76489813754,
        -301690.9244148418,
        -304499.32015221176,
        -307513.68962198804,
        -310734.8039720345,
        -314163.4567317688,
        -317800.47197924467,
        -321646.69994148926,
        -325703.0279293539,
        -329970.3641900864,
        -334449.65723754035,
        -339141.8818249678,
        -344048.0501659315,
        -349169.2088758211,
        -354506.4418928574,
        -360060.8725847999,
        -365833.6617839931,
        -371826.0303474679,
        -378039.2241756009,
        -384474.55525163864,
        -391133.38855402544,
        -398017.1501262218,
        -405127.3272114728,
        -412465.5063180823,
        -420033.34704854165,
        -427832.5841398555,
        -435865.10044197954
    ],
    "vevDepthImag": [
        0.0,
        0.0,
        0.0,
        0.0,
        0.0,
        0.0,
        0.0,
        0.0,
        0.0,
        0.0,
        0.0,
        0.0,
        0.0,
        0.0,
        0.0,
        0.0,
        0.0,
        0.0,
        0.0,
        0.0,
        0.0,
        0.0,
        0.0,
        0.0,
        0.0,
        0.0,
        0.0,
        0.0,
        0.0,
        0.0,
        0.0,
        0.0,
        0.0,
        0.0,
        0.0,
        0.0,
        0.0,
        0.0,
        0.0,
        0.0,
        0.0,
        0.0,
        0.0,
        0.0,
        0.0,
        0.0,
        0.0,
        0.0,
        0.0,
        0.0,
        0.0,
        0.0,
        0.0,
        0.0,
        0.0,
        0.0,
        0.0,
        0.0,
        0.0,
        0.0,
        0.0,
        0.0,
        0.0,
        0.0,
        0.0,
        0.0,
        0.0,
        0.0,
        0.0,
        0.0,
        0.0,
        0.0,
        0.0,
        0.0,
        0.0,
        0.0,
        0.0,
        0.0,
        0.0,
        0.0,
        0.0,
        0.0,
        0.0,
        0.0,
        0.0,
        0.0,
        0.0,
        0.0,
        0.0,
        0.0,
        0.0,
        0.0,
        0.0,
        0.0,
        0.0,
        0.0,
        0.0,
        0.0,
        0.0,
        0.0,
        0.0,
        0.0,
        0.0,
        0.0,
        0.0,
        0.0,
        0.0,
        0.0,
        0.0,
        0.0,
        0.0
    ],