{
    "T": [
        90.0,
        91.0,
        92.0,
        93.0,
        94.0,
        95.0,
        96.0,
        97.0,
        98.0,
        99.0,
        100.0,
        101.0,
        102.0,
        103.0,
        104.0,
        105.0,
        106.0,
        107.0,
        108.0,
        109.0,
        110.0,
        111.0,
        112.0,
        113.0,
        114.0,
        115.0,
        116.0,
        117.0,
        118.0,
        119.0,
        120.0,
        121.0,
        122.0,
        123.0,
        124.0,
        125.0,
        126.0,
        127.0,
        128.0,
        129.0,
        130.0,
        131.0,
        132.0,
        133.0,
        134.0,
        135.0,
        136.0,
        137.0,
        138.0,
        139.0,
        140.0,
        141.0,
        142.0,
        143.0,
        144.0,
        145.0,
        146.0,
        147.0,
        148.0,
        149.0,
        150.0,
        151.0,
        152.0,
        153.0,
        154.0,
        155.0,
        156.0,
        157.0,
        158.0,
        159.0,
        160.0,
        161.0,
        162.0,
        163.0,
        164.0,
        165.0,
        166.0,
        167.0,
        168.0,
        169.0,
        170.0,
        171.0,
        172.0,
        173.0,
        174.0,
        175.0,
        176.0,
        177.0,
        178.0,
        179.0,
        180.0,
        181.0,
        182.0,
        183.0,
        184.0,
        185.0,
        186.0,
        187.0,
        188.0,
        189.0,
        190.0,
        191.0,
        192.0,
        193.0,
        194.0,
        195.0,
        196.0,
        197.0,
        198.0,
        199.0,
        200.0
    ],
    "vevDepthReal": [
        -817106.7556049321,
        -800839.0338759662,
        -784914.6026576072,
        -769324.4480596546,
        -754061.579323662,
        -739118.9249633035,
        -724489.6537558661,
        -710167.5692537702,
        -696146.3966563701,
        -682420.4195476056,
        -668984.0671758607,
        -655832.2080864308,
        -642959.7274516842,
        -630361.9048152539,
        -618034.2008747924,
        -605972.2997285838,
        -594172.086419968,
        -582629.6418058262,
        -571341.264252924,
        -560303.383444291,
        -549512.6194281343,
        -538965.7613808231,
        -528659.749972043,
        -518591.6799138216,
        -508758.7799941781,
        -499158.4214376232,
        -489788.10539852385,
        -480645.45679950854,
        -471728.22499761626,
        -463034.25597578223,
        -454561.56044343935,
        -446308.18104738643,
        -438272.3063720016,
        -430452.2238596562,
        -422846.29786139325,
        -415452.9946348695,
        -408270.86348942266,
        -401298.53228985285,
        -394534.7336481869,
        -387978.25436496397,
        -381627.9530648456,
        -375482.783346295,
        -369541.7524815971,
        -363803.92791267793,
        -358268.44676287856,
        -352934.5513256545,
        -347801.4711210532,
        -342868.5430680043,
        -338135.1517495875,
        -333600.72924152587,
        -329264.7688271286,
        -325126.81035654433,
        -321186.4458064851,
        -317443.2487858111,
        -313897.08751283283,
        -310547.5265935521,
        -307394.42167567916,
        -304437.5415471645,
        -301676.77899327426,
        -299112.0269885359,
        -296742.95542478573,
        -294570.3777045869,
        -292593.47557216306,
        -290812.583681484,
        -289227.79314943653,
        -287839.22937468835,
        -286647.0175753261,
        -285651.22707887506,
        -284852.0270703349,
        -284249.66155157954,
        -283844.3987741516,
        -283636.53449918085,
        -283626.3995564697,
        -283814.3372127156,
        -284200.76495878195,
        -284786.0385539039,
        -285570.6914348048,
        -286555.11079952674,
        -287739.82100743946,
        -289125.34144004324,
        -290712.23645674624,
        -292501.07002734387,
        -294492.4516877076,
        -296687.01263042254,
        -299085.4037666267,
        -301688.3098877683,
        -304496.48848971806,
        -307510.6194612646,
        -310731.4921391906,
        -314159.9004978817,
        -317796.66437122534,
        -321642.6561677918,
        -325698.73609606246,
        -329965.82536152645,
        -334444.8680856214,
        -339136.8408946382,
        -344042.7586566759,
        -349163.66033696814,
        -354500.6416503029,
        -360054.8150409923,
        -365827.3501359025,
        -371819.45428209216,
        -378032.38552777504,
        -384467.4516543209,
        -391126.0174762857,
        -398009.50369816646,
        -405119.42324146454,
        -412457.3016825415,
        -420024.82759632135,
        -427823.8373894965,
        -435856.0672672446
    ],
    "vevDepthImag": [
        0.0,
        0.0,
        0.0,
        0.0,
        0.0,
        0.0,
        0.0,
        0.0,
        0.0,
        0.0,
        0.0,
        0.0,
        0.0,
        0.0,
        0.0,
        0.0,
        0.0,
        0.0,
        0.0,
        0.0,
        0.0,
        0.0,
        0.0,
        0.0,
        0.0,
        0.0,
        0.0,
        0.0,
        0.0,
        0.0,
        0.0,
        0.0,
        0.0,
        0.0,
        0.0,
        0.0,
        0.0,
        0.0,
        0.0,
        0.0,
        0.0,
        0.0,
        0.0,
        0.0,
        0.0,
        0.0,
        0.0,
        0.0,
        0.0,
        0.0,
        0.0,
        0.0,
        0.0,
        0.0,
        0.0,
        0.0,
        0.0,
        0.0,
        0.0,
        0.0,
        0.0,
        0.0,
        0.0,
        0.0,
        0.0,
        0.0,
        0.0,
        0.0,
        0.0,
        0.0,
        0.0,
        0.0,
        0.0,
        0.0,
        0.0,
        0.0,
        0.0,
        0.0,
        0.0,
        0.0,
        0.0,
        0.0,
        0.0,
        0.0,
        0.0,
        0.0,
        0.0,
        0.0,
        0.0,
        0.0,
        0.0,
        0.0,
        0.0,
        0.0,
        0.0,
        0.0,
        0.0,
        0.0,
        0.0,
        0.0,
        0.0,
        0.0,
        0.0,
        0.0,
        0.0,
        0.0,
        0.0,
        0.0,
        0.0,
        0.0,
        0.0
    ],