{
    "T": [
        90.0,
        91.0,
        92.0,
        93.0,
        94.0,
        95.0,
        96.0,
        97.0,
        98.0,
        99.0,
        100.0,
        101.0,
        102.0,
        103.0,
        104.0,
        105.0,
        106.0,
        107.0,
        108.0,
        109.0,
        110.0,
        111.0,
        112.0,
        113.0,
        114.0,
        115.0,
        116.0,
        117.0,
        118.0,
        119.0,
        120.0,
        121.0,
        122.0,
        123.0,
        124.0,
        125.0,
        126.0,
        127.0,
        128.0,
        129.0,
        130.0,
        131.0,
        132.0,
        133.0,
        134.0,
        135.0,
        136.0,
        137.0,
        138.0,
        139.0,
        140.0,
        141.0,
        142.0,
        143.0,
        144.0,
        145.0,
        146.0,
        147.0,
        148.0,
        149.0,
        150.0,
        151.0,
        152.0,
        153.0,
        154.0,
        155.0,
        156.0,
        157.0,
        158.0,
        159.0,
        160.0,
        161.0,
        162.0,
        163.0,
        164.0,
        165.0,
        166.0,
        167.0,
        168.0,
        169.0,
        170.0,
        171.0,
        172.0,
        173.0,
        174.0,
        175.0,
        176.0,
        177.0,
        178.0,
        179.0,
        180.0,
        181.0,
        182.0,
        183.0,
        184.0,
        185.0,
        186.0,
        187.0,
        188.0,
        189.0,
        190.0,
        191.0,
        192.0,
        193.0,
        194.0,
        195.0,
        196.0,
        197.0,
        198.0,
        199.0,
        200.0
    ],
    "vevDepthReal": [
        -817106.755605289,
        -800839.0338759632,
        -784914.602657607,
        -769324.4641652415,
        -754061.5793236841,
        -739118.9265077482,
        -724489.6537558697,
        -710167.5692537698,
        -696146.3088047307,
        -682420.4195476051,
        -668984.1012666218,
        -655832.2080864302,
        -642959.7274516838,
        -630361.9048152536,
        -618034.2008747921,
        -605972.2997285989,
        -594172.086419968,
        -582629.6418056955,
        -571341.266425029,
        -560303.3834442906,
        -549512.6171637302,
        -538965.76138087,
        -528659.7499720331,
        -518591.67991382146,
        -508758.77999417775,
        -499158.4214864078,
        -489788.1055212738,
        -480645.45668424177,
        -471728.2245390211,
        -463034.2686660814,
        -454561.5604434389,
        -446308.1810473867,
        -438272.30638291157,
        -430452.2238595938,
        -422846.29786139325,
        -415452.9946348695,
        -408270.86348939873,
        -401298.53228635073,
        -394534.6139357132,
        -387978.2543649638,
        -381627.96354838845,
        -375482.7869545004,
        -369541.75266846735,
        -363803.927915302,
        -358268.4467622535,
        -352934.55132490466,
        -347801.47112106223,
        -342868.5430200139,
        -338135.15174956387,
        -333600.72524404834,
        -329264.76871631015,
        -325126.80807645177,
        -321186.4458064849,
        -317443.2487858103,
        -313897.10486607184,
        -310547.5397229665,
        -307394.4216756403,
        -304437.54154716386,
        -301676.7715383713,
        -299112.00883314136,
        -296742.95543700503,
        -294570.37770457484,
        -292593.47557216283,
        -290812.58368149516,
        -289227.7931492765,
        -287839.2293747148,
        -286647.0175753539,
        -285651.2270788753,
        -284852.0270703335,
        -284249.5614519858,
        -283844.39877415344,
        -283636.5344995521,
        -283626.3995566325,
        -283814.3427178365,
        -284200.76512891107,
        -284786.038554434,
        -285570.69143480517,
        -286555.1106977497,
        -287739.82041514874,
        -289125.3453786873,
        -290712.2364578932,
        -292501.07002741133,
        -294492.45168770786,
        -296687.01089777774,
        -299085.40376627934,
        -301688.32131037134,
        -304496.48848971794,
        -307510.6194610775,
        -310731.4921465783,
        -314159.9017419829,
        -317796.6693336861,
        -321642.6561682913,
        -325698.7360960805,
        -329965.8253615266,
        -334444.86828630476,
        -339136.8408913384,
        -344042.75865667575,
        -349163.6559220026,
        -354500.64167135727,
        -360054.81503568485,
        -365827.3501359023,
        -371819.45428209275,
        -378032.38552777516,
        -384467.4515981701,
        -391126.0174759262,
        -398009.50369819015,
        -405119.42324146477,
        -412457.21814403427,
        -420024.88003425184,
        -427823.83738949324,
        -435856.0672672463
    ],
    "vevDepthImag": [
        0.0,
        0.0,
        0.0,
        0.0,
        0.0,
        0.0,
        0.0,
        0.0,
        0.0,
        0.0,
        0.0,
        0.0,
        0.0,
        0.0,
        0.0,
        0.0,
        0.0,
        0.0,
        0.0,
        0.0,
        0.0,
        0.0,
        0.0,
        0.0,
        0.0,
        0.0,
        0.0,
        0.0,
        0.0,
        0.0,
        0.0,
        0.0,
        0.0,
        0.0,
        0.0,
        0.0,
        0.0,
        0.0,
        0.0,
        0.0,
        0.0,
        0.0,
        0.0,
        0.0,
        0.0,
        0.0,
        0.0,
        0.0,
        0.0,
        0.0,
        0.0,
        0.0,
        0.0,
        0.0,
        0.0,
        0.0,
        0.0,
        0.0,
        0.0,
        0.0,
        0.0,
        0.0,
        0.0,
        0.0,
        0.0,
        0.0,
        0.0,
        0.0,
        0.0,
        0.0,
        0.0,
        0.0,
        0.0,
        0.0,
        0.0,
        0.0,
        0.0,
        0.0,
        0.0,
        0.0,
        0.0,
        0.0,
        0.0,
        0.0,
        0.0,
        0.0,
        0.0,
        0.0,
        0.0,
        0.0,
        0.0,
        0.0,
        0.0,
        0.0,
        0.0,
        0.0,
        0.0,
        0.0,
        0.0,
        0.0,
        0.0,
        0.0,
        0.0,
        0.0,
        0.0,
        0.0,
        0.0,
        0.0,
        0.0,
        0.0,
        0.0
    ],