{
    "T": [
        90.0,
        91.0,
        92.0,
        93.0,
        94.0,
        95.0,
        96.0,
        97.0,
        98.0,
        99.0,
        100.0,
        101.0,
        102.0,
        103.0,
        104.0,
        105.0,
        106.0,
        107.0,
        108.0,
        109.0,
        110.0,
        111.0,
        112.0,
        113.0,
        114.0,
        115.0,
        116.0,
        117.0,
        118.0,
        119.0,
        120.0,
        121.0,
        122.0,
        123.0,
        124.0,
        125.0,
        126.0,
        127.0,
        128.0,
        129.0,
        130.0,
        131.0,
        132.0,
        133.0,
        134.0,
        135.0,
        136.0,
        137.0,
        138.0,
        139.0,
        140.0,
        141.0,
        142.0,
        143.0,
        144.0,
        145.0,
        146.0,
        147.0,
        148.0,
        149.0,
        150.0,
        151.0,
        152.0,
        153.0,
        154.0,
        155.0,
        156.0,
        157.0,
        158.0,
        159.0,
        160.0,
        161.0,
        162.0,
        163.0,
        164.0,
        165.0,
        166.0,
        167.0,
        168.0,
        169.0,
        170.0,
        171.0,
        172.0,
        173.0,
        174.0,
        175.0,
        176.0,
        177.0,
        178.0,
        179.0,
        180.0,
        181.0,
        182.0,
        183.0,
        184.0,
        185.0,
        186.0,
        187.0,
        188.0,
        189.0,
        190.0,
        191.0,
        192.0,
        193.0,
        194.0,
        195.0,
        196.0,
        197.0,
        198.0,
        199.0,
        200.0
    ],
    "vevDepthReal": [
        -817106.7556047591,
        -800839.4017141948,
        -784914.602657607,
        -769324.470127047,
        -754061.5793237402,
        -739118.9289384519,
        -724489.6537558701,
        -710167.5692537698,
        -696146.3124856993,
        -682420.4195476054,
        -668984.0671758561,
        -655832.20808643,
        -642959.727451684,
        -630361.904815254,
        -618034.200874792,
        -605972.299728614,
        -594172.0864199679,
        -582629.641805752,
        -571341.2642529235,
        -560303.3834442906,
        -549512.6171690227,
        -538965.7613807098,
        -528659.749972045,
        -518591.6799138217,
        -508758.77999417816,
        -499158.4214420024,
        -489788.1053981755,
        -480645.45783437276,
        -471728.22453902103,
        -463034.25543799787,
        -454561.560443439,
        -446308.181265294,
        -438272.30636785843,
        -430452.22385958326,
        -422846.29786139325,
        -415452.99463486933,
        -408270.8639700157,
        -401298.5428225898,
        -394534.7379446697,
        -387978.25436496513,
        -381627.95277250744,
        -375482.7891332237,
        -369541.74932349817,
        -363803.9279119492,
        -358268.4467630505,
        -352934.55132485746,
        -347801.47112107265,
        -342868.543052335,
        -338135.1517496011,
        -333600.72748577694,
        -329264.7668944282,
        -325126.810305667,
        -321186.44580648496,
        -317443.2487858096,
        -313897.08751283283,
        -310547.5475727271,
        -307394.42167539103,
        -304437.5415471642,
        -301676.7759294865,
        -299112.00883314176,
        -296742.9554153936,
        -294570.3777045896,
        -292593.4755721631,
        -290812.58368148864,
        -289227.79314930935,
        -287839.2293746403,
        -286647.01757540647,
        -285651.2270788748,
        -284852.0273588414,
        -284249.65959813964,
        -283844.3987741518,
        -283636.5344992579,
        -283626.39955658646,
        -283814.33719102823,
        -284200.765119114,
        -284786.03855382797,
        -285570.69143480505,
        -286555.1106977546,
        -287739.8201717543,
        -289125.3417621196,
        -290712.2364567369,
        -292501.07002756285,
        -294492.4516877076,
        -296687.0106263376,
        -299085.41098860744,
        -301688.3214799179,
        -304496.4884897178,
        -307510.6194597755,
        -310731.49153387133,
        -314159.9018188248,
        -317796.6722599247,
        -321642.65616721514,
        -325698.73609608645,
        -329965.8253615261,
        -334444.8624814069,
        -339136.84089050477,
        -344042.75865667604,
        -349163.663699412,
        -354500.6417937152,
        -360054.8156156094,
        -365827.3501359023,
        -371819.4542820911,
        -378032.3855277753,
        -384467.45164154074,
        -391126.017452674,
        -398009.5036982112,
        -405119.4232414651,
        -412457.21631551394,
        -420024.8800342605,
        -427823.83742250607,
        -435856.066347201
    ],
    "vevDepthImag": [
        0.0,
        0.0,
        0.0,
        0.0,
        0.0,
        0.0,
        0.0,
        0.0,
        0.0,
        0.0,
        0.0,
        0.0,
        0.0,
        0.0,
        0.0,
        0.0,
        0.0,
        0.0,
        0.0,
        0.0,
        0.0,
        0.0,
        0.0,
        0.0,
        0.0,
        0.0,
        0.0,
        0.0,
        0.0,
        0.0,
        0.0,
        0.0,
        0.0,
        0.0,
        0.0,
        0.0,
        0.0,
        0.0,
        0.0,
        0.0,
        0.0,
        0.0,
        0.0,
        0.0,
        0.0,
        0.0,
        0.0,
        0.0,
        0.0,
        0.0,
        0.0,
        0.0,
        0.0,
        0.0,
        0.0,
        0.0,
        0.0,
        0.0,
        0.0,
        0.0,
        0.0,
        0.0,
        0.0,
        0.0,
        0.0,
        0.0,
        0.0,
        0.0,
        0.0,
        0.0,
        0.0,
        0.0,
        0.0,
        0.0,
        0.0,
        0.0,
        0.0,
        0.0,
        0.0,
        0.0,
        0.0,
        0.0,
        0.0,
        0.0,
        0.0,
        0.0,
        0.0,
        0.0,
        0.0,
        0.0,
        0.0,
        0.0,
        0.0,
        0.0,
        0.0,
        0.0,
        0.0,
        0.0,
        0.0,
        0.0,
        0.0,
        0.0,
        0.0,
        0.0,
        0.0,
        0.0,
        0.0,
        0.0,
        0.0,
        0.0,
        0.0
    ],