{
    "bmNumber": 3,
    "failureReason": false,
    "T": [
        90.0,
        91.0,
        92.0,
        93.0,
        94.0,
        95.0,
        96.0,
        97.0,
        98.0,
        99.0,
        100.0,
        101.0,
        102.0,
        103.0,
        104.0,
        105.0,
        106.0,
        107.0,
        108.0,
        109.0,
        110.0,
        111.0,
        112.0,
        113.0,
        114.0,
        115.0,
        116.0,
        117.0,
        118.0,
        119.0,
        120.0,
        121.0,
        122.0,
        123.0,
        124.0,
        125.0,
        126.0,
        127.0,
        128.0,
        129.0,
        130.0,
        131.0,
        132.0,
        133.0,
        134.0,
        135.0,
        136.0,
        137.0,
        138.0,
        139.0,
        140.0,
        141.0,
        142.0,
        143.0,
        144.0,
        145.0,
        146.0,
        147.0,
        148.0,
        149.0,
        150.0,
        151.0,
        152.0,
        153.0,
        154.0,
        155.0,
        156.0,
        157.0,
        158.0,
        159.0,
        160.0,
        161.0,
        162.0,
        163.0,
        164.0,
        165.0,
        166.0,
        167.0,
        168.0,
        169.0,
        170.0,
        171.0,
        172.0,
        173.0,
        174.0,
        175.0,
        176.0,
        177.0,
        178.0,
        179.0,
        180.0,
        181.0,
        182.0,
        183.0,
        184.0,
        185.0,
        186.0,
        187.0,
        188.0,
        189.0,
        190.0,
        191.0,
        192.0,
        193.0,
        194.0,
        195.0,
        196.0,
        197.0,
        198.0,
        199.0,
        200.0
    ],
    "vevDepthReal": [
        -817201.2311539389,
        -800935.3822079808,
        -785012.0535002004,
        -769423.4119144964,
        -754162.0039888492,
        -739220.822313739,
        -724593.0772670221,
        -710272.3933608572,
        -696252.6573555253,
        -682528.1492962273,
        -669093.2806294349,
        -655942.8209186806,
        -643071.7754662507,
        -630475.3775466211,
        -618149.0922097182,
        -606088.5979372052,
        -594289.8015663695,
        -582748.7715956668,
        -571461.7740503768,
        -560425.2632095701,
        -549635.9003326566,
        -539090.3996893023,
        -528785.777714412,
        -518719.0688078565,
        -508887.52229095285,
        -499288.51614961954,
        -489919.53377541073,
        -480778.228938095,
        -471862.3254393774,
        -463169.6919990754,
        -454698.30300273246,
        -446446.22684232023,
        -438411.66201883333,
        -430592.8717763488,
        -422988.232082492,
        -415596.2053944656,
        -408415.34442592575,
        -401444.29081555014,
        -394681.76128531573,
        -388126.52301814454,
        -381777.4775005154,
        -375633.54234916944,
        -369693.73451720306,
        -363957.13326717296,
        -358422.8783911035,
        -353090.1729619498,
        -347958.29944715137,
        -343026.5647089338,
        -338294.31817979546,
        -333761.1087344219,
        -329426.27541010926,
        -325289.5195153352,
        -321350.3079600682,
        -317608.32151383295,
        -314063.24980901286,
        -310714.82124682947,
        -307562.81154441973,
        -304607.0499731823,
        -301847.38600984495,
        -299283.73210535105,
        -296916.02112152264,
        -294744.2108923523,
        -292768.4051061225,
        -290988.57905861177,
        -289404.8395726419,
        -288017.3178903074,
        -286826.1444507673,
        -285831.3711165538,
        -285033.18469760596,
        -284431.8233115897,
        -284027.55275346176,
        -283820.6674138098,
        -283811.5083668421,
        -284000.4230236748,
        -284387.795838551,
        -284974.03901464806,
        -285759.57077184273,
        -286744.93890072446,
        -287930.559518533,
        -289316.98194999254,
        -290904.76280606433,
        -292694.4716424298,
        -294686.71999462234,
        -296882.13347251853,
        -299281.3737931859,
        -301885.12161120074,
        -304694.09597972524,
        -307709.03106350044,
        -310930.6853292547,
        -314359.881125023,
        -317997.4153759009,
        -321844.14587269945,
        -325900.964991303,
        -330168.77533627546,
        -334648.52444051387,
        -339341.1868194913,
        -344247.77099216846,
        -349369.34569299733,
        -354706.96696299664,
        -360261.7666691707,
        -366034.9034638172,
        -372027.60354032286,
        -378241.0997922098,
        -384676.7231418636,
        -391335.8212981092,
        -398219.824589171,
        -405330.2256355708,
        -412668.5461527823,
        -420236.5871844743,
        -428035.95380545454,
        -436068.5764114198
    ],
    "vevDepthImag": [
        0.0,
        0.0,
        0.0,
        0.0,
        0.0,
        0.0,
        0.0,
        0.0,
        0.0,
        0.0,
        0.0,
        0.0,
        0.0,
        0.0,
        0.0,
        0.0,
        0.0,
        0.0,
        0.0,
        0.0,
        0.0,
        0.0,
        0.0,
        0.0,
        0.0,
        0.0,
        0.0,
        0.0,
        0.0,
        0.0,
        0.0,
        0.0,
        0.0,
        0.0,
        0.0,
        0.0,
        0.0,
        0.0,
        0.0,
        0.0,
        0.0,
        0.0,
        0.0,
        0.0,
        0.0,
        0.0,
        0.0,
        0.0,
        0.0,
        0.0,
        0.0,
        0.0,
        0.0,
        0.0,
        0.0,
        0.0,
        0.0,
        0.0,
        0.0,
        0.0,
        0.0,
        0.0,
        0.0,
        0.0,
        0.0,
        0.0,
        0.0,
        0.0,
        0.0,
        0.0,
        0.0,
        0.0,
        0.0,
        0.0,
        0.0,
        0.0,
        0.0,
        0.0,
        0.0,
        0.0,
        0.0,
        0.0,
        0.0,
        0.0,
        0.0,
        0.0,
        0.0,
        0.0,
        0.0,
        0.0,
        0.0,
        0.0,
        0.0,
        0.0,
        0.0,
        0.0,
        0.0,
        0.0,
        0.0,
        0.0,
        0.0,
        0.0,
        0.0,
        0.0,
        0.0,
        0.0,
        0.0,
        0.0,
        0.0,
        0.0,
        0.0
    ],