{
    "T": [
        90.0,
        91.0,
        92.0,
        93.0,
        94.0,
        95.0,
        96.0,
        97.0,
        98.0,
        99.0,
        100.0,
        101.0,
        102.0,
        103.0,
        104.0,
        105.0,
        106.0,
        107.0,
        108.0,
        109.0,
        110.0,
        111.0,
        112.0,
        113.0,
        114.0,
        115.0,
        116.0,
        117.0,
        118.0,
        119.0,
        120.0,
        121.0,
        122.0,
        123.0,
        124.0,
        125.0,
        126.0,
        127.0,
        128.0,
        129.0,
        130.0,
        131.0,
        132.0,
        133.0,
        134.0,
        135.0,
        136.0,
        137.0,
        138.0,
        139.0,
        140.0,
        141.0,
        142.0,
        143.0,
        144.0,
        145.0,
        146.0,
        147.0,
        148.0,
        149.0,
        150.0,
        151.0,
        152.0,
        153.0,
        154.0,
        155.0,
        156.0,
        157.0,
        158.0,
        159.0,
        160.0,
        161.0,
        162.0,
        163.0,
        164.0,
        165.0,
        166.0,
        167.0,
        168.0,
        169.0,
        170.0,
        171.0,
        172.0,
        173.0,
        174.0,
        175.0,
        176.0,
        177.0,
        178.0,
        179.0,
        180.0,
        181.0,
        182.0,
        183.0,
        184.0,
        185.0,
        186.0,
        187.0,
        188.0,
        189.0,
        190.0,
        191.0,
        192.0,
        193.0,
        194.0,
        195.0,
        196.0,
        197.0,
        198.0,
        199.0,
        200.0
    ],
    "vevDepthReal": [
        -817106.7556045791,
        -800838.5641952497,
        -784914.602657607,
        -769324.4742453872,
        -754061.5793237485,
        -739118.9289351862,
        -724489.6537558679,
        -710167.5692537699,
        -696146.3126933296,
        -682420.4195476053,
        -668984.0671758491,
        -655832.2080864308,
        -642959.7274516837,
        -630361.9048152538,
        -618034.2008747921,
        -605972.2997285957,
        -594172.0864199678,
        -582629.6418057925,
        -571341.2642529235,
        -560303.3834442906,
        -549512.6171693412,
        -538965.7613807118,
        -528659.7499720507,
        -518591.67991382134,
        -508758.7799941781,
        -499158.4214427745,
        -489788.1053981666,
        -480645.43777490454,
        -471728.2250013858,
        -463034.2554370217,
        -454561.56044343906,
        -446308.181047392,
        -438272.30636856117,
        -430452.22385961504,
        -422846.29786139325,
        -415452.9946348691,
        -408270.8634894021,
        -401298.5374233218,
        -394534.733648186,
        -387978.2543649654,
        -381627.9527725076,
        -375482.7891332239,
        -369541.7493205724,
        -363803.92791114945,
        -358268.4467632355,
        -352934.55132477893,
        -347801.47112106683,
        -342868.54304651427,
        -338135.1517495844,
        -333600.7295214198,
        -329264.7682375454,
        -325126.80544774095,
        -321186.44580648514,
        -317443.2487858108,
        -313897.10510884546,
        -310547.5483217855,
        -307394.4216753839,
        -304437.54154716467,
        -301676.77650734014,
        -299112.00883314153,
        -296742.95541558997,
        -294570.37770458043,
        -292593.4755721631,
        -290812.5836815033,
        -289227.79314936826,
        -287839.2293746375,
        -286647.0175752404,
        -285651.22707887477,
        -284852.02707033406,
        -284249.6620354505,
        -283844.3987741545,
        -283636.53449783777,
        -283626.39955651184,
        -283814.3457532612,
        -284200.7653776072,
        -284786.03855018795,
        -285570.6895561131,
        -286555.1106977574,
        -287739.8211875831,
        -289125.3417501717,
        -290712.23645675916,
        -292501.0700275597,
        -294492.4516877077,
        -296687.0126367837,
        -299085.40376692446,
        -301688.3098901309,
        -304496.4884897176,
        -307510.6194610647,
        -310731.4909193519,
        -314159.9016106976,
        -317796.6643712268,
        -321642.6561673718,
        -325698.736096074,
        -329965.8253615264,
        -334444.86604046554,
        -339136.8411622911,
        -344042.7586566757,
        -349163.65584851877,
        -354500.6416688089,
        -360054.81478283857,
        -365827.35013590264,
        -371819.45428209123,
        -378032.38552777504,
        -384467.45181668,
        -391126.0177070653,
        -398009.50369817246,
        -405119.4232414649,
        -412457.2170336413,
        -420024.880034261,
        -427823.83742250607,
        -435856.0672672428
    ],
    "vevDepthImag": [
        0.0,
        0.0,
        0.0,
        0.0,
        0.0,
        0.0,
        0.0,
        0.0,
        0.0,
        0.0,
        0.0,
        0.0,
        0.0,
        0.0,
        0.0,
        0.0,
        0.0,
        0.0,
        0.0,
        0.0,
        0.0,
        0.0,
        0.0,
        0.0,
        0.0,
        0.0,
        0.0,
        0.0,
        0.0,
        0.0,
        0.0,
        0.0,
        0.0,
        0.0,
        0.0,
        0.0,
        0.0,
        0.0,
        0.0,
        0.0,
        0.0,
        0.0,
        0.0,
        0.0,
        0.0,
        0.0,
        0.0,
        0.0,
        0.0,
        0.0,
        0.0,
        0.0,
        0.0,
        0.0,
        0.0,
        0.0,
        0.0,
        0.0,
        0.0,
        0.0,
        0.0,
        0.0,
        0.0,
        0.0,
        0.0,
        0.0,
        0.0,
        0.0,
        0.0,
        0.0,
        0.0,
        0.0,
        0.0,
        0.0,
        0.0,
        0.0,
        0.0,
        0.0,
        0.0,
        0.0,
        0.0,
        0.0,
        0.0,
        0.0,
        0.0,
        0.0,
        0.0,
        0.0,
        0.0,
        0.0,
        0.0,
        0.0,
        0.0,
        0.0,
        0.0,
        0.0,
        0.0,
        0.0,
        0.0,
        0.0,
        0.0,
        0.0,
        0.0,
        0.0,
        0.0,
        0.0,
        0.0,
        0.0,
        0.0,
        0.0,
        0.0
    ],