{
    "T": [
        90.0,
        91.0,
        92.0,
        93.0,
        94.0,
        95.0,
        96.0,
        97.0,
        98.0,
        99.0,
        100.0,
        101.0,
        102.0,
        103.0,
        104.0,
        105.0,
        106.0,
        107.0,
        108.0,
        109.0,
        110.0,
        111.0,
        112.0,
        113.0,
        114.0,
        115.0,
        116.0,
        117.0,
        118.0,
        119.0,
        120.0,
        121.0,
        122.0,
        123.0,
        124.0,
        125.0,
        126.0,
        127.0,
        128.0,
        129.0,
        130.0,
        131.0,
        132.0,
        133.0,
        134.0,
        135.0,
        136.0,
        137.0,
        138.0,
        139.0,
        140.0,
        141.0,
        142.0,
        143.0,
        144.0,
        145.0,
        146.0,
        147.0,
        148.0,
        149.0,
        150.0,
        151.0,
        152.0,
        153.0,
        154.0,
        155.0,
        156.0,
        157.0,
        158.0,
        159.0,
        160.0,
        161.0,
        162.0,
        163.0,
        164.0,
        165.0,
        166.0,
        167.0,
        168.0,
        169.0,
        170.0,
        171.0,
        172.0,
        173.0,
        174.0,
        175.0,
        176.0,
        177.0,
        178.0,
        179.0,
        180.0,
        181.0,
        182.0,
        183.0,
        184.0,
        185.0,
        186.0,
        187.0,
        188.0,
        189.0,
        190.0,
        191.0,
        192.0,
        193.0,
        194.0,
        195.0,
        196.0,
        197.0,
        198.0,
        199.0,
        200.0
    ],
    "vevDepthReal": [
        -817106.7556051395,
        -800838.5641958638,
        -784914.602657607,
        -769324.4480596565,
        -754061.5793237485,
        -739118.9241227529,
        -724489.6537558679,
        -710167.5692537699,
        -696146.3475679667,
        -682420.4195476053,
        -668984.0671758605,
        -655832.2080864303,
        -642959.7274516835,
        -630361.904815254,
        -618034.2008747921,
        -605972.2997285957,
        -594172.0864199679,
        -582629.6418056821,
        -571341.2642529235,
        -560303.3834442908,
        -549512.617168265,
        -538965.7613809574,
        -528659.7499720328,
        -518591.6799138217,
        -508758.78001890914,
        -499158.42143444123,
        -489788.10539847595,
        -480645.43777490454,
        -471728.2248370977,
        -463034.25543652626,
        -454561.56044343906,
        -446308.181047393,
        -438272.306368461,
        -430452.2238595872,
        -422846.2978613933,
        -415452.9946348693,
        -408270.8634894005,
        -401298.5322899949,
        -394534.61393571674,
        -387978.25436496554,
        -381627.9584786871,
        -375482.78334897535,
        -369541.7496331205,
        -363803.92791373783,
        -358268.4467626247,
        -352934.55132419383,
        -347801.4711210782,
        -342868.5430518194,
        -338135.1517495797,
        -333600.71674846654,
        -329264.76864661137,
        -325126.80788374617,
        -321186.44580648525,
        -317443.24878581066,
        -313897.1012605785,
        -310547.5227414362,
        -307394.42167540116,
        -304437.541547165,
        -301676.77650734154,
        -299112.00883314176,
        -296742.952408224,
        -294570.37770460284,
        -292593.47557216295,
        -290812.583681511,
        -289227.7931492017,
        -287839.22937468183,
        -286647.0175753231,
        -285651.2270788749,
        -284852.02735887177,
        -284249.6266782354,
        -283844.39877415064,
        -283636.5344978268,
        -283626.3995565803,
        -283814.33717364323,
        -284200.76527558203,
        -284786.0385542682,
        -285570.6914348055,
        -286555.11069775413,
        -287739.82017175487,
        -289125.345437609,
        -290712.2364629536,
        -292501.07002746506,
        -294492.451687708,
        -296687.0126327972,
        -299085.403766235,
        -301688.3118511418,
        -304496.4884897178,
        -307510.6194604377,
        -310731.4909193538,
        -314159.89738759067,
        -317796.66437122645,
        -321642.6561673075,
        -325698.7360960627,
        -329965.8253615275,
        -334444.86247159215,
        -339136.84089232853,
        -344042.75865667604,
        -349163.65546127583,
        -354500.6417899158,
        -360054.81530525524,
        -365827.3501359024,
        -371819.4542820939,
        -378032.3855277753,
        -384467.4517205474,
        -391126.01752060634,
        -398009.5036981828,
        -405119.42324146477,
        -412457.30173706915,
        -420024.8800342564,
        -427823.83742250653,
        -435856.06726724375
    ],
    "vevDepthImag": [
        0.0,
        0.0,
        0.0,
        0.0,
        0.0,
        0.0,
        0.0,
        0.0,
        0.0,
        0.0,
        0.0,
        0.0,
        0.0,
        0.0,
        0.0,
        0.0,
        0.0,
        0.0,
        0.0,
        0.0,
        0.0,
        0.0,
        0.0,
        0.0,
        0.0,
        0.0,
        0.0,
        0.0,
        0.0,
        0.0,
        0.0,
        0.0,
        0.0,
        0.0,
        0.0,
        0.0,
        0.0,
        0.0,
        0.0,
        0.0,
        0.0,
        0.0,
        0.0,
        0.0,
        0.0,
        0.0,
        0.0,
        0.0,
        0.0,
        0.0,
        0.0,
        0.0,
        0.0,
        0.0,
        0.0,
        0.0,
        0.0,
        0.0,
        0.0,
        0.0,
        0.0,
        0.0,
        0.0,
        0.0,
        0.0,
        0.0,
        0.0,
        0.0,
        0.0,
        0.0,
        0.0,
        0.0,
        0.0,
        0.0,
        0.0,
        0.0,
        0.0,
        0.0,
        0.0,
        0.0,
        0.0,
        0.0,
        0.0,
        0.0,
        0.0,
        0.0,
        0.0,
        0.0,
        0.0,
        0.0,
        0.0,
        0.0,
        0.0,
        0.0,
        0.0,
        0.0,
        0.0,
        0.0,
        0.0,
        0.0,
        0.0,
        0.0,
        0.0,
        0.0,
        0.0,
        0.0,
        0.0,
        0.0,
        0.0,
        0.0,
        0.0
    ],