{
    "T": [
        90.0,
        91.0,
        92.0,
        93.0,
        94.0,
        95.0,
        96.0,
        97.0,
        98.0,
        99.0,
        100.0,
        101.0,
        102.0,
        103.0,
        104.0,
        105.0,
        106.0,
        107.0,
        108.0,
        109.0,
        110.0,
        111.0,
        112.0,
        113.0,
        114.0,
        115.0,
        116.0,
        117.0,
        118.0,
        119.0,
        120.0,
        121.0,
        122.0,
        123.0,
        124.0,
        125.0,
        126.0,
        127.0,
        128.0,
        129.0,
        130.0,
        131.0,
        132.0,
        133.0,
        134.0,
        135.0,
        136.0,
        137.0,
        138.0,
        139.0,
        140.0,
        141.0,
        142.0,
        143.0,
        144.0,
        145.0,
        146.0,
        147.0,
        148.0,
        149.0,
        150.0,
        151.0,
        152.0,
        153.0,
        154.0,
        155.0,
        156.0,
        157.0,
        158.0,
        159.0,
        160.0,
        161.0,
        162.0,
        163.0,
        164.0,
        165.0,
        166.0,
        167.0,
        168.0,
        169.0,
        170.0,
        171.0,
        172.0,
        173.0,
        174.0,
        175.0,
        176.0,
        177.0,
        178.0,
        179.0,
        180.0,
        181.0,
        182.0,
        183.0,
        184.0,
        185.0,
        186.0,
        187.0,
        188.0,
        189.0,
        190.0,
        191.0,
        192.0,
        193.0,
        194.0,
        195.0,
        196.0,
        197.0,
        198.0,
        199.0,
        200.0
    ],
    "vevDepthReal": [
        -817112.1503077861,
        -800846.0513156664,
        -784923.0114347439,
        -769334.253154598,
        -754072.5249520913,
        -739130.8793354075,
        -724502.5547348486,
        -710181.2882760119,
        -696160.7395525189,
        -682435.3224720415,
        -668999.3124076182,
        -655847.7898178429,
        -642975.4172346906,
        -630377.5481309587,
        -618049.7572225003,
        -605987.560846337,
        -594186.9745901251,
        -582644.0046686153,
        -571355.0013805126,
        -560316.397743983,
        -549524.816285394,
        -538976.9224851948,
        -528669.9136186789,
        -518600.7311063779,
        -508766.6123462312,
        -499164.9566472466,
        -489793.306086765,
        -480649.27113879804,
        -471730.5913704987,
        -463035.26129131834,
        -454560.94304599246,
        -446306.193830768,
        -438268.8264391811,
        -430447.25479145226,
        -422839.89450858487,
        -415445.21862157795,
        -408261.74658064556,
        -401288.13483315514,
        -394523.1934876946,
        -387965.64198453416,
        -381614.42930256674,
        -375468.4301912764,
        -369526.82615007594,
        -363788.53994771413,
        -358252.8410783794,
        -352918.9174664637,
        -347785.9836988443,
        -342853.5319915763,
        -338120.82067582465,
        -333587.0522857171,
        -329251.93845737824,
        -325114.81474219053,
        -321175.2537952824,
        -317433.0089190776,
        -313887.75101001386,
        -310539.0573597211,
        -307386.9166548942,
        -304430.95169956755,
        -301671.077160723,
        -299107.2386007934,
        -296739.1343092277,
        -294567.1264160145,
        -292590.8887936388,
        -290810.5145805367,
        -289226.19740599405,
        -287837.89416340546,
        -286645.8865131909,
        -285650.23192870454,
        -284851.1863936697,
        -284249.00117125124,
        -283843.93750013976,
        -283636.20962090953,
        -283626.3565609079,
        -283814.4799713153,
        -284201.07545539475,
        -284786.571450126,
        -285571.42894073616,
        -286556.0218561819,
        -287740.9874924014,
        -289126.7426040116,
        -290713.8428053702,
        -292502.88300307567,
        -294494.5089815253,
        -296689.262137756,
        -299087.92315221013,
        -301691.0432099062,
        -304499.41893926467,
        -307513.7931849066,
        -310734.8660785245,
        -314163.48037898995,
        -317800.49206180475,
        -321646.6559315152,
        -325702.95867682237,
        -329970.28687625227,
        -334449.54859320057,
        -339141.73387084855,
        -344047.884021925,
        -349168.97396112134,
        -354506.15830805426,
        -360060.5777424949,
        -365833.3106825077,
        -371825.6470241094,
        -378038.77086205315,
        -384474.04661594564,
        -391132.8529614209,
        -398016.55450451636,
        -405126.72306833684,
        -412464.8116916317,
        -420032.6389536724,
        -427831.80539198994,
        -435864.30037451163
    ],
    "vevDepthImag": [
        0.0,
        0.0,
        0.0,
        0.0,
        0.0,
        0.0,
        0.0,
        0.0,
        0.0,
        0.0,
        0.0,
        0.0,
        0.0,
        0.0,
        0.0,
        0.0,
        0.0,
        0.0,
        0.0,
        0.0,
        0.0,
        0.0,
        0.0,
        0.0,
        0.0,
        0.0,
        0.0,
        0.0,
        0.0,
        0.0,
        0.0,
        0.0,
        0.0,
        0.0,
        0.0,
        0.0,
        0.0,
        0.0,
        0.0,
        0.0,
        0.0,
        0.0,
        0.0,
        0.0,
        0.0,
        0.0,
        0.0,
        0.0,
        0.0,
        0.0,
        0.0,
        0.0,
        0.0,
        0.0,
        0.0,
        0.0,
        0.0,
        0.0,
        0.0,
        0.0,
        0.0,
        0.0,
        0.0,
        0.0,
        0.0,
        0.0,
        0.0,
        0.0,
        0.0,
        0.0,
        0.0,
        0.0,
        0.0,
        0.0,
        0.0,
        0.0,
        0.0,
        0.0,
        0.0,
        0.0,
        0.0,
        0.0,
        0.0,
        0.0,
        0.0,
        0.0,
        0.0,
        0.0,
        0.0,
        0.0,
        0.0,
        0.0,
        0.0,
        0.0,
        0.0,
        0.0,
        0.0,
        0.0,
        0.0,
        0.0,
        0.0,
        0.0,
        0.0,
        0.0,
        0.0,
        0.0,
        0.0,
        0.0,
        0.0,
        0.0,
        0.0
    ],