{
    "T": [
        90.0,
        91.0,
        92.0,
        93.0,
        94.0,
        95.0,
        96.0,
        97.0,
        98.0,
        99.0,
        100.0,
        101.0,
        102.0,
        103.0,
        104.0,
        105.0,
        106.0,
        107.0,
        108.0,
        109.0,
        110.0,
        111.0,
        112.0,
        113.0,
        114.0,
        115.0,
        116.0,
        117.0,
        118.0,
        119.0,
        120.0,
        121.0,
        122.0,
        123.0,
        124.0,
        125.0,
        126.0,
        127.0,
        128.0,
        129.0,
        130.0,
        131.0,
        132.0,
        133.0,
        134.0,
        135.0,
        136.0,
        137.0,
        138.0,
        139.0,
        140.0,
        141.0,
        142.0,
        143.0,
        144.0,
        145.0,
        146.0,
        147.0,
        148.0,
        149.0,
        150.0,
        151.0,
        152.0,
        153.0,
        154.0,
        155.0,
        156.0,
        157.0,
        158.0,
        159.0,
        160.0,
        161.0,
        162.0,
        163.0,
        164.0,
        165.0,
        166.0,
        167.0,
        168.0,
        169.0,
        170.0,
        171.0,
        172.0,
        173.0,
        174.0,
        175.0,
        176.0,
        177.0,
        178.0,
        179.0,
        180.0,
        181.0,
        182.0,
        183.0,
        184.0,
        185.0,
        186.0,
        187.0,
        188.0,
        189.0,
        190.0,
        191.0,
        192.0,
        193.0,
        194.0,
        195.0,
        196.0,
        197.0,
        198.0,
        199.0,
        200.0
    ],
    "vevDepthReal": [
        -817106.7556045676,
        -800839.4017141926,
        -784914.6026576072,
        -769324.474566316,
        -754061.5793237339,
        -739118.9150818592,
        -724489.6537558683,
        -710167.5692637565,
        -696146.4015239077,
        -682420.4195476052,
        -668984.0924834732,
        -655832.2080864296,
        -642959.727451684,
        -630361.904815254,
        -618034.2008747918,
        -605972.2997286122,
        -594172.0864199682,
        -582629.6418057042,
        -571341.2642529238,
        -560303.3834442906,
        -549512.6171737221,
        -538965.7613809817,
        -528659.749972053,
        -518591.67991382134,
        -508758.77999417845,
        -499158.4214393298,
        -489788.10539815907,
        -480645.4572502216,
        -471728.22453902103,
        -463034.26866371953,
        -454561.5604434389,
        -446308.18104739144,
        -438272.3063819652,
        -430452.22385957965,
        -422846.2978613933,
        -415452.99463486945,
        -408270.863489385,
        -401298.5322900204,
        -394534.73810571403,
        -387978.25436491024,
        -381627.9590909555,
        -375482.7833485092,
        -369541.7495294446,
        -363803.9279144085,
        -358268.446762467,
        -352934.55132542225,
        -347801.4711210653,
        -342868.5430777473,
        -338135.15174958773,
        -333600.72639548965,
        -329264.7683466131,
        -325126.81034908217,
        -321186.4458064853,
        -317443.24878580996,
        -313897.0875128329,
        -310547.5227370268,
        -307394.4216756588,
        -304437.54154716455,
        -301676.77465637244,
        -299112.02899160085,
        -296742.952420092,
        -294570.3777045951,
        -292593.4755721626,
        -290812.5836814893,
        -289227.7931490411,
        -287839.22937476716,
        -286647.0175752692,
        -285651.22707887506,
        -284852.02735880995,
        -284249.62667794677,
        -283844.39877415414,
        -283636.5345027887,
        -283626.399556529,
        -283814.33719975146,
        -284200.76495878416,
        -284786.0385531091,
        -285570.69157515926,
        -286555.1106977578,
        -287739.82017175487,
        -289125.3417824675,
        -290712.2364572208,
        -292501.0700274027,
        -294492.4516877076,
        -296687.01248664554,
        -299085.40376679716,
        -301688.33229714195,
        -304496.4884897179,
        -307510.61946035794,
        -310731.4921192535,
        -314159.89703274076,
        -317796.66437122715,
        -321642.6561673052,
        -325698.7360960363,
        -329965.8253615266,
        -334444.86828940944,
        -339136.8412194606,
        -344042.7586566756,
        -349163.65858681913,
        -354500.64178993995,
        -360054.8147828387,
        -365827.3501359026,
        -371819.4542820943,
        -378032.3855277754,
        -384467.45164534124,
        -391126.01759537356,
        -398009.50369817106,
        -405119.4232414643,
        -412457.21573758114,
        -420024.82758025813,
        -427823.8374225064,
        -435856.06726724503
    ],
    "vevDepthImag": [
        0.0,
        0.0,
        0.0,
        0.0,
        0.0,
        0.0,
        0.0,
        0.0,
        0.0,
        0.0,
        0.0,
        0.0,
        0.0,
        0.0,
        0.0,
        0.0,
        0.0,
        0.0,
        0.0,
        0.0,
        0.0,
        0.0,
        0.0,
        0.0,
        0.0,
        0.0,
        0.0,
        0.0,
        0.0,
        0.0,
        0.0,
        0.0,
        0.0,
        0.0,
        0.0,
        0.0,
        0.0,
        0.0,
        0.0,
        0.0,
        0.0,
        0.0,
        0.0,
        0.0,
        0.0,
        0.0,
        0.0,
        0.0,
        0.0,
        0.0,
        0.0,
        0.0,
        0.0,
        0.0,
        0.0,
        0.0,
        0.0,
        0.0,
        0.0,
        0.0,
        0.0,
        0.0,
        0.0,
        0.0,
        0.0,
        0.0,
        0.0,
        0.0,
        0.0,
        0.0,
        0.0,
        0.0,
        0.0,
        0.0,
        0.0,
        0.0,
        0.0,
        0.0,
        0.0,
        0.0,
        0.0,
        0.0,
        0.0,
        0.0,
        0.0,
        0.0,
        0.0,
        0.0,
        0.0,
        0.0,
        0.0,
        0.0,
        0.0,
        0.0,
        0.0,
        0.0,
        0.0,
        0.0,
        0.0,
        0.0,
        0.0,
        0.0,
        0.0,
        0.0,
        0.0,
        0.0,
        0.0,
        0.0,
        0.0,
        0.0,
        0.0
    ],