{
    "T": [
        90.0,
        91.0,
        92.0,
        93.0,
        94.0,
        95.0,
        96.0,
        97.0,
        98.0,
        99.0,
        100.0,
        101.0,
        102.0,
        103.0,
        104.0,
        105.0,
        106.0,
        107.0,
        108.0,
        109.0,
        110.0,
        111.0,
        112.0,
        113.0,
        114.0,
        115.0,
        116.0,
        117.0,
        118.0,
        119.0,
        120.0,
        121.0,
        122.0,
        123.0,
        124.0,
        125.0,
        126.0,
        127.0,
        128.0,
        129.0,
        130.0,
        131.0,
        132.0,
        133.0,
        134.0,
        135.0,
        136.0,
        137.0,
        138.0,
        139.0,
        140.0,
        141.0,
        142.0,
        143.0,
        144.0,
        145.0,
        146.0,
        147.0,
        148.0,
        149.0,
        150.0,
        151.0,
        152.0,
        153.0,
        154.0,
        155.0,
        156.0,
        157.0,
        158.0,
        159.0,
        160.0,
        161.0,
        162.0,
        163.0,
        164.0,
        165.0,
        166.0,
        167.0,
        168.0,
        169.0,
        170.0,
        171.0,
        172.0,
        173.0,
        174.0,
        175.0,
        176.0,
        177.0,
        178.0,
        179.0,
        180.0,
        181.0,
        182.0,
        183.0,
        184.0,
        185.0,
        186.0,
        187.0,
        188.0,
        189.0,
        190.0,
        191.0,
        192.0,
        193.0,
        194.0,
        195.0,
        196.0,
        197.0,
        198.0,
        199.0,
        200.0
    ],
    "vevDepthReal": [
        -817106.4460938566,
        -800839.0885152726,
        -784914.2442358524,
        -769324.0862758511,
        -754061.1771155538,
        -739118.5028623417,
        -724489.2258889175,
        -710167.1155406311,
        -696145.8531747075,
        -682419.9382175569,
        -668983.5756640998,
        -655831.6722054734,
        -642959.2086372244,
        -630361.3887797507,
        -618033.6806308434,
        -605971.7749512729,
        -594171.5631947505,
        -582629.1090848309,
        -571340.7515089572,
        -560302.8694597931,
        -549512.0943300308,
        -538965.2625189244,
        -528659.2623878346,
        -518591.2022964099,
        -508758.31607461115,
        -499157.97282202594,
        -489787.6727373089,
        -480645.0432403389,
        -471727.82917757577,
        -463033.89365528943,
        -454561.2079222933,
        -446307.850513808,
        -438272.0023454461,
        -430451.9414344989,
        -422846.0408402111,
        -415452.76355786965,
        -408270.65887475293,
        -401298.35587086284,
        -394534.58940618805,
        -387978.13745653396,
        -381627.8618402629,
        -375482.72074027004,
        -369541.70892863546,
        -363803.9110917365,
        -358268.46740427904,
        -352934.5841151644,
        -347801.5259587893,
        -342868.6125140202,
        -338135.24885091936,
        -333600.84305955644,
        -329264.9008283328,
        -325126.9229010325,
        -321186.60415980546,
        -317443.417317733,
        -313897.27901074634,
        -310547.7247100106,
        -307394.5991118483,
        -304437.71876640944,
        -301676.9461865318,
        -299112.16301284655,
        -296743.3379720107,
        -294570.3838262325,
        -292593.5666699769,
        -290812.6382221375,
        -289227.81298324675,
        -287839.20996440935,
        -286646.96299468895,
        -285651.17814709776,
        -284851.9870140304,
        -284249.62471660366,
        -283844.36411974055,
        -283636.49916202144,
        -283626.36787821056,
        -283814.3196645588,
        -284200.7406132201,
        -284786.04173726396,
        -285570.67130524555,
        -286555.09274729143,
        -287739.8049495188,
        -289125.3179330631,
        -290712.2250366154,
        -292501.06063478265,
        -294492.4448980015,
        -296686.9992332182,
        -299085.4085217653,
        -301688.33250668657,
        -304496.4871139745,
        -307510.6241169475,
        -310731.4975977609,
        -314159.9006184868,
        -317796.6808898187,
        -321642.6713025931,
        -325698.75364385627,
        -329965.8458758111,
        -334444.89168077987,
        -339136.86496131343,
        -344042.78776085906,
        -349163.69466327236,
        -354500.6768252305,
        -360054.8538179444,
        -365827.39102489577,
        -371819.4989793529,
        -378032.43349117565,
        -384467.50294862874,
        -391126.07273766334,
        -398009.5619912948,
        -405119.45444831636,
        -412457.388290507,
        -420024.9470510024,
        -427823.9050738185,
        -435856.1436105266
    ],
    "vevDepthImag": [
        0.0,
        0.0,
        0.0,
        0.0,
        0.0,
        0.0,
        0.0,
        0.0,
        0.0,
        0.0,
        0.0,
        0.0,
        0.0,
        0.0,
        0.0,
        0.0,
        0.0,
        0.0,
        0.0,
        0.0,
        0.0,
        0.0,
        0.0,
        0.0,
        0.0,
        0.0,
        0.0,
        0.0,
        0.0,
        0.0,
        0.0,
        0.0,
        0.0,
        0.0,
        0.0,
        0.0,
        0.0,
        0.0,
        0.0,
        0.0,
        0.0,
        0.0,
        0.0,
        0.0,
        0.0,
        0.0,
        0.0,
        0.0,
        0.0,
        0.0,
        0.0,
        0.0,
        0.0,
        0.0,
        0.0,
        0.0,
        0.0,
        0.0,
        0.0,
        0.0,
        0.0,
        0.0,
        0.0,
        0.0,
        0.0,
        0.0,
        0.0,
        0.0,
        0.0,
        0.0,
        0.0,
        0.0,
        0.0,
        0.0,
        0.0,
        0.0,
        0.0,
        0.0,
        0.0,
        0.0,
        0.0,
        0.0,
        0.0,
        0.0,
        0.0,
        0.0,
        0.0,
        0.0,
        0.0,
        0.0,
        0.0,
        0.0,
        0.0,
        0.0,
        0.0,
        0.0,
        0.0,
        0.0,
        0.0,
        0.0,
        0.0,
        0.0,
        0.0,
        0.0,
        0.0,
        0.0,
        0.0,
        0.0,
        0.0,
        0.0,
        0.0
    ],