{
    "T": [
        90.0,
        91.0,
        92.0,
        93.0,
        94.0,
        95.0,
        96.0,
        97.0,
        98.0,
        99.0,
        100.0,
        101.0,
        102.0,
        103.0,
        104.0,
        105.0,
        106.0,
        107.0,
        108.0,
        109.0,
        110.0,
        111.0,
        112.0,
        113.0,
        114.0,
        115.0,
        116.0,
        117.0,
        118.0,
        119.0,
        120.0,
        121.0,
        122.0,
        123.0,
        124.0,
        125.0,
        126.0,
        127.0,
        128.0,
        129.0,
        130.0,
        131.0,
        132.0,
        133.0,
        134.0,
        135.0,
        136.0,
        137.0,
        138.0,
        139.0,
        140.0,
        141.0,
        142.0,
        143.0,
        144.0,
        145.0,
        146.0,
        147.0,
        148.0,
        149.0,
        150.0,
        151.0,
        152.0,
        153.0,
        154.0,
        155.0,
        156.0,
        157.0,
        158.0,
        159.0,
        160.0,
        161.0,
        162.0,
        163.0,
        164.0,
        165.0,
        166.0,
        167.0,
        168.0,
        169.0,
        170.0,
        171.0,
        172.0,
        173.0,
        174.0,
        175.0,
        176.0,
        177.0,
        178.0,
        179.0,
        180.0,
        181.0,
        182.0,
        183.0,
        184.0,
        185.0,
        186.0,
        187.0,
        188.0,
        189.0,
        190.0,
        191.0,
        192.0,
        193.0,
        194.0,
        195.0,
        196.0,
        197.0,
        198.0,
        199.0,
        200.0
    ],
    "vevDepthReal": [
        -817104.1824783541,
        -800837.796348408,
        -784913.8919580311,
        -769324.6270902827,
        -754062.5479289282,
        -739120.5739959325,
        -724492.0440488956,
        -710170.4926567238,
        -696149.8233330656,
        -682424.3177943332,
        -668988.3665606005,
        -655836.7967761969,
        -642964.5438020292,
        -630366.8941486833,
        -618039.282018237,
        -605977.3139069669,
        -594177.1490753222,
        -582634.5780739457,
        -571346.0321849051,
        -560307.8925097054,
        -549516.8287334599,
        -538969.5669589385,
        -528663.1659559582,
        -518594.61252613727,
        -508761.184151197,
        -499160.24825213477,
        -489789.30045676976,
        -480645.9973936168,
        -471728.0702824465,
        -463033.3856873803,
        -454559.91980878095,
        -446305.77162275295,
        -438269.11015710863,
        -430448.1818184729,
        -422841.4962670543,
        -415447.3946920454,
        -408264.47361422604,
        -401291.3779366155,
        -394526.82618624583,
        -387969.6184961139,
        -381618.64320892526,
        -375472.8298050972,
        -369531.21236143087,
        -363792.867607549,
        -358256.9446857837,
        -352922.67247554974,
        -347789.2299350174,
        -342856.20251356054,
        -338122.7219717209,
        -333588.25954343565,
        -329252.562125348,
        -325114.93167595775,
        -321175.0320068137,
        -317432.5234257645,
        -313887.0266416075,
        -310538.51960190316,
        -307386.387639454,
        -304430.48040016205,
        -301670.6626573305,
        -299106.81214896357,
        -296738.8555191508,
        -294566.7730797616,
        -292590.55154007894,
        -290810.22130526416,
        -289225.8980388469,
        -287837.643550017,
        -286645.61766482354,
        -285649.9890763462,
        -284850.9649870354,
        -284248.77796219336,
        -283843.7061055942,
        -283636.03609524283,
        -283626.09828794096,
        -283814.24388020555,
        -284200.8737801509,
        -284786.38333511364,
        -285571.22662396583,
        -286555.8639693001,
        -287740.7970719437,
        -289126.5408748326,
        -290713.66338895034,
        -292502.7261405724,
        -294494.3312402196,
        -296689.1335404035,
        -299087.7660164808,
        -301690.9253691008,
        -304499.32015221176,
        -307513.6896219032,
        -310734.8039720345,
        -314163.4567317688,
        -317800.4719792439,
        -321646.6999414889,
        -325703.0279293539,
        -329970.36418921663,
        -334449.65723754035,
        -339141.8818249678,
        -344048.0501659312,
        -349169.2088758211,
        -354506.4418928574,
        -360060.8725847994,
        -365833.6617839931,
        -371826.0303400763,
        -378039.2241756009,
        -384474.55525163945,
        -391133.38855402544,
        -398017.1501262218,
        -405127.3287354018,
        -412465.5020140391,
        -420033.34704854165,
        -427832.58413983195,
        -435865.10044197954
    ],
    "vevDepthImag": [
        0.0,
        0.0,
        0.0,
        0.0,
        0.0,
        0.0,
        0.0,
        0.0,
        0.0,
        0.0,
        0.0,
        0.0,
        0.0,
        0.0,
        0.0,
        0.0,
        0.0,
        0.0,
        0.0,
        0.0,
        0.0,
        0.0,
        0.0,
        0.0,
        0.0,
        0.0,
        0.0,
        0.0,
        0.0,
        0.0,
        0.0,
        0.0,
        0.0,
        0.0,
        0.0,
        0.0,
        0.0,
        0.0,
        0.0,
        0.0,
        0.0,
        0.0,
        0.0,
        0.0,
        0.0,
        0.0,
        0.0,
        0.0,
        0.0,
        0.0,
        0.0,
        0.0,
        0.0,
        0.0,
        0.0,
        0.0,
        0.0,
        0.0,
        0.0,
        0.0,
        0.0,
        0.0,
        0.0,
        0.0,
        0.0,
        0.0,
        0.0,
        0.0,
        0.0,
        0.0,
        0.0,
        0.0,
        0.0,
        0.0,
        0.0,
        0.0,
        0.0,
        0.0,
        0.0,
        0.0,
        0.0,
        0.0,
        0.0,
        0.0,
        0.0,
        0.0,
        0.0,
        0.0,
        0.0,
        0.0,
        0.0,
        0.0,
        0.0,
        0.0,
        0.0,
        0.0,
        0.0,
        0.0,
        0.0,
        0.0,
        0.0,
        0.0,
        0.0,
        0.0,
        0.0,
        0.0,
        0.0,
        0.0,
        0.0,
        0.0,
        0.0
    ],