{
    "T": [
        100.0,
        102.0,
        104.0,
        106.0,
        108.0,
        110.0,
        112.0,
        114.0,
        116.0,
        118.0,
        120.0,
        122.0,
        124.0,
        126.0,
        128.0,
        130.0,
        132.0,
        134.0,
        136.0,
        138.0,
        140.0,
        142.0,
        144.0,
        146.0,
        148.0,
        150.0,
        152.0,
        154.0,
        156.0,
        158.0
    ],
    "vevDepthReal": [
        -614942.5154743332,
        -580365.5311943769,
        -547203.0762013361,
        -515446.42887440755,
        -485089.52497646667,
        -456128.75790013024,
        -428562.81910133106,
        -402392.5424133458,
        -377620.8083671032,
        -354252.4589356357,
        -332294.2250927079,
        -311754.70784711896,
        -292644.38599640003,
        -274975.6074341867,
        -258762.7050725591,
        -244022.0735624879,
        -230772.3450191362,
        -219034.74052139244,
        -208833.24792052258,
        -200195.38612981013,
        -193152.9583897313,
        -187743.46467294227,
        -184012.46274640964,
        -182018.19930261959,
        -181842.2194223134,
        -183624.48938639005,
        -187712.13008130877,
        -192591.18802685465,
        -197673.87680563828,
        -202956.21975916388
    ],
    "vevDepthImag": [
        -1.9460494842670406e-20,
        0.0,
        0.0,
        0.0,
        0.0,
        0.0,
        -8.607915941976992e-23,
        -3.437493766604873e-21,
        0.0,
        0.0,
        -1.766275662612277e-21,
        0.0,
        -9.752314464634514e-21,
        0.0,
        -1.547587944926925e-19,
        0.0,
        -7.567369411249729e-19,
        0.0,
        -1.300469669644346e-22,
        -1.9512056632612953e-22,
        0.0,
        0.0,
        0.0,
        -1.0450837891158641e-21,
        0.0,
        0.0,
        0.0,
        0.0,
        0.0,
        0.0
    ],
    "vevLocation": [
        [
            -0.00015292229498520965,
            9.557986675318153e-06,
            0.00021609800005761848,
            3.0237506076754954e-05,
            1.1621582852450185e-06,
            6.59507804978551e-05,
            -9.846032841875907e-06,
            -6.188156750033813e-05,
            0.0007321039308691869,
            6.297301343993755e-07,
            -4.363404137297522e-05,
            0.000988911455516505,
            -0.00010140745924005698,
            0.00039768429067577396,
            -0.0003995369141630775,
            0.0003276078426584214,
            -0.0008738084939577742,
            2.951168355629346e-05,
            -1.132952207114589e-05,
            -1.380156554712771e-05,
            0.0005100265943776272,
            0.0001463401721795046,
            6.812148270373547e-05,
            -3.1253299475839276e-05,
            0.00013036963208079566,
            0.00047212774385031915,
            2.8859729894747943e-07,
            1.4268918686566619e-06,
            1.4132279099999038e-06,
            1.41e-06
        ],
        [
            0.0001,
            0.0001,
            0.0001,
            0.0001,
            0.0001,
            0.0005587189799984046,
            0.0001,
            0.0001,
            0.0001,
            0.0001,
            0.0001,
            0.000550506947739413,
            0.0001,
            0.0001741102535394783,
            0.0001,
            0.0001,
            0.000832483266622239,
            0.00015156229448655824,
            0.0001,
            0.0001,
            0.0001,
            0.0001,
            0.0001,
            0.0001,
            0.0001981004474434382,
            0.0001,
            0.0001,
            0.0001,
            0.0001,
            0.0001
        ],
        [
            21.561374532836236,
            21.106943247849383,
            20.649756771563506,
            20.188834203017784,
            19.72341407773155,
            19.252425831756206,
            18.776224432410142,
            18.29275249583442,
            17.801078791644354,
            17.300192207376554,
            16.78850932884052,
            16.265521011897533,
            15.727984005114813,
            15.173971267870098,
            14.603354348621489,
            14.010586234504236,
            13.389900916549388,
            12.745351199596044,
            12.062813975457695,
            11.33596033521301,
            10.554942498523655,
            9.699905753088327,
            8.746351776587568,
            7.647824577866484,
            6.297440525999247,
            4.348068699378193,
            0.0001,
            0.0001,
            0.0001,
            0.0001
        ]
    ],
    "bIsPerturbative": [
        true,
        true,
        true,
        true,
        true,
        true,
        true,
        true,
        true,
        true,
        true,
        true,
        true,
        true,
        true,
        true,
        true,
        true,
        true,
        true,
        true,
        true,
        true,
        true,
        true,
        true,
        true,
        true,
        true,
        true
    ],
    "failureReason": false
}