{
    "T": [
        100.0,
        102.0,
        104.0,
        106.0,
        108.0,
        110.0,
        112.0,
        114.0,
        116.0,
        118.0,
        120.0,
        122.0,
        124.0,
        126.0,
        128.0,
        130.0,
        132.0,
        134.0,
        136.0,
        138.0,
        140.0,
        142.0,
        144.0,
        146.0,
        148.0,
        150.0,
        152.0,
        154.0,
        156.0,
        158.0,
        160.0,
        162.0,
        164.0
    ],
    "vevDepthReal": [
        -6434983.32888472,
        -6406078.304826439,
        -6378539.475341093,
        -6352345.152763117,
        -6327491.674534853,
        -6303973.2523859115,
        -6281778.909049326,
        -6260900.074220165,
        -6241330.424859398,
        -6223065.723051289,
        -6206103.696933741,
        -6190443.937785764,
        -6176087.815914071,
        -6163038.399612436,
        -6151300.438564925,
        -6140880.331890653,
        -6131786.134586868,
        -6124027.645403546,
        -6117616.406690719,
        -6112565.943205316,
        -6108891.933566155,
        -6106612.575105681,
        -6105749.107816777,
        -6106326.6912556905,
        -6108375.769616091,
        -6111934.717494662,
        -6117055.157863297,
        -6123815.75043347,
        -6132382.377434579,
        -6142945.752436608,
        -6153932.51981465,
        -6165198.721518093,
        -6176728.950292006
    ],
    "vevDepthImag": [
        0.0,
        0.0,
        0.0,
        0.0,
        0.0,
        0.0,
        0.0,
        0.0,
        0.0,
        0.0,
        0.0,
        0.0,
        0.0,
        0.0,
        0.0,
        0.0,
        0.0,
        0.0,
        0.0,
        0.0,
        0.0,
        0.0,
        0.0,
        0.0,
        0.0,
        0.0,
        0.0,
        0.0,
        0.0,
        0.0,
        0.0,
        0.0,
        0.0
    ],
    "vevLocation": [
        [
            6.944651990425064e-05,
            6.172489444689847e-05,
            5.125106178319151e-06,
            7.835931569672756e-06,
            1.171401053827204e-05,
            1.7714943664001297e-05,
            2.7175463058689994e-05,
            -0.00014574150341378406,
            -2.310273408700353e-05,
            9.979030262079457e-07,
            0.00016099122713383873,
            0.00018967554076645965,
            -1.2334491088930447e-05,
            2.6047558591278772e-05,
            -2.683783919688401e-05,
            2.7375413051137728e-05,
            -5.377018051900206e-05,
            -3.796350182396223e-05,
            -3.822109193297898e-05,
            1.0920199901044703e-05,
            1.023784985540047e-05,
            1.5647133583952596e-05,
            -0.00034347487038635313,
            -8.090656553935661e-06,
            -3.1940932888558336e-05,
            7.386364280059093e-07,
            -2.6353316566025455e-05,
            -3.0540041989105514e-05,
            9.979363798922518e-05,
            3.5949710703968296e-09,
            -2.8875692496821426e-09,
            0.0,
            0.0
        ],
        [
            0.0011170637340322553,
            0.0001,
            0.0001,
            0.0001,
            0.0001,
            0.0001,
            0.0001,
            0.0001,
            0.0001659860910753186,
            0.0001,
            0.0001,
            0.0001,
            0.0001,
            0.0001,
            0.0001,
            0.0001,
            0.0001,
            0.0001,
            0.0001,
            0.0001,
            0.0001,
            0.0001,
            0.0001,
            0.0001,
            0.0001,
            0.0001,
            0.0001,
            0.0001,
            0.0001,
            0.0001,
            0.0001,
            0.0001,
            0.0001
        ],
        [
            21.777759699870845,
            21.348638344950373,
            20.91983075113468,
            20.488656918528463,
            20.055065096591463,
            19.618531248739846,
            19.178415698337027,
            18.73430150405226,
            18.284068132331278,
            17.82868548818511,
            17.3663080928904,
            16.895516329425746,
            16.417138468335533,
            15.927395157736678,
            15.426319636417736,
            14.911871870656821,
            14.380568838688804,
            13.834976147980727,
            13.267720269400964,
            12.674511599548863,
            12.053533031139867,
            11.397939274958418,
            10.699212734159099,
            9.94488827352794,
            9.118393489930567,
            8.190422137941248,
            7.106528494162894,
            5.729514316976278,
            3.420208271921459,
            0.0001,
            0.0001,
            0.0001,
            0.0001
        ]
    ],
    "bIsPerturbative": [
        true,
        true,
        true,
        true,
        true,
        true,
        true,
        true,
        true,
        true,
        true,
        true,
        true,
        true,
        true,
        true,
        true,
        true,
        true,
        true,
        true,
        true,
        true,
        true,
        true,
        true,
        true,
        true,
        true,
        true,
        true,
        true,
        true
    ],
    "failureReason": false
}