{
    "T": [
        100.0,
        102.0,
        104.0,
        106.0,
        108.0,
        110.0,
        112.0,
        114.0,
        116.0,
        118.0,
        120.0,
        122.0,
        124.0,
        126.0,
        128.0,
        130.0,
        132.0,
        134.0,
        136.0,
        138.0,
        140.0,
        142.0,
        144.0,
        146.0,
        148.0,
        150.0,
        152.0,
        154.0,
        156.0,
        158.0,
        160.0,
        162.0,
        164.0
    ],
    "vevDepthReal": [
        -6434983.3288847115,
        -6406078.304826437,
        -6378539.47534109,
        -6352345.152763117,
        -6327491.6745348545,
        -6303973.252385914,
        -6281778.909049323,
        -6260900.074220165,
        -6241330.4248594,
        -6223065.723051285,
        -6206103.69693374,
        -6190443.93778576,
        -6176087.8159140665,
        -6163038.399612434,
        -6151300.438564924,
        -6140880.331890651,
        -6131786.134586865,
        -6124027.645403539,
        -6117616.406690718,
        -6112565.943205315,
        -6108891.93356615,
        -6106612.575105672,
        -6105749.107816806,
        -6106326.691255691,
        -6108375.76961609,
        -6111934.717494664,
        -6117055.157863296,
        -6123815.750433468,
        -6132382.377434572,
        -6142945.7524366,
        -6153932.519814645,
        -6165198.721518092,
        -6176728.950292003
    ],
    "vevDepthImag": [
        0.0,
        0.0,
        0.0,
        0.0,
        0.0,
        0.0,
        0.0,
        -2.399765472697268e-19,
        0.0,
        0.0,
        0.0,
        -4.0779272040140447e-19,
        0.0,
        -7.703486146452759e-21,
        0.0,
        -8.523737166537618e-21,
        0.0,
        0.0,
        0.0,
        -1.3612474913987004e-21,
        -1.19755712861498e-21,
        -2.7999888326168185e-21,
        -1.3504652079911568e-18,
        -7.500361658590182e-22,
        0.0,
        -6.2635617591051936e-24,
        0.0,
        0.0,
        -1.1467036684132737e-19,
        0.0,
        0.0,
        0.0,
        0.0
    ],
    "vevLocation": [
        [
            6.944651572436938e-05,
            6.17248916180888e-05,
            5.125106218369904e-06,
            7.835931435239737e-06,
            1.1714009067444458e-05,
            1.771494423318795e-05,
            2.7175464767392212e-05,
            -0.00014574150303349096,
            2.3102728045780452e-05,
            9.979104600551034e-07,
            0.00016099122823320933,
            -0.00018967552556327372,
            1.2334490999703915e-05,
            -2.604755897538688e-05,
            2.6837839894958745e-05,
            -2.7375413429013627e-05,
            5.377018006040243e-05,
            3.796349976180883e-05,
            3.8221092278361776e-05,
            -1.0920202458948407e-05,
            -1.0237847616397965e-05,
            -1.564713588898574e-05,
            -0.0003434728261356469,
            -8.090654379672504e-06,
            3.1940932690802245e-05,
            -7.386367511484637e-07,
            2.635332000865737e-05,
            3.054010260639551e-05,
            -9.979367484075049e-05,
            3.6056271145862295e-09,
            0.0,
            0.0,
            5.0494851023206185e-18
        ],
        [
            0.0011170637585685395,
            0.0001,
            0.0001,
            0.0001,
            0.0001,
            0.0001,
            0.0001,
            0.0001,
            0.00016598607973635613,
            0.0001,
            0.0001,
            0.0001,
            0.0001,
            0.0001,
            0.0001,
            0.0001,
            0.0001,
            0.0001,
            0.0001,
            0.0001,
            0.0001,
            0.0001,
            0.0001,
            0.0001,
            0.0001,
            0.0001,
            0.0001,
            0.0001,
            0.0001,
            0.0001,
            0.0001,
            0.0001,
            0.0001
        ],
        [
            21.777759699821004,
            21.348638344988267,
            20.919830751174405,
            20.488656918559347,
            20.055065096591893,
            19.618531248721172,
            19.178415698350996,
            18.73430150407647,
            18.284068132339364,
            17.828685488719426,
            17.36630809283907,
            16.895516328787323,
            16.417138468251117,
            15.927395157702984,
            15.426319636446072,
            14.911871870665351,
            14.38056883862664,
            13.83497614803077,
            13.267720269400387,
            12.674511599597352,
            12.053533031224488,
            11.397939275434025,
            10.699212750469215,
            9.944888273864072,
            9.118393489849113,
            8.190422137718164,
            7.106528493671185,
            5.729514317372136,
            3.420208270564601,
            0.0001,
            0.0001,
            0.0001,
            0.0001
        ]
    ],
    "bIsPerturbative": [
        true,
        true,
        true,
        true,
        true,
        true,
        true,
        true,
        true,
        true,
        true,
        true,
        true,
        true,
        true,
        true,
        true,
        true,
        true,
        true,
        true,
        true,
        true,
        true,
        true,
        true,
        true,
        true,
        true,
        true,
        true,
        true,
        true
    ],
    "failureReason": false
}