{
    "T": [
        100.0,
        102.0,
        104.0,
        106.0,
        108.0,
        110.0,
        112.0,
        114.0,
        116.0,
        118.0,
        120.0,
        122.0,
        124.0,
        126.0,
        128.0,
        130.0,
        132.0,
        134.0,
        136.0,
        138.0,
        140.0,
        142.0,
        144.0,
        146.0,
        148.0,
        150.0,
        152.0,
        154.0,
        156.0,
        158.0
    ],
    "vevDepthReal": [
        -634476.7863076103,
        -599993.2455050026,
        -566927.6406876316,
        -535271.3908129977,
        -505018.4894098309,
        -476165.4446956379,
        -448711.039606473,
        -422656.2120794449,
        -398003.93626863195,
        -374759.14130868413,
        -352928.65577855904,
        -332521.1723488791,
        -313547.2373564516,
        -296019.2931063572,
        -279951.73566625617,
        -265361.0297051382,
        -252265.88106820322,
        -240687.49231684324,
        -230649.93975660185,
        -222180.72173045378,
        -215311.61324957924,
        -210080.04234555925,
        -206531.40601814387,
        -204723.6579792035,
        -204737.74636653415,
        -206712.02740807744,
        -210991.0614649351,
        -216072.26096450692,
        -221357.725349242,
        -226843.83978870063
    ],
    "vevDepthImag": [
        -5.917532415864114e-23,
        0.0,
        -1.45508209791372e-18,
        -1.186070291202778e-21,
        -3.2994633410672267e-20,
        0.0,
        0.0,
        0.0,
        0.0,
        0.0,
        -6.004599651052061e-19,
        0.0,
        -3.146444628169295e-25,
        -4.473252526882002e-21,
        -6.642867744291329e-21,
        0.0,
        0.0,
        -1.824031217785639e-19,
        0.0,
        0.0,
        -1.4757925675429612e-19,
        0.0,
        0.0,
        0.0,
        -3.214542368252269e-20,
        -4.7325541518779095e-20,
        0.0,
        0.0,
        0.0,
        0.0
    ],
    "vevLocation": [
        [
            -7.947247078365915e-06,
            9.81360696042377e-06,
            -0.0012347645111215194,
            -3.508980177373104e-05,
            -0.00018421487087770354,
            3.139129411069974e-05,
            0.0003142216403497697,
            0.0002738789295849142,
            3.5759829253856346e-06,
            0.0005878389188178762,
            -0.0007639835985751818,
            2.233548251648343e-05,
            -5.47812373648867e-07,
            -6.500850165203943e-05,
            -7.884455082512315e-05,
            4.7447494468472184e-05,
            6.582125137710726e-07,
            -0.00040730279836814764,
            8.470570377505648e-06,
            0.0004640176608468466,
            -0.00036119848522421505,
            1.2703310015342584e-05,
            0.0002887354791331039,
            5.676096288539543e-05,
            -0.0001654734604292136,
            -0.0001998944897898321,
            3.2350311715848446e-05,
            1.35898887874588e-06,
            1.2001773724082399e-06,
            1.2e-06
        ],
        [
            0.0001,
            0.00015971545283333718,
            0.0015711647207844225,
            0.0001,
            0.0001,
            0.0001,
            0.0001,
            0.0001,
            0.0001,
            0.0001,
            0.0001,
            0.0001,
            0.0001,
            0.0001,
            0.0001,
            0.0001,
            0.0001,
            0.0001,
            0.0001,
            0.0001,
            0.0001,
            0.0001,
            0.0001,
            0.0001,
            0.0001,
            0.0001,
            0.0001,
            0.0001,
            0.0001,
            0.0001
        ],
        [
            21.558983223162254,
            21.104243370199764,
            20.64739220397022,
            20.185782708400417,
            19.720235853203068,
            19.249384870838064,
            18.77208819394117,
            18.28873955071979,
            17.796630281085584,
            17.295637749337487,
            16.78377305950595,
            16.259903190212604,
            15.722282134763532,
            15.16869203104744,
            14.596800466804599,
            14.003862460604157,
            13.385815630065135,
            12.738093739667807,
            12.054916953168066,
            11.328084646279969,
            10.547886529978944,
            9.692212093821224,
            8.739346300348783,
            7.6412653548584375,
            6.291832004935817,
            4.347779438044573,
            0.0001,
            0.0001,
            0.0001,
            0.0001
        ]
    ],
    "bIsPerturbative": [
        true,
        true,
        true,
        true,
        true,
        true,
        true,
        true,
        true,
        true,
        true,
        true,
        true,
        true,
        true,
        true,
        true,
        true,
        true,
        true,
        true,
        true,
        true,
        true,
        true,
        true,
        true,
        true,
        true,
        true
    ],
    "failureReason": false
}