{
    "T": [
        100.0,
        102.0,
        104.0,
        106.0,
        108.0,
        110.0,
        112.0,
        114.0,
        116.0,
        118.0,
        120.0,
        122.0,
        124.0,
        126.0,
        128.0,
        130.0,
        132.0,
        134.0,
        136.0,
        138.0,
        140.0,
        142.0,
        144.0,
        146.0,
        148.0,
        150.0,
        152.0,
        154.0,
        156.0,
        158.0
    ],
    "vevDepthReal": [
        -634476.7863076106,
        -599993.245646781,
        -566927.6406876197,
        -535271.3908129978,
        -505018.4815947385,
        -476165.44469563814,
        -448711.0352742222,
        -422656.21207944496,
        -398003.93626863195,
        -374759.1413086892,
        -352928.65577855887,
        -332521.17234887904,
        -313547.2373564516,
        -296019.2931063572,
        -279951.735666256,
        -265361.0297051383,
        -252265.88106820337,
        -240687.49283972656,
        -230649.93975168397,
        -222180.72220538612,
        -215311.61324957918,
        -210080.04234555847,
        -206531.40606837894,
        -204723.6579792035,
        -204737.74636654745,
        -206712.02740807756,
        -210991.0614687051,
        -216072.26096450698,
        -221357.72534924207,
        -226843.8397887009
    ],
    "vevDepthImag": [
        0.0,
        0.0,
        0.0,
        0.0,
        0.0,
        0.0,
        0.0,
        0.0,
        0.0,
        0.0,
        0.0,
        0.0,
        0.0,
        0.0,
        0.0,
        0.0,
        0.0,
        0.0,
        0.0,
        0.0,
        0.0,
        0.0,
        0.0,
        0.0,
        0.0,
        0.0,
        0.0,
        0.0,
        0.0,
        0.0
    ],
    "vevLocation": [
        [
            -7.94723578279033e-06,
            -3.7433169699646607e-06,
            -0.0012347666387140452,
            -3.508979952572197e-05,
            0.0013335491346514008,
            3.139124423462425e-05,
            0.0005280512270324049,
            0.0002738789153206578,
            3.5759854510875044e-06,
            0.0005878384820464169,
            -0.0007639835975337336,
            2.2335473424783814e-05,
            -5.478098458397418e-07,
            -6.500849980596406e-05,
            -7.884455150744887e-05,
            4.744749400648063e-05,
            6.582112339129087e-07,
            0.00015989520999641973,
            4.127945082678993e-05,
            9.30976031564279e-07,
            -0.000361198486048514,
            1.2708420784220131e-05,
            0.0001158835437849795,
            5.676096399699019e-05,
            -0.0001654659810039448,
            -0.00019989449004868863,
            -5.844279513377796e-06,
            1.3466037796255883e-06,
            1.35e-06,
            1.35e-06
        ],
        [
            0.0001,
            0.0001,
            0.001571164298011235,
            0.0001,
            0.0001,
            0.0001,
            0.0008642046734031079,
            0.0001,
            0.0001,
            0.0001,
            0.0001,
            0.0001,
            0.0001,
            0.0001,
            0.0001,
            0.0001,
            0.0001,
            0.0001,
            0.0001,
            0.0001,
            0.0001,
            0.0001,
            0.0001,
            0.0001,
            0.0001,
            0.0001,
            0.0001,
            0.0001,
            0.0001,
            0.0001
        ],
        [
            21.558983223164272,
            21.10438558019638,
            20.647392203743838,
            20.18578270840096,
            19.71932867467248,
            19.249384870840526,
            18.773185329293298,
            18.288739550711906,
            17.796630282257677,
            17.295637746338887,
            16.783773059505016,
            16.259903190255915,
            15.722282134769562,
            15.168692031050496,
            14.59680046680508,
            14.003862460596721,
            13.385815630061467,
            12.7382751145692,
            12.054925027130452,
            11.32847864298879,
            10.547886529982845,
            9.692212106749563,
            8.7405483096884,
            7.641265354866268,
            6.291832016143131,
            4.347779437991373,
            0.0001,
            0.0001,
            0.0001,
            0.0001
        ]
    ],
    "bIsPerturbative": [
        true,
        true,
        true,
        true,
        true,
        true,
        true,
        true,
        true,
        true,
        true,
        true,
        true,
        true,
        true,
        true,
        true,
        true,
        true,
        true,
        true,
        true,
        true,
        true,
        true,
        true,
        true,
        true,
        true,
        true
    ],
    "failureReason": false
}