{
    "T": [
        100.0,
        102.0,
        104.0,
        106.0,
        108.0,
        110.0,
        112.0,
        114.0,
        116.0,
        118.0,
        120.0,
        122.0,
        124.0,
        126.0,
        128.0,
        130.0,
        132.0,
        134.0,
        136.0,
        138.0,
        140.0,
        142.0,
        144.0,
        146.0,
        148.0,
        150.0,
        152.0,
        154.0,
        156.0,
        158.0
    ],
    "vevDepthReal": [
        -729371.7115589409,
        -695321.424084758,
        -662696.3088836294,
        -631487.3091525084,
        -601687.9779062547,
        -573294.2796317132,
        -546304.4345464006,
        -520718.76525669044,
        -496539.6061613481,
        -473771.20272661716,
        -452419.66205634456,
        -432492.9154228654,
        -414000.7114967952,
        -396954.6402238352,
        -381368.1898928954,
        -367256.84714936273,
        -354638.25294453796,
        -343532.4267336164,
        -333962.09901029896,
        -325953.2132623658,
        -319535.64286233817,
        -314744.39377910213,
        -311621.58849586325,
        -310220.21356775396,
        -310612.365202044,
        -312913.6791460642,
        -317468.0655327769,
        -323209.7332691138,
        -329158.4736666191,
        -335311.1527278267
    ],
    "vevDepthImag": [
        0.0,
        -8.72687875620641e-22,
        -5.050508352360605e-25,
        -5.2137287049195836e-20,
        0.0,
        0.0,
        -3.3504359142419904e-22,
        -1.0087973161562374e-20,
        0.0,
        0.0,
        0.0,
        0.0,
        0.0,
        0.0,
        0.0,
        0.0,
        0.0,
        0.0,
        -3.2098111041311757e-19,
        -1.0726018594497677e-21,
        -2.5698376407525862e-20,
        -1.5201347360134727e-21,
        -1.1507932556411213e-22,
        -2.148426924958852e-19,
        0.0,
        0.0,
        0.0,
        0.0,
        0.0,
        0.0
    ],
    "vevLocation": [
        [
            0.0005467900352728039,
            -2.4685638009957784e-05,
            -5.925560946158821e-07,
            -0.00018997044322954099,
            9.708025036189033e-05,
            0.0004065636450179197,
            -1.5129892935662054e-05,
            -8.284272561392492e-05,
            0.00013719257477324068,
            7.516792448848805e-05,
            0.00011519804615367935,
            3.874959316505638e-06,
            2.0560083285235675e-05,
            5.259749177727313e-07,
            1.74416091747176e-05,
            4.3079568102072016e-05,
            6.175274083610426e-05,
            1.1916373033438177e-05,
            -0.00045684177747990634,
            -2.6358201356259988e-05,
            -0.0001287777813909867,
            -3.1263931243988297e-05,
            -8.587093164369453e-06,
            -0.00037041888402918575,
            4.35486993117986e-05,
            9.193169934337223e-07,
            1.8396062053313827e-06,
            1.84e-06,
            1.84e-06,
            1.84e-06
        ],
        [
            0.0001,
            0.0001,
            0.0001,
            0.0001,
            0.0001,
            0.0001,
            0.0001,
            0.0001,
            0.0001,
            0.0001,
            0.0001,
            0.0001,
            0.0001,
            0.0001,
            0.0001,
            0.0001,
            0.0001,
            0.0001,
            0.0001,
            0.0001,
            0.0001,
            0.0001,
            0.0001,
            0.0002073201449804889,
            0.0001,
            0.0001,
            0.0001,
            0.0001,
            0.0001,
            0.0001
        ],
        [
            21.556795122342102,
            21.103081175199744,
            20.64620987933789,
            20.18601651476175,
            19.721073622904683,
            19.25113039806914,
            18.776069258886434,
            18.293187975343447,
            17.803534852584935,
            17.304305137027328,
            16.794902996302216,
            16.273835806542355,
            15.739673954760178,
            15.189700046624116,
            14.62216611447935,
            14.034547290572073,
            13.421755525940092,
            12.781461982326201,
            12.106002142005599,
            11.390919410446859,
            10.622493809521144,
            9.787131304998168,
            8.860081970614274,
            7.800539460473557,
            6.524434311298746,
            4.777668854961047,
            0.0001,
            0.0001,
            0.0001,
            0.0001
        ]
    ],
    "bIsPerturbative": [
        true,
        true,
        true,
        true,
        true,
        true,
        true,
        true,
        true,
        true,
        true,
        true,
        true,
        true,
        true,
        true,
        true,
        true,
        true,
        true,
        true,
        true,
        true,
        true,
        true,
        true,
        true,
        true,
        true,
        true
    ],
    "failureReason": false
}