{
    "T": [
        100.0,
        102.0,
        104.0,
        106.0,
        108.0,
        110.0,
        112.0,
        114.0,
        116.0,
        118.0,
        120.0,
        122.0,
        124.0,
        126.0,
        128.0,
        130.0,
        132.0,
        134.0,
        136.0,
        138.0,
        140.0,
        142.0,
        144.0,
        146.0,
        148.0,
        150.0,
        152.0,
        154.0,
        156.0,
        158.0
    ],
    "vevDepthReal": [
        -729371.7115589414,
        -695321.4240847565,
        -662696.3088836296,
        -631487.3091524726,
        -601687.9779067656,
        -573294.27962939,
        -546304.4345464004,
        -520718.7652566911,
        -496539.60625553067,
        -473771.2027266176,
        -452419.66205634497,
        -432492.91487513605,
        -414000.71149679535,
        -396954.6402238378,
        -381368.189894038,
        -367256.8471493626,
        -354638.25294454244,
        -343532.426733617,
        -333962.09901037,
        -325953.2132623665,
        -319535.6429470903,
        -314744.39377910283,
        -311621.5884958632,
        -310220.21356775396,
        -310612.3651643595,
        -312913.6730182753,
        -317468.06553277717,
        -323209.733269114,
        -329158.47366661916,
        -335311.15272782696
    ],
    "vevDepthImag": [
        0.0,
        0.0,
        0.0,
        0.0,
        0.0,
        0.0,
        0.0,
        0.0,
        0.0,
        0.0,
        0.0,
        0.0,
        0.0,
        0.0,
        0.0,
        0.0,
        0.0,
        0.0,
        0.0,
        0.0,
        0.0,
        0.0,
        0.0,
        0.0,
        0.0,
        0.0,
        0.0,
        0.0,
        0.0,
        0.0
    ],
    "vevLocation": [
        [
            0.0005467900326990849,
            -2.4683426924639257e-05,
            -5.925579691034265e-07,
            -0.0001899876437789147,
            9.691834413165339e-05,
            0.00040709337733645795,
            -1.5130392452759878e-05,
            -8.284274556590726e-05,
            -4.324183492082634e-06,
            7.516792301924665e-05,
            0.00011519804661330128,
            0.00014444817889408762,
            2.056008915326743e-05,
            7.027632074191326e-07,
            7.755413602955619e-06,
            4.307954061055948e-05,
            6.175105219160225e-05,
            1.1915300965517628e-05,
            -0.0004568447896275002,
            -2.635801017732641e-05,
            2.0504784512852432e-05,
            -3.1264148711629414e-05,
            -8.587078209443266e-06,
            -0.0003704188839593371,
            4.351486749295738e-05,
            6.105461763280021e-05,
            1.839586091524929e-06,
            1.84e-06,
            1.84e-06,
            1.84e-06
        ],
        [
            0.0001,
            0.0001,
            0.0001,
            0.0001,
            0.0001,
            0.0001,
            0.0001,
            0.0001,
            0.0001,
            0.0001,
            0.0001,
            0.00032679202514301355,
            0.0001,
            0.0001,
            0.0001,
            0.0001,
            0.0001,
            0.0001,
            0.0001,
            0.0001,
            0.0001,
            0.0001,
            0.0001,
            0.00020732014745115774,
            0.0001,
            0.0001,
            0.0001,
            0.0001,
            0.0001,
            0.0001
        ],
        [
            21.55679512235959,
            21.103081158990438,
            20.646209879335558,
            20.186016516489993,
            19.721073944524168,
            19.251130356853697,
            18.776069259608704,
            18.293187975429483,
            17.80354562369219,
            17.304305137025736,
            16.79490299630655,
            16.27397064507721,
            15.739673954751337,
            15.189700170340986,
            14.622165659044727,
            14.034547290725813,
            13.421755528851506,
            12.781461984077696,
            12.106002170183109,
            11.390919409210069,
            10.622447524729038,
            9.787131302957276,
            8.860081970626357,
            7.800539460460916,
            6.524458071042616,
            4.772192308336434,
            0.0001,
            0.0001,
            0.0001,
            0.0001
        ]
    ],
    "bIsPerturbative": [
        true,
        true,
        true,
        true,
        true,
        true,
        true,
        true,
        true,
        true,
        true,
        true,
        true,
        true,
        true,
        true,
        true,
        true,
        true,
        true,
        true,
        true,
        true,
        true,
        true,
        true,
        true,
        true,
        true,
        true
    ],
    "failureReason": false
}