{
    "T": [
        100.0,
        102.0,
        104.0,
        106.0,
        108.0,
        110.0,
        112.0,
        114.0,
        116.0,
        118.0,
        120.0,
        122.0,
        124.0,
        126.0,
        128.0,
        130.0,
        132.0,
        134.0,
        136.0
    ],
    "vevDepthReal": [
        -478618.0641433443,
        -440471.76723428257,
        -404084.273260006,
        -369488.84521381627,
        -336726.7030227912,
        -305847.90533645474,
        -276912.6687914921,
        -249993.25030374376,
        -225176.55812664633,
        -202568.25506571739,
        -182299.0328680278,
        -164539.18929686467,
        -149509.99044277938,
        -137521.4418461105,
        -129073.86784420436,
        -126482.0492691087,
        -135778.89602394617,
        -145507.77442621902,
        -155673.19467379237
    ],
    "vevDepthImag": [
        0.0,
        0.0,
        0.0,
        -8.005049905227752e-19,
        0.0,
        0.0,
        -2.1834581094154737e-18,
        0.0,
        -9.816231996825064e-19,
        0.0,
        -1.8784507108803457e-19,
        0.0,
        -1.6417822136456912e-19,
        -1.4531737841540133e-18,
        -4.662057854849342e-20,
        0.0,
        0.0,
        0.0,
        0.0
    ],
    "vevLocation": [
        [
            9.80207341264418e-06,
            2.390455683739818e-05,
            1.7346627646839564e-05,
            -0.0005702241492481219,
            0.00013286263370040907,
            0.00011955862250367238,
            -0.0009709744644877455,
            4.876634026636413e-05,
            -0.000669457528030673,
            2.351182270757257e-05,
            -0.0003039844952809666,
            0.0006630912320120252,
            -0.0002998237978164651,
            -0.000926419095608989,
            -0.0001751373804213703,
            0.00010718503923409783,
            5.414603240784521e-05,
            5.415e-05,
            5.415e-05
        ],
        [
            0.0001,
            0.0001,
            0.0001,
            0.0001,
            0.0001,
            0.00030692799557040934,
            0.0003958075259400534,
            0.0001,
            0.0001,
            0.0001,
            0.0001,
            0.0001,
            0.0001,
            0.0001,
            0.0001,
            0.0001,
            0.0001,
            0.0001,
            0.0001
        ],
        [
            21.806845685355473,
            21.32482599931896,
            20.832016747235734,
            20.326554497361276,
            19.804391762364983,
            19.26447484522852,
            18.701270637898887,
            18.11066135576454,
            17.48571462387324,
            16.816967064456747,
            16.09317376231507,
            15.290462391171884,
            14.381707495094016,
            13.30323503911887,
            11.893841789828777,
            0.0014393874397757023,
            0.0001,
            0.0001,
            0.0001
        ]
    ],
    "bIsPerturbative": [
        true,
        true,
        true,
        true,
        true,
        true,
        true,
        true,
        true,
        true,
        true,
        true,
        true,
        true,
        true,
        true,
        true,
        true,
        true
    ],
    "failureReason": false
}