{
    "T": [
        100.0,
        102.0,
        104.0,
        106.0,
        108.0,
        110.0,
        112.0,
        114.0,
        116.0,
        118.0,
        120.0,
        122.0,
        124.0,
        126.0,
        128.0,
        130.0,
        132.0,
        134.0,
        136.0
    ],
    "vevDepthReal": [
        -478618.16081469273,
        -440471.83762674,
        -404084.35579213174,
        -369488.9043116785,
        -336726.8114935339,
        -305847.97146622033,
        -276912.83444304846,
        -249993.3114926779,
        -225176.5837617229,
        -202568.33083754778,
        -182299.14912836708,
        -164539.191946432,
        -149510.02773300628,
        -137521.4879664441,
        -129073.86415368761,
        -126482.04930659538,
        -135778.89874840586,
        -145507.77511787516,
        -155673.19643612413
    ],
    "vevDepthImag": [
        0.0,
        0.0,
        0.0,
        0.0,
        0.0,
        0.0,
        0.0,
        0.0,
        0.0,
        0.0,
        0.0,
        0.0,
        0.0,
        0.0,
        0.0,
        0.0,
        0.0,
        0.0,
        0.0
    ],
    "vevLocation": [
        [
            0.003119848861134644,
            0.0013068838748825683,
            0.0008243592341314176,
            1.76996956982034e-05,
            0.0016714034128546638,
            -1.467807612100594e-05,
            -0.0008878797872498012,
            0.0006346940635774071,
            0.001474365184214864,
            0.000619573754271149,
            0.00035070224426520837,
            0.00014516996515171084,
            0.00012563324790013097,
            -0.001472763893367257,
            0.0001804104894630315,
            0.00013223252198770255,
            0.00013223,
            0.00013223,
            5.1713890406365065e-06
        ],
        [
            0.0001,
            0.0026276237473031785,
            0.0012891945345042148,
            0.0001,
            0.0001,
            0.0001,
            0.0001,
            0.000424188944115873,
            0.0001,
            0.0001,
            0.0001,
            0.0001,
            0.0001,
            0.0001,
            0.0001,
            0.0002466536565866774,
            0.00024665,
            0.00024665,
            0.0001
        ],
        [
            21.80642946741947,
            21.326186175122636,
            20.831980206547403,
            20.325921847741697,
            19.803484557177182,
            19.266702887754978,
            18.700522339321015,
            18.10924214453636,
            17.482105554094915,
            16.81617975356011,
            16.091473168336517,
            15.294438476671216,
            14.385711094201195,
            13.300766114580435,
            11.894435913240251,
            0.002052302611158119,
            0.000588075,
            0.00095414,
            0.0001
        ]
    ],
    "bIsPerturbative": [
        true,
        true,
        true,
        true,
        true,
        true,
        true,
        true,
        true,
        true,
        true,
        true,
        true,
        true,
        true,
        true,
        true,
        true,
        true
    ],
    "failureReason": false
}