{
    "T": [
        100.0,
        102.0,
        104.0,
        106.0,
        108.0,
        110.0,
        112.0,
        114.0,
        116.0,
        118.0,
        120.0,
        122.0,
        124.0,
        126.0,
        128.0,
        130.0,
        132.0,
        134.0,
        136.0
    ],
    "vevDepthReal": [
        -478618.0641422338,
        -440471.7672342798,
        -404084.27326000447,
        -369488.84441376966,
        -336726.70362748613,
        -305847.90595068084,
        -276912.62730500044,
        -249993.25026259758,
        -225176.5579563995,
        -202568.25508506224,
        -182299.02332332102,
        -164539.18929696968,
        -149509.99042342335,
        -137521.42512811406,
        -129073.86784406874,
        -126482.04926924541,
        -135778.89602402455,
        -145507.7744262623,
        -155673.19467379965
    ],
    "vevDepthImag": [
        0.0,
        0.0,
        0.0,
        0.0,
        0.0,
        -2.2048877249345977e-22,
        0.0,
        0.0,
        -5.592706651309932e-19,
        0.0,
        0.0,
        0.0,
        0.0,
        0.0,
        -4.662768838050494e-20,
        0.0,
        0.0,
        0.0,
        0.0
    ],
    "vevLocation": [
        [
            2.556605321833716e-05,
            2.391172611569594e-05,
            1.7346631952105344e-05,
            0.00023980288950395867,
            7.341663159874789e-06,
            -9.646104189638127e-06,
            0.0004648009307270653,
            6.569214372703549e-05,
            -0.0005053032824045844,
            3.753815511749886e-05,
            0.0005180410555686021,
            0.0006630820916865149,
            3.3984241893119174e-05,
            0.0010204076562541423,
            -0.00017515073488776067,
            0.00010724954670460196,
            6.25333526314692e-05,
            6.253e-05,
            6.253e-05
        ],
        [
            0.0001,
            0.0001,
            0.0001,
            0.0001,
            0.0001,
            0.0001,
            0.0007519630311620534,
            0.0001,
            0.0001,
            0.0001,
            0.0001,
            0.0001,
            0.00028247074400130945,
            0.0001,
            0.0001,
            0.0001,
            0.0001,
            0.0001,
            0.0001
        ],
        [
            21.806847687707474,
            21.324826002181627,
            20.83201674724064,
            20.325279421327465,
            19.80474242263226,
            19.264483274697156,
            18.705147465818886,
            18.11057070420584,
            17.486216842566673,
            16.81681218745543,
            16.094274899934735,
            15.290462407243172,
            14.381560420432054,
            13.305765580418349,
            11.893841743512306,
            0.001439032654665255,
            0.0001,
            0.0001,
            0.0001
        ]
    ],
    "bIsPerturbative": [
        true,
        true,
        true,
        true,
        true,
        true,
        true,
        true,
        true,
        true,
        true,
        true,
        true,
        true,
        true,
        true,
        true,
        true,
        true
    ],
    "failureReason": false
}