{
    "T": [
        100.0,
        102.0,
        104.0,
        106.0,
        108.0,
        110.0,
        112.0,
        114.0,
        116.0,
        118.0,
        120.0,
        122.0,
        124.0,
        126.0,
        128.0,
        130.0,
        132.0,
        134.0,
        136.0,
        138.0,
        140.0,
        142.0,
        144.0,
        146.0,
        148.0,
        150.0,
        152.0,
        154.0,
        156.0,
        158.0,
        160.0,
        162.0,
        164.0
    ],
    "vevDepthReal": [
        -6434983.3288847115,
        -6406078.304826437,
        -6378539.475341088,
        -6352345.152763114,
        -6327491.674534857,
        -6303973.252385901,
        -6281778.909049316,
        -6260900.074220162,
        -6241330.424859398,
        -6223065.723051284,
        -6206103.696933739,
        -6190443.937785764,
        -6176087.815914067,
        -6163038.3996124305,
        -6151300.438564921,
        -6140880.331890654,
        -6131786.134586862,
        -6124027.645403546,
        -6117616.406690719,
        -6112565.943205315,
        -6108891.933566148,
        -6106612.575105673,
        -6105749.107816115,
        -6106326.691255678,
        -6108375.769616089,
        -6111934.71749466,
        -6117055.15786329,
        -6123815.750433471,
        -6132382.377434576,
        -6142945.7524366,
        -6153932.519814647,
        -6165198.721518092,
        -6176728.950292001
    ],
    "vevDepthImag": [
        0.0,
        0.0,
        0.0,
        0.0,
        0.0,
        0.0,
        0.0,
        -2.3997654733501476e-19,
        -6.034976006318957e-21,
        0.0,
        0.0,
        -4.0779282429493053e-19,
        0.0,
        -7.703485884286826e-21,
        0.0,
        -8.523737083431808e-21,
        0.0,
        0.0,
        0.0,
        -1.361246975815975e-21,
        -1.1975574129196603e-21,
        -2.799988444379174e-21,
        -1.350838178881025e-18,
        -7.45754692364611e-22,
        0.0,
        -6.263567900351148e-24,
        0.0,
        -1.0729172014895538e-20,
        -1.1467023276338292e-19,
        -1.494213194510372e-28,
        0.0,
        0.0,
        0.0
    ],
    "vevLocation": [
        [
            6.944651882880687e-05,
            6.172489375737061e-05,
            5.125107589450155e-06,
            7.835932760883921e-06,
            1.1714009632363066e-05,
            1.7714944426180788e-05,
            2.7175464997884486e-05,
            -0.00014574150305331614,
            -2.3102738673251577e-05,
            9.979211531633945e-07,
            0.00016099124720339586,
            -0.00018967554972511985,
            1.2334490684690654e-05,
            -2.6047558532160046e-05,
            2.683783963366602e-05,
            -2.7375413295559507e-05,
            5.377017949677169e-05,
            3.796350125445517e-05,
            3.822108919514884e-05,
            -1.0920200390893858e-05,
            -1.0237848831650155e-05,
            -1.5647134804194575e-05,
            -0.00034352025295378286,
            -8.06752916269549e-06,
            3.1940931641104156e-05,
            -7.386371132546421e-07,
            2.6353323516136643e-05,
            -3.05403832267231e-05,
            -9.979361649901757e-05,
            -3.600468651086125e-09,
            0.0,
            0.0,
            0.0
        ],
        [
            0.0011170637331604756,
            0.0001,
            0.0001,
            0.0001,
            0.0001,
            0.0001,
            0.0001,
            0.0001,
            0.00016598609713041294,
            0.0001,
            0.0001,
            0.0001,
            0.0001,
            0.0001,
            0.0001,
            0.0001,
            0.0001,
            0.0001,
            0.0001,
            0.0001,
            0.0001,
            0.0001,
            0.0001,
            0.0001,
            0.0001,
            0.0001,
            0.0001,
            0.0001,
            0.0001,
            0.0001,
            0.0001,
            0.0001,
            0.0001
        ],
        [
            21.77775969985958,
            21.34863834491346,
            20.919830751172558,
            20.48865691852758,
            20.055065096591278,
            19.618531248761045,
            19.178415698368457,
            18.73430150407842,
            18.284068132341293,
            17.82868548897396,
            17.366308092875617,
            16.895516329876134,
            16.417138468365327,
            15.927395157734662,
            15.426319636468305,
            14.911871870650868,
            14.380568838685656,
            13.834976147991329,
            13.267720269406652,
            12.674511599492194,
            12.053533031225228,
            11.3979392751053,
            10.699212373728427,
            9.944888320192304,
            9.118393490000642,
            8.190422137851815,
            7.106528493124215,
            5.729514319415641,
            3.4202082740016424,
            0.0001,
            0.0001,
            0.0001,
            0.0001
        ]
    ],
    "bIsPerturbative": [
        true,
        true,
        true,
        true,
        true,
        true,
        true,
        true,
        true,
        true,
        true,
        true,
        true,
        true,
        true,
        true,
        true,
        true,
        true,
        true,
        true,
        true,
        true,
        true,
        true,
        true,
        true,
        true,
        true,
        true,
        true,
        true,
        true
    ],
    "failureReason": false
}