{
    "T": [
        100.0,
        102.0,
        104.0,
        106.0,
        108.0,
        110.0,
        112.0,
        114.0,
        116.0,
        118.0,
        120.0,
        122.0,
        124.0,
        126.0,
        128.0,
        130.0,
        132.0,
        134.0,
        136.0,
        138.0,
        140.0,
        142.0,
        144.0,
        146.0,
        148.0,
        150.0,
        152.0,
        154.0,
        156.0,
        158.0
    ],
    "vevDepthReal": [
        -614883.1341685939,
        -580299.4064412096,
        -547132.4746761357,
        -515373.47877489054,
        -485016.2306006081,
        -456056.9494466795,
        -428494.11537503055,
        -402328.33897408866,
        -377562.25296157156,
        -354200.4351415745,
        -332249.35716352024,
        -311717.35657648905,
        -292614.6401312967,
        -274953.31431332114,
        -258747.48709818325,
        -244013.3355938811,
        -230769.32019766606,
        -219036.4540144726,
        -208838.6664616889,
        -200203.37825141536,
        -193162.3712225695,
        -187753.1505412131,
        -184021.3550567383,
        -182025.35325897916,
        -181846.86448643234,
        -183626.0131865338,
        -187710.8856483338,
        -192589.93612685613,
        -197672.78302859887,
        -202955.49191907732
    ],
    "vevDepthImag": [
        -7.0404969493332065e-22,
        0.0,
        -7.567475359123149e-20,
        0.0,
        0.0,
        -2.88689246151101e-24,
        -4.7849587479018297e-20,
        0.0,
        0.0,
        -4.071718121297362e-22,
        0.0,
        0.0,
        0.0,
        0.0,
        -1.7283395705853792e-19,
        -1.203407369258575e-21,
        0.0,
        0.0,
        0.0,
        0.0,
        -3.2955334892330532e-21,
        0.0,
        0.0,
        -1.6915664086874434e-21,
        -6.453733068802398e-20,
        -2.6131813167707692e-23,
        -2.2865890001143258e-21,
        0.0,
        0.0,
        0.0
    ],
    "vevLocation": [
        [
            -2.9086852729862632e-05,
            0.00023805603741619552,
            -0.0002983392674529156,
            0.0005371693299211257,
            0.0004185754742172254,
            -1.8129891782708851e-06,
            -0.00023214170640697718,
            6.665874617802978e-06,
            2.573361879463316e-06,
            -2.10655075426891e-05,
            0.0006021364228785964,
            0.00040279760097991155,
            9.949529227318158e-05,
            0.0005242722935698413,
            -0.00042222615733666707,
            -3.5038176426333e-05,
            0.0004234229530539497,
            4.160735393016429e-05,
            0.0001093655179131292,
            0.0004061440261843522,
            -5.6410485111124675e-05,
            3.895233082007454e-05,
            4.00683844873663e-05,
            -3.976156044653567e-05,
            -0.0002442892602957706,
            -4.89009111023786e-06,
            -4.550080836462911e-05,
            1.411642011451899e-06,
            1.41e-06,
            1.41e-06
        ],
        [
            0.0001,
            0.0022978938996193765,
            0.0001,
            0.0001,
            0.0001,
            0.0001,
            0.0001,
            0.0001,
            0.0001,
            0.00047992112790047614,
            0.0001,
            0.0001,
            0.0001,
            0.0005946995095377943,
            0.0001,
            0.0001,
            0.0001,
            0.0001,
            0.0001,
            0.00024580969828703496,
            0.0001,
            0.0001,
            0.0001,
            0.00026999558710605895,
            0.0001,
            0.0001,
            0.0001,
            0.0001,
            0.0001,
            0.0001
        ],
        [
            21.560365292154742,
            21.105963666410005,
            20.648149995504934,
            20.187616964846523,
            19.722015332838318,
            19.251504930328576,
            18.77482955865728,
            18.291311706958233,
            17.799712506606582,
            17.298907158846003,
            16.787467707802108,
            16.263614642772694,
            15.726121222109082,
            15.175686136688578,
            14.601282857576823,
            14.01051826788101,
            13.392250215502264,
            12.745345197193414,
            12.062421774545776,
            11.335182234438804,
            10.554664367245685,
            9.701362019282605,
            8.748200021776036,
            7.65035317615203,
            6.29877643989377,
            4.349742089167217,
            0.0001,
            0.0001,
            0.0001,
            0.0001
        ]
    ],
    "bIsPerturbative": [
        true,
        true,
        true,
        true,
        true,
        true,
        true,
        true,
        true,
        true,
        true,
        true,
        true,
        true,
        true,
        true,
        true,
        true,
        true,
        true,
        true,
        true,
        true,
        true,
        true,
        true,
        true,
        true,
        true,
        true
    ],
    "failureReason": false
}