{
    "T": [
        100.0,
        102.0,
        104.0,
        106.0,
        108.0,
        110.0,
        112.0,
        114.0,
        116.0,
        118.0,
        120.0,
        122.0,
        124.0,
        126.0,
        128.0,
        130.0,
        132.0,
        134.0,
        136.0,
        138.0,
        140.0,
        142.0,
        144.0,
        146.0,
        148.0,
        150.0,
        152.0,
        154.0,
        156.0,
        158.0
    ],
    "vevDepthReal": [
        -614883.134168594,
        -580299.4208182804,
        -547132.4752594348,
        -515373.4788177358,
        -485016.23038049426,
        -456056.9494466993,
        -428494.1152027974,
        -402328.3389740886,
        -377562.2529615714,
        -354200.4351279413,
        -332249.35722377244,
        -311717.3579088022,
        -292614.64217812906,
        -274953.32259330293,
        -258747.4870981849,
        -244013.33559387602,
        -230769.32023257844,
        -219036.453592941,
        -208838.6665249336,
        -200203.37002462524,
        -193162.37122256932,
        -187753.15054126378,
        -184021.35454027468,
        -182025.3534236885,
        -181846.86470596705,
        -183626.01318653388,
        -187710.88564833367,
        -192589.93612685616,
        -197672.78302859887,
        -202955.49191907732
    ],
    "vevDepthImag": [
        -7.040620313254461e-22,
        0.0,
        0.0,
        0.0,
        -2.0752512959324433e-19,
        0.0,
        -2.5585609501703063e-22,
        0.0,
        0.0,
        0.0,
        -2.9747181698851075e-22,
        0.0,
        0.0,
        -2.43017884444859e-22,
        0.0,
        -1.7283451217174081e-19,
        -1.2032012562028802e-21,
        0.0,
        -2.5257655582118027e-23,
        0.0,
        0.0,
        -3.295533597056061e-21,
        0.0,
        0.0,
        -2.6042490307373297e-21,
        -1.6644264321726327e-20,
        -2.6131819387402256e-23,
        -2.2866287569813998e-21,
        0.0,
        0.0,
        0.0
    ],
    "vevLocation": [
        [
            -2.9087107559365617e-05,
            0.00014133223986477483,
            0.0001929415411271035,
            0.0005243102012655355,
            -0.0004887360514912176,
            1.2622645661347631e-06,
            0.00024081288604171913,
            6.665876383983929e-06,
            2.573362323264345e-06,
            -1.8005533399131912e-05,
            0.0005810266619328541,
            4.1223888802170705e-05,
            -1.600796279458208e-05,
            0.0002322246043356107,
            -0.00042222683539498056,
            -3.503517572372994e-05,
            0.00041347102709469313,
            -5.020499698173142e-06,
            6.208716619663778e-05,
            0.0008142608949273846,
            -5.641048603394205e-05,
            3.898625978741854e-05,
            9.403808977634463e-05,
            -4.9335599262604994e-05,
            -0.00012405964275902237,
            -4.890091692189014e-06,
            -4.550120392363133e-05,
            1.4116419924677426e-06,
            1.41e-06,
            1.41e-06
        ],
        [
            0.0001,
            0.0001,
            0.0001,
            0.0001,
            0.0001,
            0.0001,
            0.0001,
            0.0001,
            0.0001,
            0.00048498232414286024,
            0.0001,
            0.0001,
            0.0001,
            0.0001,
            0.0001,
            0.00017490861459836405,
            0.0001,
            0.0001,
            0.0001,
            0.00015968823139322804,
            0.0001,
            0.0013187569201782686,
            0.0001,
            0.0001,
            0.0001,
            0.0001,
            0.00028872444887119723,
            0.0001,
            0.0001,
            0.0001,
            0.0001,
            0.0001
        ],
        [
            21.56036529190036,
            21.105771169650072,
            20.648391181425595,
            20.18761290932058,
            19.72217036891621,
            19.251503718174863,
            18.774681152693585,
            18.29131170696017,
            17.799712506606195,
            17.298902248072107,
            16.787442592196975,
            16.264122655596243,
            15.727024130189582,
            15.17344868154326,
            14.601282858135658,
            14.010518271002677,
            13.392256889011684,
            12.744962740638991,
            12.062460563798977,
            11.337681824000166,
            10.554664367238333,
            9.701361641257845,
            8.747901139824382,
            7.649672612058844,
            6.3008392992111935,
            4.349742089118017,
            0.0001,
            0.0001,
            0.0001,
            0.0001
        ]
    ],
    "bIsPerturbative": [
        true,
        true,
        true,
        true,
        true,
        true,
        true,
        true,
        true,
        true,
        true,
        true,
        true,
        true,
        true,
        true,
        true,
        true,
        true,
        true,
        true,
        true,
        true,
        true,
        true,
        true,
        true,
        true,
        true,
        true
    ],
    "failureReason": false
}