{
    "T": [
        100.0,
        102.0,
        104.0,
        106.0,
        108.0,
        110.0,
        112.0,
        114.0,
        116.0,
        118.0,
        120.0,
        122.0,
        124.0,
        126.0,
        128.0,
        130.0,
        132.0,
        134.0,
        136.0,
        138.0,
        140.0,
        142.0,
        144.0,
        146.0,
        148.0,
        150.0,
        152.0,
        154.0,
        156.0,
        158.0
    ],
    "vevDepthReal": [
        -614942.5154743438,
        -580365.5311943761,
        -547203.0762013323,
        -515446.42887440784,
        -485089.5249763821,
        -456128.7578971414,
        -428562.8191013317,
        -402392.54242434824,
        -377620.8083671459,
        -354252.4589356357,
        -332294.2250927414,
        -311754.70784706436,
        -292644.38599640166,
        -274975.607434234,
        -258762.704753528,
        -244022.07356276686,
        -230772.35947307706,
        -219034.74056301813,
        -208833.2457927335,
        -200195.38557245917,
        -193152.9592866237,
        -187743.46447407946,
        -184012.46281678806,
        -182018.17648228104,
        -181842.21942231056,
        -183624.48945204844,
        -187712.13003936922,
        -192591.18802685468,
        -197673.87680563825,
        -202956.21975916377
    ],
    "vevDepthImag": [
        -1.9458074906968004e-20,
        0.0,
        0.0,
        0.0,
        0.0,
        0.0,
        -8.606164663976909e-23,
        0.0,
        0.0,
        0.0,
        -1.763085540915582e-21,
        0.0,
        -9.752029592487202e-21,
        0.0,
        -1.3963054551315512e-23,
        0.0,
        0.0,
        -5.5327688416337245e-22,
        0.0,
        -1.4106263600148712e-20,
        0.0,
        0.0,
        0.0,
        0.0,
        0.0,
        0.0,
        -1.1830541510762045e-20,
        0.0,
        0.0,
        0.0
    ],
    "vevLocation": [
        [
            -0.00015291278665610294,
            9.558552496263806e-06,
            0.00021610108782613158,
            3.023750600745275e-05,
            4.311330415215919e-06,
            6.686434364387185e-05,
            -9.845031204658294e-06,
            4.708912007388849e-06,
            0.0007320939568125628,
            6.297275823401172e-07,
            -4.3594619209663676e-05,
            0.0009889162109764718,
            -0.000101405978137235,
            0.0003976949012258011,
            -3.7950666991644344e-06,
            0.00032747141238606526,
            0.0010914351746232065,
            -2.3497503535863107e-05,
            3.9672028073520216e-05,
            -0.00011734987056022037,
            0.00012477943001960824,
            0.0002614639796175021,
            0.0002212786958278954,
            0.0023866370365517456,
            0.00013036979445891356,
            2.3473514181492072e-05,
            -0.00010349696757044197,
            1.426892987036817e-06,
            1.43e-06,
            1.43e-06
        ],
        [
            0.0001,
            0.0001,
            0.0001,
            0.0001,
            0.0001,
            0.000558895176810095,
            0.0001,
            0.0001,
            0.0001,
            0.0001,
            0.0001,
            0.0005505136348009749,
            0.0001,
            0.0001740289916740488,
            0.0005074021038229902,
            0.0001,
            0.0001,
            0.0001,
            0.0001,
            0.0001,
            0.0001,
            0.0001,
            0.0001,
            0.0001,
            0.0001981022460308189,
            0.0001,
            0.0001,
            0.0001,
            0.0001,
            0.0001
        ],
        [
            21.56137452836245,
            21.10694324389376,
            20.649756771741785,
            20.188834203014654,
            19.72341238504479,
            19.252425235440384,
            18.776224432838667,
            18.292702956171834,
            17.801078774766918,
            17.30019220736985,
            16.788509344547336,
            16.265521015180173,
            15.727984001711583,
            15.17397126496499,
            14.603424476007344,
            14.010586240032785,
            13.391694142237759,
            12.745432780029965,
            12.063636919141233,
            11.336351131990973,
            10.554914282824756,
            9.699825587527247,
            8.746472305408128,
            7.650315091538808,
            6.297440523614944,
            4.348867909579237,
            0.0001,
            0.0001,
            0.0001,
            0.0001
        ]
    ],
    "bIsPerturbative": [
        true,
        true,
        true,
        true,
        true,
        true,
        true,
        true,
        true,
        true,
        true,
        true,
        true,
        true,
        true,
        true,
        true,
        true,
        true,
        true,
        true,
        true,
        true,
        true,
        true,
        true,
        true,
        true,
        true,
        true
    ],
    "failureReason": false
}