{
    "T": [
        100.0,
        102.0,
        104.0,
        106.0,
        108.0,
        110.0,
        112.0,
        114.0,
        116.0,
        118.0,
        120.0,
        122.0,
        124.0,
        126.0,
        128.0,
        130.0,
        132.0,
        134.0,
        136.0,
        138.0,
        140.0,
        142.0,
        144.0,
        146.0,
        148.0,
        150.0,
        152.0,
        154.0,
        156.0,
        158.0
    ],
    "vevDepthReal": [
        -614883.1863604761,
        -580299.4982985414,
        -547132.51466886,
        -515373.4588044565,
        -485016.2759834641,
        -456056.96763929195,
        -428494.1264665811,
        -402328.3413582176,
        -377562.2753803124,
        -354200.46296489995,
        -332249.3864187972,
        -311717.36734779115,
        -292614.6696191468,
        -274953.32150664856,
        -258747.49230661226,
        -244013.3202258096,
        -230769.325609912,
        -219036.46339006536,
        -208838.67294933944,
        -200203.39250574156,
        -193162.3725394944,
        -187753.15157212576,
        -184021.35635531694,
        -182025.3548343007,
        -181846.86893022322,
        -183626.0126284526,
        -187710.89203602631,
        -192589.94121274515,
        -197672.7852833703,
        -202955.4949655652
    ],
    "vevDepthImag": [
        0.0,
        0.0,
        0.0,
        0.0,
        0.0,
        0.0,
        0.0,
        0.0,
        0.0,
        0.0,
        0.0,
        0.0,
        0.0,
        0.0,
        0.0,
        0.0,
        0.0,
        0.0,
        0.0,
        0.0,
        0.0,
        0.0,
        0.0,
        0.0,
        0.0,
        0.0,
        0.0,
        0.0,
        0.0,
        0.0
    ],
    "vevLocation": [
        [
            0.00013027153949966147,
            0.000533086030502603,
            0.0018518960632952775,
            -0.0007632724142974195,
            0.0011015952427497217,
            0.00010547282105734593,
            0.0005245180025886843,
            -0.0006176459434208414,
            -4.874308252441218e-05,
            -7.257493942169901e-05,
            4.759583368936504e-06,
            -0.0002523746007522809,
            0.0003449784860947158,
            0.00026341621581168345,
            -0.0005069397115023966,
            0.0008088854043481891,
            0.0008416477605523096,
            -0.0001358307736075929,
            -0.00042432650831096324,
            1.9706456236577574e-05,
            0.0006316865435309973,
            -0.0005146859109924212,
            0.0002947123158669185,
            -0.0003244549685563333,
            -0.0001387010144177775,
            3.919868880765051e-05,
            -3.0006040939027298e-05,
            3.2699909446707944e-06,
            1.6950130980628458e-06,
            1.7e-06
        ],
        [
            0.00010658148508984263,
            0.00011227513995219589,
            0.0001,
            0.0009834598779339995,
            0.0001,
            0.0001,
            0.001351618890348913,
            0.0001,
            0.0001,
            0.0001,
            0.0001,
            0.0001,
            0.000643664850956782,
            0.0008899879750052604,
            0.001973556409215603,
            0.0001,
            0.0001,
            0.0001,
            0.0001,
            0.0001,
            0.0001,
            0.0001,
            0.0001,
            0.0001,
            0.0001,
            0.0001,
            0.0001,
            0.0001,
            0.0001,
            0.0001
        ],
        [
            21.559700332073493,
            21.105995984713328,
            20.64891510921782,
            20.188232106227098,
            19.722435170332997,
            19.249544555153356,
            18.77522861190662,
            18.291286928605313,
            17.799787200041894,
            17.299444167762534,
            16.787182498531788,
            16.26568260495363,
            15.726323459136564,
            15.17491925455614,
            14.602814725935401,
            14.013456733546178,
            13.39287867044943,
            12.744627097013609,
            12.062606751112893,
            11.336737878539838,
            10.552555519461082,
            9.699017976981128,
            8.748513828022844,
            7.653333348819602,
            6.300339902593839,
            4.350145512899718,
            0.0001,
            0.0001,
            0.0001,
            0.0001
        ]
    ],
    "bIsPerturbative": [
        true,
        true,
        true,
        true,
        true,
        true,
        true,
        true,
        true,
        true,
        true,
        true,
        true,
        true,
        true,
        true,
        true,
        true,
        true,
        true,
        true,
        true,
        true,
        true,
        true,
        true,
        true,
        true,
        true,
        true
    ],
    "failureReason": false
}