{
    "T": [
        100.0,
        102.0,
        104.0,
        106.0,
        108.0,
        110.0,
        112.0,
        114.0,
        116.0,
        118.0,
        120.0,
        122.0,
        124.0,
        126.0,
        128.0,
        130.0,
        132.0,
        134.0,
        136.0,
        138.0,
        140.0,
        142.0,
        144.0,
        146.0,
        148.0,
        150.0,
        152.0,
        154.0,
        156.0,
        158.0
    ],
    "vevDepthReal": [
        -634417.5952816228,
        -599927.4424924178,
        -566857.4606872874,
        -535198.9288592297,
        -504945.74409507384,
        -476094.2252427531,
        -448642.95042129053,
        -422592.63098163327,
        -397945.9885471408,
        -374707.7083854782,
        -352884.3428601491,
        -332484.3256619193,
        -313517.9456426716,
        -295997.39288436633,
        -279936.84588194976,
        -265352.54712032474,
        -252263.02316079556,
        -240689.32776988033,
        -230655.4198668704,
        -222188.72474893925,
        -215320.99201327536,
        -210089.66114416736,
        -206540.21260305244,
        -204730.72299743432,
        -204742.31121936004,
        -206713.51184043134,
        -210989.81336454395,
        -216071.0175741826,
        -221356.6535018782,
        -226843.14469141845
    ],
    "vevDepthImag": [
        0.0,
        -2.7272703393371284e-19,
        -1.991304571008026e-20,
        -2.739048489227936e-20,
        0.0,
        -3.2889550470662504e-22,
        0.0,
        0.0,
        -4.630780475381514e-20,
        0.0,
        -4.814710605105145e-19,
        -1.0153994820189737e-19,
        -2.2292214808576967e-25,
        -9.273017704306841e-19,
        -6.540235344379525e-21,
        -8.592857966690383e-22,
        0.0,
        -1.8405118606538429e-19,
        -1.1041080747653709e-20,
        0.0,
        0.0,
        0.0,
        0.0,
        -1.1395641846246983e-20,
        0.0,
        -6.422948785623151e-20,
        0.0,
        0.0,
        0.0,
        0.0
    ],
    "vevLocation": [
        [
            5.381395299736136e-06,
            -0.0005370488710351312,
            -0.00014444808983508917,
            -0.00016862716260926391,
            8.624511693310077e-05,
            -1.8306472789636485e-05,
            0.0006416848067792857,
            3.617646236848352e-06,
            -0.00021417904057125393,
            0.0005802486091741194,
            -0.0006841149368781996,
            -0.0003126821354655085,
            -4.611045875979082e-07,
            -0.0009359880476786332,
            -7.823319211240805e-05,
            -2.8222643673349052e-05,
            0.00046132683927786007,
            -0.0004091383818789762,
            -9.973462703488645e-05,
            0.0004872859934859086,
            0.0005357287900135121,
            3.200125887392602e-06,
            1.0567860605704277e-05,
            -9.89735467443742e-05,
            0.0006671330471648557,
            -0.00023287246582744114,
            3.4342045559972167e-06,
            1.349593522860692e-06,
            1.35e-06,
            1.35e-06
        ],
        [
            0.0001,
            0.0001,
            0.0001,
            0.0001,
            0.0001,
            0.0001,
            0.0001,
            0.0001,
            0.0001,
            0.0001,
            0.0001,
            0.0001,
            0.0001,
            0.0001,
            0.0001,
            0.0001,
            0.0001,
            0.0001,
            0.0001,
            0.0001,
            0.0001,
            0.0001,
            0.0001,
            0.0001,
            0.0001,
            0.0001,
            0.0001,
            0.0001,
            0.0001,
            0.0001
        ],
        [
            21.558074043537882,
            21.103197589968623,
            20.645458362927435,
            20.18448770615203,
            19.718727687374738,
            19.247903483651744,
            18.770983071738048,
            18.28718250383859,
            17.79637483791048,
            17.294133225301824,
            16.782108874328273,
            16.25878859383495,
            15.721355546642581,
            15.167312246582702,
            14.596226830772686,
            14.003537704648998,
            13.385855818102284,
            12.738166666706682,
            12.055419834203846,
            11.328683969111122,
            10.547596691054974,
            9.693507569969116,
            8.741559919314371,
            7.642379093782364,
            6.291202281532054,
            4.3541329394950505,
            0.0001,
            0.0001,
            0.0001,
            0.0001
        ]
    ],
    "bIsPerturbative": [
        true,
        true,
        true,
        true,
        true,
        true,
        true,
        true,
        true,
        true,
        true,
        true,
        true,
        true,
        true,
        true,
        true,
        true,
        true,
        true,
        true,
        true,
        true,
        true,
        true,
        true,
        true,
        true,
        true,
        true
    ],
    "failureReason": false
}