{
    "T": [
        100.0,
        102.0,
        104.0,
        106.0,
        108.0,
        110.0,
        112.0,
        114.0,
        116.0,
        118.0,
        120.0,
        122.0,
        124.0,
        126.0,
        128.0,
        130.0,
        132.0,
        134.0,
        136.0,
        138.0,
        140.0,
        142.0,
        144.0,
        146.0,
        148.0,
        150.0,
        152.0,
        154.0,
        156.0,
        158.0
    ],
    "vevDepthReal": [
        -634476.7863076101,
        -599993.2456467603,
        -566927.6406876475,
        -535271.3908129974,
        -505018.48487565405,
        -476165.44469563843,
        -448711.0343981161,
        -422656.21207944467,
        -398003.9362686315,
        -374759.1413086843,
        -352928.65577855904,
        -332521.1723488787,
        -313547.2373564517,
        -296019.293106357,
        -279951.7356662558,
        -265361.0297051382,
        -252265.88106820316,
        -240687.4923168431,
        -230649.93975712516,
        -222180.7217304539,
        -215311.61324957915,
        -210080.04234556266,
        -206531.40601814445,
        -204723.65797920342,
        -204737.74645877702,
        -206712.02740807759,
        -210991.061464935,
        -216072.26096450698,
        -221357.725349242,
        -226843.83978870092
    ],
    "vevDepthImag": [
        -5.917483370733434e-23,
        -1.5155588216180403e-23,
        -1.4550751129655807e-18,
        -1.1860702885577599e-21,
        0.0,
        0.0,
        0.0,
        0.0,
        0.0,
        0.0,
        -6.00459963620714e-19,
        0.0,
        -3.146441740783573e-25,
        -4.473252590013198e-21,
        -6.642867815593156e-21,
        0.0,
        0.0,
        -1.8240311878065026e-19,
        0.0,
        0.0,
        -1.4757925658081247e-19,
        0.0,
        0.0,
        0.0,
        -5.577293406341751e-22,
        -4.7325541334774635e-20,
        0.0,
        0.0,
        0.0,
        0.0
    ],
    "vevLocation": [
        [
            -7.947214144488068e-06,
            -4.003449818726357e-06,
            -0.001234761547447106,
            -3.508980173460435e-05,
            0.0007530613148880455,
            3.1391280292947243e-05,
            0.001333732128751458,
            0.0002738789370130279,
            3.575997683691323e-06,
            0.0005878388883890223,
            -0.0007639835976308018,
            2.2335489565955546e-05,
            -5.478121222943742e-07,
            -6.500850211077318e-05,
            -7.884455124826557e-05,
            4.744749514595803e-05,
            6.582095231320861e-07,
            -0.00040730279502100564,
            8.016684498991788e-06,
            0.00046401765703019474,
            -0.00036119848501191265,
            1.2681535743814393e-05,
            0.0002887353761103833,
            5.676096306958924e-05,
            -2.179616910421428e-05,
            -0.00019989448940123107,
            3.2350313480708406e-05,
            1.3589889251053146e-06,
            1.36e-06,
            1.36e-06
        ],
        [
            0.0001,
            0.0001,
            0.001571165306745808,
            0.0001,
            0.0009510842906370193,
            0.0001,
            0.0001,
            0.0001,
            0.0001,
            0.0001,
            0.0001,
            0.0001,
            0.0001,
            0.0001,
            0.0001,
            0.0001,
            0.0001,
            0.0001,
            0.0001,
            0.0001,
            0.0001,
            0.0001,
            0.0001,
            0.0001,
            0.0001,
            0.0001,
            0.0001,
            0.0001,
            0.0001,
            0.0001
        ],
        [
            21.558983223163953,
            21.10438528810971,
            20.647392204297457,
            20.185782708404606,
            19.720268530141347,
            19.249384870839673,
            18.772195366664533,
            18.28873955072713,
            17.79663027926981,
            17.295637749134958,
            16.783773059504853,
            16.259903190190165,
            15.722282134763375,
            15.16869203104817,
            14.59680046680584,
            14.003862460588026,
            13.385815630059922,
            12.738093739666397,
            12.054922572515622,
            11.328084646271725,
            10.54788652998436,
            9.692212035165028,
            8.739346300870592,
            7.641265354863476,
            6.29268948487737,
            4.347779438046927,
            0.0001,
            0.0001,
            0.0001,
            0.0001
        ]
    ],
    "bIsPerturbative": [
        true,
        true,
        true,
        true,
        true,
        true,
        true,
        true,
        true,
        true,
        true,
        true,
        true,
        true,
        true,
        true,
        true,
        true,
        true,
        true,
        true,
        true,
        true,
        true,
        true,
        true,
        true,
        true,
        true,
        true
    ],
    "failureReason": false
}