{
    "T": [
        100.0,
        102.0,
        104.0,
        106.0,
        108.0,
        110.0,
        112.0,
        114.0,
        116.0,
        118.0,
        120.0,
        122.0,
        124.0,
        126.0,
        128.0,
        130.0,
        132.0,
        134.0,
        136.0,
        138.0,
        140.0,
        142.0,
        144.0,
        146.0,
        148.0,
        150.0,
        152.0,
        154.0,
        156.0,
        158.0
    ],
    "vevDepthReal": [
        -634417.5952816227,
        -599927.4424924178,
        -566857.4606873074,
        -535198.9288592937,
        -504945.74409507355,
        -476094.22524275334,
        -448642.95024502266,
        -422592.6309816332,
        -397945.9876505783,
        -374707.7083325852,
        -352884.34395607025,
        -332484.32515180774,
        -313517.94564267166,
        -295997.3947490293,
        -279936.84588194976,
        -265352.5470041637,
        -252263.02331041213,
        -240689.32792595774,
        -230655.4198663208,
        -222188.72474893928,
        -215320.99316288377,
        -210089.66114439594,
        -206540.21260300634,
        -204730.7229974342,
        -204742.31188848458,
        -206713.51279530494,
        -210989.8133645441,
        -216071.01757418242,
        -221356.6535018782,
        -226843.14469141845
    ],
    "vevDepthImag": [
        0.0,
        -2.7272704638262967e-19,
        -1.9911032518429513e-20,
        -2.7379502573896315e-20,
        0.0,
        -3.288986830110629e-22,
        0.0,
        0.0,
        0.0,
        -3.1198949562058248e-19,
        0.0,
        0.0,
        -2.2291812463883455e-25,
        0.0,
        -6.5402352432552796e-21,
        -2.5748081313258993e-20,
        0.0,
        -3.340730718288582e-20,
        -1.1116272485504652e-20,
        0.0,
        -1.5884332793643827e-19,
        0.0,
        0.0,
        -1.1395641648079514e-20,
        0.0,
        -2.8481249019358267e-21,
        0.0,
        0.0,
        0.0,
        0.0
    ],
    "vevLocation": [
        [
            5.38139370509505e-06,
            -0.0005370488832922155,
            -0.00014444078785982167,
            -0.00016859335338711978,
            8.62466268888723e-05,
            -1.830656124239549e-05,
            0.0006728348441733534,
            3.6176396966624245e-06,
            0.00014432519368959783,
            -0.0005533106519664543,
            0.0005546216072782988,
            0.00018480602747072972,
            -4.611004264182608e-07,
            0.0006922606691620817,
            -7.823319150759237e-05,
            -0.00015449037995474146,
            0.0004280359124013745,
            -0.00017430955996412638,
            -0.00010007365602235363,
            0.00048728599126869956,
            -0.00037472950174050057,
            3.2040829357066203e-06,
            1.0572815475012529e-05,
            -9.897354588381257e-05,
            0.0006215666677041615,
            -4.903781167306777e-05,
            3.434204313850636e-06,
            1.3495935286606798e-06,
            1.35e-06,
            1.35e-06
        ],
        [
            0.0001,
            0.0001,
            0.0001,
            0.0001,
            0.0001,
            0.0001,
            0.0001,
            0.0001,
            0.0012141252083506045,
            0.0001,
            0.0001,
            0.0001,
            0.0001,
            0.0001,
            0.0001,
            0.0001,
            0.0001,
            0.0001,
            0.0001,
            0.0001,
            0.0001,
            0.0001,
            0.0001,
            0.0001,
            0.0001,
            0.0001,
            0.0001,
            0.0001,
            0.0001,
            0.0001
        ],
        [
            21.558074043535324,
            21.10319758996921,
            20.645458370048207,
            20.184487665122447,
            19.718727690105904,
            19.247903482692113,
            18.770926460391152,
            18.287182503936403,
            17.795294066892,
            17.294398083270497,
            16.78252313843395,
            16.25833169861443,
            15.721355546643425,
            15.167458496359997,
            14.596226830773109,
            14.003381459991756,
            13.385598327262061,
            12.738740285948513,
            12.055420530896539,
            11.328683969102029,
            10.546996444799477,
            9.693506750050506,
            8.741560043458698,
            7.642379093769481,
            6.291371018093959,
            4.3518356225967105,
            0.0001,
            0.0001,
            0.0001,
            0.0001
        ]
    ],
    "bIsPerturbative": [
        true,
        true,
        true,
        true,
        true,
        true,
        true,
        true,
        true,
        true,
        true,
        true,
        true,
        true,
        true,
        true,
        true,
        true,
        true,
        true,
        true,
        true,
        true,
        true,
        true,
        true,
        true,
        true,
        true,
        true
    ],
    "failureReason": false
}