{
    "T": [
        100.0,
        102.0,
        104.0,
        106.0,
        108.0,
        110.0,
        112.0,
        114.0,
        116.0,
        118.0,
        120.0,
        122.0,
        124.0,
        126.0,
        128.0,
        130.0,
        132.0,
        134.0,
        136.0,
        138.0,
        140.0,
        142.0,
        144.0,
        146.0,
        148.0,
        150.0,
        152.0,
        154.0,
        156.0,
        158.0
    ],
    "vevDepthReal": [
        -634417.6481848862,
        -599927.4839752734,
        -566857.4745495766,
        -535198.9831419722,
        -504945.771329754,
        -476094.2616515624,
        -448642.9800812001,
        -422592.66204761754,
        -397946.0200754994,
        -374707.7230182047,
        -352884.3529060371,
        -332484.3615115582,
        -313517.9564631921,
        -295997.3992085855,
        -279936.8605309486,
        -265352.5626808967,
        -252263.0249271131,
        -240689.3315039497,
        -230655.41917622084,
        -222188.74240852025,
        -215320.99095925863,
        -210089.65120841976,
        -206540.14145775506,
        -204730.70433003706,
        -204742.3238148832,
        -206713.51275014447,
        -210989.8102797544,
        -216071.01257575248,
        -221356.6518297198,
        -226843.14127682633
    ],
    "vevDepthImag": [
        0.0,
        0.0,
        0.0,
        0.0,
        0.0,
        0.0,
        0.0,
        0.0,
        0.0,
        0.0,
        0.0,
        0.0,
        0.0,
        0.0,
        0.0,
        0.0,
        0.0,
        0.0,
        0.0,
        0.0,
        0.0,
        0.0,
        0.0,
        0.0,
        0.0,
        0.0,
        0.0,
        0.0,
        0.0,
        0.0
    ],
    "vevLocation": [
        [
            -0.0012948822934085863,
            -0.0008892623351714943,
            -0.00019844998541063662,
            -0.0010274521374937784,
            -3.6094356658085414e-05,
            -0.0014754638417675547,
            -0.0001493195778147268,
            0.0011590718258038188,
            0.0014629775361839521,
            -0.0014667607023625406,
            -0.0010884672009154606,
            -0.0003277512503188501,
            -8.802113392963884e-06,
            -0.0004784452687731835,
            -7.409741775118907e-05,
            -0.00025192322564383807,
            0.000354214558513713,
            -7.162804104261788e-05,
            -0.00042000658967768917,
            -1.664549336387322e-05,
            -0.0003493654672671598,
            -0.00019560661000238289,
            0.00421567161516017,
            0.0001798898232617807,
            -1.9139132033099346e-05,
            -0.00012861191707375444,
            -3.666666455033607e-05,
            0.0001965269454683033,
            0.000112011827592998,
            0.0001429895674657563
        ],
        [
            0.0001,
            0.0013767489958470395,
            0.0001,
            0.0001,
            0.0001,
            0.0001,
            0.0001,
            0.0001,
            0.0001,
            0.0001,
            0.0001,
            0.0001,
            0.0001,
            0.0001,
            0.0001,
            0.0009310607949220908,
            0.0009305141701433355,
            0.0001,
            0.0005706078179813146,
            0.0001,
            0.0001,
            0.002285161274772131,
            0.0003335954224556278,
            0.0001,
            0.0004496877777554777,
            0.0001,
            0.0001,
            0.0001,
            0.0001,
            0.0001
        ],
        [
            21.55776093758526,
            21.10399230614476,
            20.64535345262965,
            20.18427565251644,
            19.719359321505227,
            19.248127852942627,
            18.770626714466456,
            18.28499877808843,
            17.79699986470327,
            17.296375749128263,
            16.78144080172518,
            16.25869059436601,
            15.720801262427202,
            15.167570040298022,
            14.596242336946746,
            14.004771416787472,
            13.38668371584279,
            12.73870674898974,
            12.054564881907929,
            11.328341911699592,
            10.547101009890808,
            9.693881220998396,
            8.739146259115419,
            7.648796990447814,
            6.295079242942761,
            4.352214105515032,
            0.007831785414906976,
            0.0001,
            0.004084322627318654,
            0.004101729539622582
        ]
    ],
    "bIsPerturbative": [
        true,
        true,
        true,
        true,
        true,
        true,
        true,
        true,
        true,
        true,
        true,
        true,
        true,
        true,
        true,
        true,
        true,
        true,
        true,
        true,
        true,
        true,
        true,
        true,
        true,
        true,
        true,
        true,
        true,
        true
    ],
    "failureReason": false
}