{
    "T": [
        100.0,
        102.0,
        104.0,
        106.0,
        108.0,
        110.0,
        112.0,
        114.0,
        116.0,
        118.0,
        120.0,
        122.0,
        124.0,
        126.0,
        128.0,
        130.0,
        132.0,
        134.0,
        136.0,
        138.0,
        140.0,
        142.0,
        144.0,
        146.0,
        148.0,
        150.0,
        152.0,
        154.0,
        156.0,
        158.0
    ],
    "vevDepthReal": [
        -729299.0474527751,
        -695246.8895073828,
        -662622.0294421061,
        -631415.2212668512,
        -601619.7935633837,
        -573231.4630697798,
        -546248.1687054466,
        -520669.9487298606,
        -496498.84242961765,
        -473738.7966468291,
        -452395.6275164746,
        -432476.9934573129,
        -413992.38121037034,
        -396953.15381510736,
        -381372.59794089396,
        -367266.04203507514,
        -354651.00971798564,
        -343547.45815858414,
        -333978.1107516411,
        -325968.95896077505,
        -319550.00590397225,
        -314756.4496841875,
        -311630.70162535674,
        -310226.115442936,
        -310615.2542198139,
        -312914.440421359,
        -317467.95586714806,
        -323209.7243850412,
        -329158.4522544356,
        -335311.11952855834
    ],
    "vevDepthImag": [
        0.0,
        -5.504735091462448e-20,
        -1.0259956337148069e-23,
        -5.9889362728274e-23,
        0.0,
        0.0,
        0.0,
        0.0,
        0.0,
        -8.869965738998551e-21,
        -1.5479644475219192e-19,
        -1.8960382157830366e-20,
        0.0,
        -4.0526430374884313e-22,
        0.0,
        0.0,
        -9.24633256011844e-20,
        -3.712719599593426e-23,
        0.0,
        0.0,
        0.0,
        -1.2052684017929199e-20,
        -3.8888656288993255e-20,
        0.0,
        0.0,
        -6.842860498060596e-20,
        0.0,
        0.0,
        0.0,
        0.0
    ],
    "vevLocation": [
        [
            8.836837803690573e-05,
            -0.00019605898062380334,
            -2.670779010722872e-06,
            -6.438584139289993e-06,
            7.747611098081215e-05,
            5.488420232194202e-05,
            1.2531928126335856e-06,
            0.00029783963507524006,
            0.00020123934551974452,
            -7.73501244873357e-05,
            -0.00032244915970566085,
            -0.0001126139733134174,
            9.832176520893285e-05,
            -1.639585149324982e-05,
            3.318145299733427e-05,
            9.940732241017769e-06,
            -0.00024615561667561174,
            -4.922808490848141e-06,
            0.00022857847234370593,
            8.631683934997008e-07,
            1.0383431065970339e-06,
            -8.803287749858772e-05,
            -0.00015785509308305357,
            3.6250016233196902e-06,
            0.0006845050092370614,
            -0.00020848037795675317,
            1.0721338723970741e-06,
            1.07e-06,
            1.07e-06,
            1.07e-06
        ],
        [
            0.0001,
            0.0001,
            0.0001,
            0.0001,
            0.00030465866831998385,
            0.0001,
            0.0001,
            0.0005167019839216296,
            0.0001,
            0.0001,
            0.000355357348817017,
            0.0001,
            0.0001,
            0.0001,
            0.0001,
            0.0001,
            0.0001,
            0.0001,
            0.0001,
            0.0001,
            0.0001,
            0.0001,
            0.0001,
            0.0001,
            0.0001,
            0.0001,
            0.0001,
            0.0001,
            0.0001,
            0.0001
        ],
        [
            21.555859837930917,
            21.101669064777752,
            20.644966942755058,
            20.184569351994,
            19.71962946895594,
            19.250297042171706,
            18.7748659328387,
            18.292730655718096,
            17.80246546828441,
            17.303615896296105,
            16.794679605557082,
            16.27352393191294,
            15.738649937011651,
            15.189622613021092,
            14.622093484690366,
            14.034482885544037,
            13.422322023289714,
            12.782141157239836,
            12.107798902409439,
            11.39192204326015,
            10.623815257889719,
            9.78650671726824,
            8.86012341785501,
            7.801834744072616,
            6.526660694097035,
            4.779197123551398,
            0.0001,
            0.0001,
            0.0001,
            0.0001
        ]
    ],
    "bIsPerturbative": [
        true,
        true,
        true,
        true,
        true,
        true,
        true,
        true,
        true,
        true,
        true,
        true,
        true,
        true,
        true,
        true,
        true,
        true,
        true,
        true,
        true,
        true,
        true,
        true,
        true,
        true,
        true,
        true,
        true,
        true
    ],
    "failureReason": false
}