{
    "T": [
        100.0,
        102.0,
        104.0,
        106.0,
        108.0,
        110.0,
        112.0,
        114.0,
        116.0,
        118.0,
        120.0,
        122.0,
        124.0,
        126.0,
        128.0,
        130.0,
        132.0,
        134.0,
        136.0,
        138.0,
        140.0,
        142.0,
        144.0,
        146.0,
        148.0,
        150.0,
        152.0,
        154.0,
        156.0,
        158.0
    ],
    "vevDepthReal": [
        -729371.711558941,
        -695321.4240847582,
        -662696.3088836293,
        -631487.309152507,
        -601687.9779062553,
        -573294.2796317283,
        -546304.4345464001,
        -520718.7652566909,
        -496539.6062555307,
        -473771.20272661705,
        -452419.662056344,
        -432492.915423145,
        -414000.71149679483,
        -396954.6402238365,
        -381368.18977936317,
        -367256.8471493629,
        -354638.25294453464,
        -343532.4267336169,
        -333962.0990101026,
        -325953.2132623662,
        -319535.64285840606,
        -314744.39377910196,
        -311621.588495863,
        -310220.21356775414,
        -310612.3652020056,
        -312913.6791460641,
        -317468.0655327772,
        -323209.7332691138,
        -329158.47366661916,
        -335311.15272782673
    ],
    "vevDepthImag": [
        0.0,
        -8.72688005125933e-22,
        -5.05057675658504e-25,
        -5.213764409524453e-20,
        0.0,
        0.0,
        -3.3508156266396564e-22,
        -1.0087976221148028e-20,
        -2.760326200148536e-23,
        0.0,
        0.0,
        0.0,
        0.0,
        0.0,
        0.0,
        0.0,
        0.0,
        0.0,
        -3.2096943662178414e-19,
        -1.0725929071740985e-21,
        -2.665732882551461e-20,
        -1.5201374890530866e-21,
        -1.150796008067593e-22,
        -2.1484269271771875e-19,
        0.0,
        0.0,
        0.0,
        0.0,
        0.0,
        0.0
    ],
    "vevLocation": [
        [
            0.0005467900317018548,
            -2.46856398416085e-05,
            -5.925601074003445e-07,
            -0.00018997109370522125,
            9.708021458055931e-05,
            0.0004065602286813675,
            -1.5130750263585985e-05,
            -8.284273817660151e-05,
            -4.324166063055662e-06,
            7.516791998882959e-05,
            0.00011519815163213844,
            3.863344837720661e-06,
            2.0559915345413904e-05,
            6.20209316098963e-07,
            9.235208322177016e-05,
            4.307956713639656e-05,
            6.17541686650739e-05,
            1.1915819040378417e-05,
            -0.0004568334700781572,
            -2.6358091359139743e-05,
            -0.00013115849704183752,
            -3.126395955425909e-05,
            -8.587103433516097e-06,
            -0.00037041888422044335,
            4.3548738461438724e-05,
            9.193189616297278e-07,
            1.8396061236753466e-06,
            1.84e-06,
            1.84e-06,
            1.84e-06
        ],
        [
            0.0001,
            0.0001,
            0.0001,
            0.0001,
            0.0001,
            0.0001,
            0.0001,
            0.0001,
            0.0001,
            0.0001,
            0.0001,
            0.0001,
            0.0001,
            0.0001,
            0.0001,
            0.0001,
            0.0001,
            0.0001,
            0.0001,
            0.0001,
            0.0001,
            0.0001,
            0.0001,
            0.00020732014979800222,
            0.0001,
            0.0001,
            0.0001,
            0.0001,
            0.0001,
            0.0001
        ],
        [
            21.556795122365603,
            21.103081175208455,
            20.646209879336453,
            20.1860165148163,
            19.721073622983532,
            19.25113039833051,
            18.77606926013492,
            18.29318797540557,
            17.803545623679337,
            17.304305137024095,
            16.794902995551478,
            16.27383614957136,
            15.739673955250906,
            15.189700113621399,
            14.622000517632838,
            14.034547290560248,
            13.421755523479197,
            12.781461983229038,
            12.106002064243738,
            11.390919409729687,
            10.622479480721275,
            9.787131304832574,
            8.860081970596955,
            7.800539460450878,
            6.524434335539206,
            4.777668854903752,
            0.0001,
            0.0001,
            0.0001,
            0.0001
        ]
    ],
    "bIsPerturbative": [
        true,
        true,
        true,
        true,
        true,
        true,
        true,
        true,
        true,
        true,
        true,
        true,
        true,
        true,
        true,
        true,
        true,
        true,
        true,
        true,
        true,
        true,
        true,
        true,
        true,
        true,
        true,
        true,
        true,
        true
    ],
    "failureReason": false
}