{
    "T": [
        100.0,
        102.0,
        104.0,
        106.0,
        108.0,
        110.0,
        112.0,
        114.0,
        116.0,
        118.0,
        120.0,
        122.0,
        124.0,
        126.0,
        128.0,
        130.0,
        132.0,
        134.0,
        136.0,
        138.0,
        140.0,
        142.0,
        144.0,
        146.0,
        148.0,
        150.0,
        152.0,
        154.0,
        156.0,
        158.0
    ],
    "vevDepthReal": [
        -729299.0474527755,
        -695246.8895073829,
        -662622.0294421061,
        -631415.2212664095,
        -601619.7935633699,
        -573231.4630697796,
        -546248.1687054464,
        -520669.94872986013,
        -496498.8426395668,
        -473738.796646829,
        -452395.6275164125,
        -432476.9934573127,
        -413992.38157130464,
        -396953.1538151075,
        -381372.5979408931,
        -367266.0418957034,
        -354651.0095550567,
        -343547.45815858396,
        -333978.1107555644,
        -325968.95896077505,
        -319550.00590397225,
        -314756.4530717178,
        -311630.7016253569,
        -310226.1154429359,
        -310615.2599122699,
        -312914.44019342813,
        -317467.9558671482,
        -323209.7243850412,
        -329158.4522544356,
        -335311.1195285584
    ],
    "vevDepthImag": [
        0.0,
        -5.504734891939236e-20,
        -1.0259967638742337e-23,
        -1.7700969096093587e-22,
        0.0,
        0.0,
        0.0,
        0.0,
        0.0,
        -8.869951201161663e-21,
        -1.5480943967776936e-19,
        -1.896038432352713e-20,
        0.0,
        -4.052640404427373e-22,
        0.0,
        -1.548217564624232e-21,
        0.0,
        -3.7127181472688604e-23,
        0.0,
        0.0,
        0.0,
        -2.0077187326777192e-20,
        -3.888873781174926e-20,
        0.0,
        0.0,
        0.0,
        0.0,
        0.0,
        0.0,
        0.0
    ],
    "vevLocation": [
        [
            8.836844446923064e-05,
            -0.00019605897707064557,
            -2.6707804816868477e-06,
            -1.1069144267648878e-05,
            7.747666170627261e-05,
            5.488422088081868e-05,
            1.2531437250107302e-06,
            0.00029783964034722776,
            3.9411560087702053e-05,
            -7.735006109904977e-05,
            -0.0003224626939595382,
            -0.0001126139797449203,
            0.00010845694559888375,
            -1.639584616693751e-05,
            3.318144654253577e-05,
            -3.1916110550010875e-05,
            0.00028362189118792203,
            -4.9228075280072225e-06,
            0.00022764321351950723,
            8.631681360376803e-07,
            1.0383409226460971e-06,
            -0.00011361917671267978,
            -0.00015785525853961868,
            3.6250109189395197e-06,
            2.2564851191814173e-05,
            0.0001785566291668031,
            1.0721339911475697e-06,
            1.07e-06,
            1.07e-06,
            1.07e-06
        ],
        [
            0.0001,
            0.0001,
            0.0001,
            0.0001,
            0.00030464321444843715,
            0.0001,
            0.0001,
            0.0005167019857573768,
            0.0001,
            0.0001,
            0.00035535576960645876,
            0.0001,
            0.0001,
            0.0001,
            0.0001,
            0.0001,
            0.0001,
            0.0001,
            0.0001,
            0.0001,
            0.0001,
            0.0001,
            0.0001,
            0.0001,
            0.0001,
            0.0001,
            0.0001,
            0.0001,
            0.0001,
            0.0001
        ],
        [
            21.555859838115893,
            21.101669064783763,
            20.64496694275557,
            20.18457100721268,
            19.719629445076944,
            19.25029704209803,
            18.77486593290236,
            18.292730655721286,
            17.802482057008334,
            17.303615896280057,
            16.794679618639137,
            16.273523931923418,
            15.739729607436008,
            15.189622613021074,
            14.622093484679567,
            14.034730375010612,
            13.422269664073463,
            12.782141157241876,
            12.107802733255042,
            11.39192204324623,
            10.623815257905669,
            9.788550905639731,
            8.860123418094389,
            7.801834745207945,
            6.524347818858365,
            4.780117337336444,
            0.0001,
            0.0001,
            0.0001,
            0.0001
        ]
    ],
    "bIsPerturbative": [
        true,
        true,
        true,
        true,
        true,
        true,
        true,
        true,
        true,
        true,
        true,
        true,
        true,
        true,
        true,
        true,
        true,
        true,
        true,
        true,
        true,
        true,
        true,
        true,
        true,
        true,
        true,
        true,
        true,
        true
    ],
    "failureReason": false
}