{
    "T": [
        100.0,
        102.0,
        104.0,
        106.0,
        108.0,
        110.0,
        112.0,
        114.0,
        116.0,
        118.0,
        120.0,
        122.0,
        124.0,
        126.0,
        128.0,
        130.0,
        132.0,
        134.0,
        136.0,
        138.0,
        140.0,
        142.0,
        144.0,
        146.0,
        148.0,
        150.0,
        152.0,
        154.0,
        156.0,
        158.0
    ],
    "vevDepthReal": [
        -729299.0527511687,
        -695246.9543865224,
        -662622.0816172359,
        -631415.2205329139,
        -601619.7706201657,
        -573231.4857059459,
        -546248.1768359344,
        -520669.95543064486,
        -496498.8655914942,
        -473738.80448254064,
        -452395.6401020109,
        -432476.99326165946,
        -413992.38061144145,
        -396953.1758640054,
        -381372.6088499344,
        -367266.04517462803,
        -354651.00842350343,
        -343547.46723888227,
        -333978.1160882625,
        -325968.9612696309,
        -319550.0190521156,
        -314756.46296317055,
        -311630.7061171981,
        -310226.1168479562,
        -310615.26131042483,
        -312914.44331502396,
        -317467.9640629783,
        -323209.71813108615,
        -329158.458914978,
        -335311.1285620598
    ],
    "vevDepthImag": [
        0.0,
        0.0,
        0.0,
        0.0,
        0.0,
        0.0,
        0.0,
        0.0,
        0.0,
        0.0,
        0.0,
        0.0,
        0.0,
        0.0,
        0.0,
        0.0,
        0.0,
        0.0,
        0.0,
        0.0,
        0.0,
        0.0,
        0.0,
        0.0,
        0.0,
        0.0,
        0.0,
        0.0,
        0.0,
        0.0
    ],
    "vevLocation": [
        [
            -0.00015956489795246331,
            -5.5630844709870717e-05,
            0.0019291412961966459,
            -0.0010612603224565461,
            0.0009412786677536755,
            0.0008248379978800513,
            0.00021181588889473968,
            -0.00027623357105178645,
            -0.000102312418770234,
            -0.00023446376270655576,
            0.0010773294571212733,
            -0.0007068120727141067,
            -0.00043706427506820435,
            -6.226920538563146e-05,
            1.944558491324966e-05,
            -7.615756831590159e-05,
            0.00023359932590253946,
            0.0002652750986472524,
            -3.7800852511038485e-05,
            1.299996045670427e-05,
            -0.000934918393619753,
            -5.5528099303370215e-06,
            0.00015944233517760305,
            -0.0001664920334001549,
            3.865850445555416e-05,
            0.0009299274160873144,
            6.301955603456918e-05,
            0.0005457069536647687,
            -4.4802021812839765e-05,
            -2.270649434536926e-05
        ],
        [
            0.0022270262139268164,
            0.0001,
            0.0001,
            0.0001,
            0.0001,
            0.0001,
            0.0001,
            0.0015193036337391695,
            0.0004425796400165866,
            0.0016431647642075318,
            0.0001,
            0.0014597319843067133,
            0.0005302744978556172,
            0.0001,
            0.0001,
            0.0001,
            0.00023928415963981524,
            0.0001,
            0.0001,
            0.0001,
            0.0001,
            0.0001,
            0.0001,
            0.00010686430215044063,
            0.0001,
            0.0001,
            0.0001,
            0.0001,
            0.0001,
            0.0001
        ],
        [
            21.556428554795033,
            21.102264950035483,
            20.643957957240232,
            20.18555849262095,
            19.71990109545009,
            19.24918620945889,
            18.77559073288706,
            18.291147788533955,
            17.803450109056406,
            17.304710424935163,
            16.79391357256105,
            16.27411480530686,
            15.73879133237688,
            15.189269542466779,
            14.623470095694593,
            14.034624034569358,
            13.422541079611031,
            12.782827765152817,
            12.107334246922909,
            11.392310150404734,
            10.622632446893933,
            9.787905020236645,
            8.86213135801777,
            7.803581223042965,
            6.524900482895869,
            4.780317021996821,
            0.0001,
            0.004090301237224822,
            0.0001,
            0.0001
        ]
    ],
    "bIsPerturbative": [
        true,
        true,
        true,
        true,
        true,
        true,
        true,
        true,
        true,
        true,
        true,
        true,
        true,
        true,
        true,
        true,
        true,
        true,
        true,
        true,
        true,
        true,
        true,
        true,
        true,
        true,
        true,
        true,
        true,
        true
    ],
    "failureReason": false
}