{
    "T": [
        90.0,
        91.0,
        92.0,
        93.0,
        94.0,
        95.0,
        96.0,
        97.0,
        98.0,
        99.0,
        100.0,
        101.0,
        102.0,
        103.0,
        104.0,
        105.0,
        106.0,
        107.0,
        108.0,
        109.0,
        110.0,
        111.0,
        112.0,
        113.0,
        114.0,
        115.0,
        116.0,
        117.0,
        118.0,
        119.0,
        120.0,
        121.0
    ],
    "vevDepthReal": [
        -445315.7350885845,
        -421046.5208640535,
        -397315.0894491422,
        -374125.53013122245,
        -351482.67771946045,
        -329392.0508182027,
        -307859.9862253169,
        -286893.6228166574,
        -266500.97143570037,
        -246690.94331466805,
        -227473.46771057876,
        -208859.5348385321,
        -190861.33960207377,
        -173492.40005975185,
        -156767.73508059414,
        -140704.07611704498,
        -125320.28898955425,
        -110637.34380837702,
        -96679.26436389603,
        -83473.53962158311,
        -71052.1055720895,
        -59452.71814180491,
        -48721.02763986093,
        -38913.94532171834,
        -30105.672717308942,
        -22399.689582521813,
        -15958.17804029323,
        -11112.381643641878,
        -11910.204106577989,
        -12840.275682825015,
        -13849.778045198864,
        -14936.384363165618
    ],
    "vevDepthImag": [
        0.0,
        0.0,
        0.0,
        0.0,
        0.0,
        0.0,
        0.0,
        0.0,
        0.0,
        0.0,
        0.0,
        0.0,
        0.0,
        0.0,
        0.0,
        0.0,
        0.0,
        0.0,
        0.0,
        0.0,
        0.0,
        0.0,
        0.0,
        0.0,
        0.0,
        0.0,
        0.0,
        0.0,
        0.0,
        0.0,
        0.0,
        0.0
    ],
    "vevLocation": [
        [
            0.0020150892674745775,
            -4.746619635063315e-05,
            1.8038898160226483e-05,
            -3.4923402751994154e-06,
            -7.832151046133218e-06,
            0.00010008138524590215,
            0.00031127350460269376,
            -0.0007523777718507763,
            -0.00021347827843286316,
            0.0005707706454387874,
            0.00027569167025251126,
            0.00026639938490899753,
            -5.6953910634633016e-05,
            0.0007649319689696493,
            0.0019793989785666538,
            0.0015674699010076313,
            9.545477503103417e-05,
            1.8832974208737863e-05,
            -0.00023934447905420934,
            1.5431474443340296e-05,
            -0.0006873971298873623,
            0.00018992433435759126,
            -3.3853452103937975e-05,
            4.865812891469146e-06,
            2.81936823941821e-05,
            -2.8557350427324546e-05,
            2.7030857725006407e-05,
            8.053481677321346e-05,
            5.725778043553717e-05,
            1.796531070421062e-05,
            1.797e-05,
            4.242597750680022e-05
        ],
        [
            0.0001,
            0.00013799981193393478,
            0.0001,
            0.0014625292429900562,
            0.0001,
            0.0001,
            0.0001,
            0.0001,
            0.0001,
            0.000685003285011787,
            0.00023507394113083627,
            0.0001,
            0.0001,
            0.0001,
            0.0001,
            0.0014967032043340428,
            0.0001,
            0.0001,
            0.0001,
            0.0001,
            0.0001,
            0.0001,
            0.0001,
            0.0001,
            0.0001,
            0.0001,
            0.0001,
            0.0001,
            0.0001,
            0.0001,
            0.0001,
            0.0001
        ],
        [
            22.02058308997971,
            21.73310214451376,
            21.442246539346264,
            21.14770162992519,
            20.849489452942674,
            20.54687918547145,
            20.239142654097147,
            19.926517223399557,
            19.607087718923292,
            19.282141042574217,
            18.948226955899724,
            18.608175345781607,
            18.257589511769027,
            17.89668995988725,
            17.52468575673534,
            17.136130366738556,
            16.739909663710947,
            16.322647916456848,
            15.884894227694208,
            15.423209198798247,
            14.933684915683108,
            14.405060350568705,
            13.835939171595877,
            13.205796269846882,
            12.493451168103936,
            11.655494753688538,
            10.593989231470202,
            8.922258330349978,
            0.0001,
            0.0001,
            0.0001,
            0.0001
        ]
    ],
    "failureReason": false
}