{
    "T": [
        90.0,
        91.0,
        92.0,
        93.0,
        94.0,
        95.0,
        96.0,
        97.0,
        98.0,
        99.0,
        100.0,
        101.0,
        102.0,
        103.0,
        104.0,
        105.0,
        106.0,
        107.0,
        108.0,
        109.0,
        110.0,
        111.0,
        112.0,
        113.0,
        114.0,
        115.0,
        116.0,
        117.0,
        118.0,
        119.0,
        120.0,
        121.0
    ],
    "vevDepthReal": [
        -445315.75145541626,
        -421046.5208628588,
        -397315.0888497185,
        -374125.53005742095,
        -351482.6766288229,
        -329392.0507453712,
        -307859.98652966094,
        -286893.62281665835,
        -266500.97143573704,
        -246690.94353207268,
        -227473.46517717597,
        -208859.5347989684,
        -190861.3396020749,
        -173492.4027649731,
        -156767.75053936618,
        -140704.10298915126,
        -125320.28899955063,
        -110637.34385722074,
        -96679.2643637111,
        -83473.53962160947,
        -71052.1064467599,
        -59452.72307587598,
        -48721.02764706568,
        -38913.945321727726,
        -30105.672717309913,
        -22399.68944580912,
        -15958.17804032652,
        -11112.371747864032,
        -11910.204011858703,
        -12840.276010829353,
        -13849.778142168103,
        -14936.384182226344
    ],
    "vevDepthImag": [
        0.0,
        0.0,
        0.0,
        0.0,
        0.0,
        0.0,
        0.0,
        0.0,
        0.0,
        0.0,
        0.0,
        0.0,
        0.0,
        0.0,
        0.0,
        0.0,
        0.0,
        0.0,
        0.0,
        0.0,
        0.0,
        0.0,
        0.0,
        0.0,
        0.0,
        0.0,
        0.0,
        0.0,
        0.0,
        0.0,
        0.0,
        0.0
    ],
    "vevLocation": [
        [
            0.0007500407258846653,
            -4.776578196760001e-05,
            7.492057650926309e-05,
            -4.728950126881536e-06,
            0.0003930235007479797,
            0.00010493011030205356,
            0.00016637138110652764,
            -0.0007523776667119897,
            -0.00021346198173090997,
            0.0003376172895490914,
            -0.00015775300016855967,
            0.0002749087519600818,
            -5.6953470221189455e-05,
            -6.8991154614766185e-06,
            -8.42203832116268e-05,
            -0.002516900609132417,
            -4.962279146306092e-05,
            -1.9174923201974343e-05,
            -0.00023944271785494766,
            1.4400106161186962e-05,
            8.906862848429703e-05,
            3.751163572682237e-05,
            1.1515297911163648e-05,
            4.812102389811779e-06,
            2.8193680503461882e-05,
            -0.00011729795618520278,
            2.70131800921454e-05,
            -3.155197911788388e-05,
            5.728369293970387e-05,
            -2.4766323211446173e-06,
            4.6190648980669324e-05,
            4.283357749645678e-05
        ],
        [
            0.0001,
            0.00013874923290427884,
            0.0001,
            0.001467271407736091,
            0.0001,
            0.0001,
            0.0001,
            0.0001,
            0.0001,
            0.0001,
            0.0001,
            0.0001,
            0.0001,
            0.0001,
            0.0001,
            0.0001,
            0.0001,
            0.0001,
            0.0001,
            0.0001,
            0.0008324930873770844,
            0.0001,
            0.0001,
            0.0001,
            0.0001,
            0.0001,
            0.0001,
            0.0017129591206679177,
            0.0001,
            0.0001,
            0.0001,
            0.0001
        ],
        [
            22.020136268300842,
            21.73310192345175,
            21.442651596622973,
            21.147698765324872,
            20.849219339049977,
            20.546944332423664,
            20.239154173977987,
            19.926517223572365,
            19.607087721564138,
            19.282605229510885,
            18.94980541861983,
            18.608182209433874,
            18.25758951021354,
            17.89706349532289,
            17.52522713868146,
            17.141054139510654,
            16.739918984281505,
            16.322506896855526,
            15.88489427997665,
            15.423210156293418,
            14.932838596795957,
            14.406810567975858,
            13.835985606172462,
            13.205796318561655,
            12.493451168094708,
            11.65602572449304,
            10.59398953710411,
            8.929321118132433,
            0.0001,
            0.0001,
            0.0001,
            0.0001
        ]
    ],
    "failureReason": false
}