{
    "T": [
        90.0,
        91.0,
        92.0,
        93.0,
        94.0,
        95.0,
        96.0,
        97.0,
        98.0,
        99.0,
        100.0,
        101.0,
        102.0,
        103.0,
        104.0,
        105.0,
        106.0,
        107.0,
        108.0,
        109.0,
        110.0,
        111.0,
        112.0,
        113.0,
        114.0,
        115.0,
        116.0,
        117.0,
        118.0,
        119.0,
        120.0,
        121.0
    ],
    "vevDepthReal": [
        -445386.55939237424,
        -421111.29571668844,
        -397374.4259028936,
        -374180.0558823199,
        -351532.9847156835,
        -329438.7564109574,
        -307903.68096548505,
        -286934.8953820326,
        -266540.3661394833,
        -246728.9884622414,
        -227510.6433023695,
        -208896.28770173603,
        -190898.06545670488,
        -173529.44493000826,
        -156805.39832941396,
        -140742.6040383308,
        -125359.73966766501,
        -110677.85727956628,
        -96720.83505823334,
        -83516.07621575324,
        -71095.41112846522,
        -59496.51183159477,
        -48764.861764411304,
        -38957.228354884006,
        -30147.60485483275,
        -22439.129904423673,
        -15993.3515819195,
        -11139.400975431901,
        -11910.52239724025,
        -12840.608646999428,
        -13850.10261067898,
        -14936.677979349142
    ],
    "vevDepthImag": [
        0.0,
        0.0,
        0.0,
        0.0,
        0.0,
        0.0,
        0.0,
        0.0,
        0.0,
        0.0,
        0.0,
        0.0,
        0.0,
        0.0,
        0.0,
        0.0,
        0.0,
        0.0,
        0.0,
        0.0,
        0.0,
        0.0,
        0.0,
        0.0,
        0.0,
        0.0,
        0.0,
        0.0,
        0.0,
        0.0,
        0.0,
        0.0
    ],
    "vevLocation": [
        [
            -0.00037249569106531655,
            1.587221461951671e-05,
            -0.0009082359859378386,
            -0.0007434487902375359,
            0.00041002722108060205,
            3.1274649435759916e-05,
            -0.000477022717028798,
            0.0002193577756204497,
            1.1134859941259578e-05,
            0.0001495888746853094,
            -5.22981582805615e-05,
            9.368652419601504e-05,
            9.361979813604648e-05,
            0.0006690388495200553,
            0.00010919725881382552,
            -3.1282699005652503e-06,
            0.0008477062157673798,
            3.099759979779959e-06,
            -2.3015587930219628e-05,
            1.4217588217489002e-05,
            0.0006040787677939622,
            -0.00037142664887342483,
            -8.270687273687072e-06,
            0.0012069755696441226,
            2.775919772341276e-05,
            8.532449188525248e-06,
            0.0007704688961610792,
            -0.0010073463361884721,
            0.0003707701158444099,
            0.00037077,
            4.835602355292046e-05,
            4.836e-05
        ],
        [
            0.0001,
            0.0001,
            0.0001,
            0.0001,
            0.0001,
            0.0001,
            0.0001,
            0.0001,
            0.0001,
            0.0001,
            0.0001,
            0.0001,
            0.0001,
            0.0001,
            0.0001,
            0.0001,
            0.0001,
            0.0001,
            0.0001,
            0.0001,
            0.0001,
            0.0001,
            0.0001,
            0.0001,
            0.0001,
            0.0001,
            0.0001,
            0.0001,
            0.0001,
            0.0001,
            0.0001,
            0.0001
        ],
        [
            22.020099138642752,
            21.73343825726314,
            21.44304486277021,
            21.14848771153561,
            20.8494766388597,
            20.546976602858003,
            20.240294854973335,
            19.92594543529934,
            19.60731885194904,
            19.28194157298692,
            18.948630858971274,
            18.60788120495277,
            18.25757028328167,
            17.8972840827227,
            17.52541388412477,
            17.140409863978324,
            16.741114317888965,
            16.32315218213828,
            15.885641285059059,
            15.424205614798453,
            14.936381478535136,
            14.408050101904566,
            13.83804573584623,
            13.208576756044831,
            12.496513995382122,
            11.65966169949609,
            10.60179128313922,
            8.939177926290368,
            0.0001,
            0.0001,
            0.0001,
            0.0001
        ]
    ],
    "bIsPerturbative": [
        true,
        true,
        true,
        true,
        true,
        true,
        true,
        true,
        true,
        true,
        true,
        true,
        true,
        true,
        true,
        true,
        true,
        true,
        true,
        true,
        true,
        true,
        true,
        true,
        true,
        true,
        true,
        true,
        true,
        true,
        true,
        true
    ],
    "failureReason": false
}