{
    "T": [
        90.0,
        91.0,
        92.0,
        93.0,
        94.0,
        95.0,
        96.0,
        97.0,
        98.0,
        99.0,
        100.0,
        101.0,
        102.0,
        103.0,
        104.0,
        105.0,
        106.0,
        107.0,
        108.0,
        109.0,
        110.0,
        111.0,
        112.0,
        113.0,
        114.0,
        115.0,
        116.0,
        117.0,
        118.0,
        119.0,
        120.0,
        121.0
    ],
    "vevDepthReal": [
        -445444.94568902266,
        -421175.31734858826,
        -397443.3661415668,
        -374253.15434014786,
        -351609.51058832015,
        -329517.9510477308,
        -307984.80452958046,
        -287017.19115537906,
        -266623.13583412755,
        -246811.5589148222,
        -227592.33523293253,
        -208976.47090425095,
        -190976.1485456261,
        -173604.85772184265,
        -156877.67582296618,
        -140811.27301698978,
        -125424.39901375536,
        -110738.14933100989,
        -96776.47223268724,
        -83566.81784091968,
        -71141.09746271897,
        -59536.99961566962,
        -48800.095720997895,
        -38987.20228899602,
        -30172.32824459389,
        -22458.681049165436,
        -16007.721848742669,
        -11148.140244241162,
        -11910.184210937829,
        -12840.253821270664,
        -13849.754662891568,
        -14936.360033775823
    ],
    "vevDepthImag": [
        0.0,
        0.0,
        0.0,
        0.0,
        0.0,
        0.0,
        0.0,
        0.0,
        0.0,
        0.0,
        0.0,
        0.0,
        0.0,
        0.0,
        0.0,
        0.0,
        0.0,
        0.0,
        0.0,
        0.0,
        0.0,
        0.0,
        0.0,
        0.0,
        0.0,
        0.0,
        0.0,
        0.0,
        0.0,
        0.0,
        0.0,
        0.0
    ],
    "vevLocation": [
        [
            0.00019948156937063186,
            -0.00033313878434029776,
            0.00014165899680849796,
            -3.1941952971584198e-06,
            0.0003905540313081709,
            1.3623093702494482e-06,
            -0.00015901449080436142,
            -0.0017269237703941315,
            -0.00042077171610251096,
            5.7017123869879116e-05,
            1.0850873162358138e-05,
            -6.070772237799088e-05,
            7.641180765494138e-05,
            -0.0011337101793430504,
            -0.00034698996795085035,
            3.850253071280285e-05,
            1.8936706852795693e-05,
            5.496165266518846e-05,
            5.131052937654493e-06,
            0.001103665787537067,
            -0.00033176564699907707,
            0.00013299742098419947,
            0.0005329851399253488,
            -0.0002693911493662788,
            0.0007220052928362711,
            0.0005238930124553121,
            2.8975994077331396e-05,
            2.0452568840629995e-05,
            -0.00019341626618583907,
            3.428496246104867e-05,
            4.343114841739972e-05,
            4.343e-05
        ],
        [
            0.0001,
            0.00024300888061742793,
            0.0001,
            0.001462903281761974,
            0.0001,
            0.0001,
            0.0001,
            0.00040077777950279055,
            0.0008719719797058811,
            0.0001,
            0.0001,
            0.0001,
            0.0001,
            0.0001,
            0.00032555611325389797,
            0.0001,
            0.0001,
            0.0001,
            0.0001,
            0.0001,
            0.0001,
            0.0001,
            0.0001,
            0.0001,
            0.0013972337642427395,
            0.0001,
            0.0001,
            0.00044436073929479377,
            0.0001,
            0.0001,
            0.0001,
            0.0001
        ],
        [
            22.022299633101635,
            21.734239201640836,
            21.443511929116017,
            21.149162229206727,
            20.850730214480073,
            20.54866254823868,
            20.2407338612395,
            19.928059746367996,
            19.607121376594797,
            19.2836854512841,
            18.950669066727457,
            18.609551716927115,
            18.259478002763412,
            17.90174232318047,
            17.5277723426186,
            17.142583824872744,
            16.742525211154486,
            16.32597003357051,
            15.88798217044594,
            15.42659748327536,
            14.936746993004922,
            14.410896681076272,
            13.84024433591958,
            13.210781550341997,
            12.496164016522558,
            11.663597355497304,
            10.603078849482964,
            8.94597772200649,
            0.0001,
            0.0001,
            0.0001,
            0.0001
        ]
    ],
    "bIsPerturbative": [
        true,
        true,
        true,
        true,
        true,
        true,
        true,
        true,
        true,
        true,
        true,
        true,
        true,
        true,
        true,
        true,
        true,
        true,
        true,
        true,
        true,
        true,
        true,
        true,
        true,
        true,
        true,
        true,
        true,
        true,
        true,
        true
    ],
    "failureReason": false
}