{
    "bmNumber": 0,
    "failureReason": false,
    "T": [
        90.0,
        91.0,
        92.0,
        93.0,
        94.0,
        95.0,
        96.0,
        97.0,
        98.0,
        99.0,
        100.0,
        101.0,
        102.0,
        103.0,
        104.0,
        105.0,
        106.0,
        107.0,
        108.0,
        109.0,
        110.0,
        111.0,
        112.0,
        113.0,
        114.0,
        115.0,
        116.0,
        117.0,
        118.0,
        119.0,
        120.0
    ],
    "vevDepthReal": [
        -443999.3812799061,
        -419754.068584116,
        -396046.64452169527,
        -372881.2498119456,
        -350262.7276493401,
        -328196.66879005206,
        -306689.5080071137,
        -285748.3896392724,
        -265381.4163606504,
        -245597.52113575282,
        -226406.8310140921,
        -207820.30044967023,
        -189850.25615950543,
        -172510.3271701086,
        -155815.65439331686,
        -139783.12188046315,
        -124431.63589357884,
        -109782.50001305852,
        -95859.91077098265,
        -82691.63815710919,
        -70309.98432102866,
        -58753.16747628544,
        -48067.48337587557,
        -38310.804675456224,
        -29558.831770676785,
        -21917.740759078843,
        -15555.733612157303,
        -11080.276762621732,
        -11932.219610743388,
        -12866.216055067485,
        -13879.432566755802
    ],
    "vevDepthImag": [
        0.0,
        0.0,
        0.0,
        0.0,
        0.0,
        0.0,
        0.0,
        0.0,
        0.0,
        0.0,
        0.0,
        0.0,
        0.0,
        0.0,
        0.0,
        0.0,
        0.0,
        0.0,
        0.0,
        0.0,
        0.0,
        0.0,
        0.0,
        0.0,
        0.0,
        0.0,
        0.0,
        0.0,
        0.0,
        0.0,
        0.0
    ],
    "vevLocation": [
        [
            0.00043544109433593485,
            -7.59742682568329e-05,
            -0.00030230917212442643,
            2.610689208032424e-05,
            7.010849593978158e-05,
            -7.003073429094793e-05,
            2.1587622459247335e-05,
            0.00037510053944175836,
            -8.383001429980094e-06,
            0.002915372104936864,
            5.884718671362796e-05,
            2.5813770442868755e-05,
            -0.00036830340871152334,
            -1.458923003220397e-05,
            0.00019696865539618573,
            0.00019098188328040347,
            -0.0001210059610529811,
            0.00022233450832904642,
            0.0005672733992415566,
            -5.4560198366887525e-05,
            -0.00036062013417673816,
            -6.0551490886354836e-05,
            -5.52615544603674e-06,
            3.005922094215588e-06,
            8.001882347367624e-05,
            7.253025480103564e-05,
            1.5162704900303914e-05,
            0.00013556709190270383,
            4.639682636520296e-05,
            0.00024922212446127495,
            4.6593891565137574e-05
        ],
        [
            0.0001,
            0.0001,
            0.0001,
            0.0001,
            0.0001,
            0.0019038723316582669,
            0.0001,
            0.0009590717572097471,
            0.0001,
            0.0001,
            0.0001,
            0.0001,
            0.0001,
            0.0001,
            0.0001,
            0.0001,
            0.0001,
            0.0001,
            0.0001,
            0.0008652886897976808,
            0.0001,
            0.0001,
            0.0001,
            0.0001,
            0.0001,
            0.0005832952802445068,
            0.0001,
            0.0001,
            0.0001,
            0.0001,
            0.0001
        ],
        [
            22.01509099228728,
            21.727558793367233,
            21.43712826760015,
            21.141485779082632,
            20.842844758327722,
            20.539549989283046,
            20.231546317141895,
            19.917444206717448,
            19.598627428164953,
            19.273855590443038,
            18.938908448471295,
            18.59730839185275,
            18.246659147688153,
            17.885208511472737,
            17.51256887907527,
            17.12635689177795,
            16.725055601768005,
            16.30620283182749,
            15.866741781121615,
            15.403926592000136,
            14.910580494189686,
            14.38206325695544,
            13.807935965646838,
            13.173229758359787,
            12.453892280082485,
            11.606479318973149,
            10.522251650977399,
            0.0001,
            0.0001,
            0.0001,
            0.0001
        ]
    ],
    "violatedHardScale": [
        false,
        false,
        false,
        false,
        false,
        false,
        false,
        false,
        false,
        false,
        false,
        false,
        false,
        false,
        false,
        false,
        false,
        false,
        false,
        false,
        false,
        false,
        false,
        false,
        false,
        false,
        false,
        false,
        false,
        false,
        false
    ]
}