{
    "T": [
        90.0,
        91.0,
        92.0,
        93.0,
        94.0,
        95.0,
        96.0,
        97.0,
        98.0,
        99.0,
        100.0,
        101.0,
        102.0,
        103.0,
        104.0,
        105.0,
        106.0,
        107.0,
        108.0,
        109.0,
        110.0,
        111.0,
        112.0,
        113.0,
        114.0,
        115.0,
        116.0,
        117.0,
        118.0,
        119.0,
        120.0,
        121.0
    ],
    "vevDepthReal": [
        -445315.742443081,
        -421046.5208618595,
        -397315.0888497187,
        -374125.54057923943,
        -351482.6775691503,
        -329392.05081786594,
        -307859.9863067392,
        -286893.62393460906,
        -266500.97168416955,
        -246690.9344414113,
        -227473.4685870977,
        -208859.53477599582,
        -190861.3396020745,
        -173492.4027656325,
        -156767.75000490647,
        -140704.12820900028,
        -125320.2889922169,
        -110637.34378805231,
        -96679.26436540442,
        -83473.53961566325,
        -71052.10567318043,
        -59452.718141713354,
        -48721.027639861066,
        -38913.945321720996,
        -30105.672717309353,
        -22399.689445842017,
        -15958.17804032839,
        -11112.371747864165,
        -11910.20386647326,
        -12840.275667517993,
        -13849.77811088486,
        -14936.384160873633
    ],
    "vevDepthImag": [
        0.0,
        0.0,
        0.0,
        0.0,
        0.0,
        0.0,
        0.0,
        0.0,
        0.0,
        0.0,
        0.0,
        0.0,
        0.0,
        0.0,
        0.0,
        0.0,
        0.0,
        0.0,
        0.0,
        0.0,
        0.0,
        0.0,
        0.0,
        0.0,
        0.0,
        0.0,
        0.0,
        0.0,
        0.0,
        0.0,
        0.0,
        0.0
    ],
    "vevLocation": [
        [
            0.00010633917443496343,
            -4.800994292464972e-05,
            7.492057101210481e-05,
            -2.516180890629882e-05,
            0.00011149378611627347,
            0.00010061754555101311,
            0.000132448740184532,
            0.00012700215161609574,
            -1.6265447442001535e-05,
            -0.0016814813015168005,
            6.640552395370254e-05,
            0.00027984027914354156,
            -5.6953866491002425e-05,
            9.749989656409277e-06,
            -0.0001925599081325025,
            7.641556609267863e-05,
            9.091655615323102e-05,
            -5.568602964810265e-05,
            -0.00023854311304906568,
            -8.569252665964477e-08,
            -0.0006999378534047578,
            0.00018993496827724582,
            -3.385320313725737e-05,
            4.851820663842599e-06,
            2.8193684441409073e-05,
            -0.0001171676679921907,
            2.7012247451177474e-05,
            -3.155209131988808e-05,
            5.722959579914505e-05,
            2.748806455779053e-05,
            4.3314281566338515e-05,
            1.8680986857723887e-05
        ],
        [
            0.0001,
            0.00013937417346036613,
            0.0001,
            0.0001,
            0.0001,
            0.0001,
            0.0001,
            0.0006770563410005939,
            0.0001,
            0.0001,
            0.0001,
            0.0001,
            0.0001,
            0.0001,
            0.0001,
            0.0001,
            0.0001,
            0.0001,
            0.0001,
            0.0001,
            0.0001,
            0.0001,
            0.0001,
            0.0001,
            0.0001,
            0.0001,
            0.0001,
            0.001712959134486754,
            0.0001,
            0.0001,
            0.0001,
            0.0001
        ],
        [
            22.01894039206164,
            21.733101740945223,
            21.442651596632203,
            21.147936263663127,
            20.849704574854407,
            20.546879043799315,
            20.238886058750268,
            19.92610452274085,
            19.60723337424788,
            19.281335200599827,
            18.94909377699,
            18.60818606978892,
            18.257589511622538,
            17.89705816860925,
            17.525521158290836,
            17.14083466570773,
            16.739910000916485,
            16.32233418061948,
            15.884893799451428,
            15.423270780281861,
            14.933633392679942,
            14.40506033569831,
            13.83593917225443,
            13.205796282508386,
            12.493451168097366,
            11.65602581338185,
            10.593989553614373,
            8.929321117981644,
            0.0001,
            0.0001,
            0.0001,
            0.0001
        ]
    ],
    "failureReason": false
}