{
    "bmNumber": 0,
    "failureReason": false,
    "T": [
        90.0,
        91.0,
        92.0,
        93.0,
        94.0,
        95.0,
        96.0,
        97.0,
        98.0,
        99.0,
        100.0,
        101.0,
        102.0,
        103.0,
        104.0,
        105.0,
        106.0,
        107.0,
        108.0,
        109.0,
        110.0,
        111.0,
        112.0,
        113.0,
        114.0,
        115.0,
        116.0,
        117.0,
        118.0,
        119.0,
        120.0
    ],
    "vevDepthReal": [
        -443999.3779629305,
        -419754.0685841164,
        -396046.64841223083,
        -372881.24947352294,
        -350262.727649339,
        -328196.6774628656,
        -306689.50800710975,
        -285748.39257660107,
        -265381.41636064893,
        -245597.56390446358,
        -226406.8292561289,
        -207820.3004496708,
        -189850.25615950514,
        -172510.32715807174,
        -155815.654001901,
        -139783.12165595815,
        -124431.63557682792,
        -109782.50001305883,
        -95859.91077200408,
        -82691.63926676108,
        -70309.98432102885,
        -58753.16706408539,
        -48067.483375875614,
        -38310.804649368365,
        -29558.831770940345,
        -21917.740759080774,
        -15555.732451632633,
        -11080.276884460016,
        -11932.219686231358,
        -12866.216131435755,
        -13879.433125539948
    ],
    "vevDepthImag": [
        0.0,
        0.0,
        0.0,
        0.0,
        0.0,
        0.0,
        0.0,
        0.0,
        0.0,
        0.0,
        0.0,
        0.0,
        0.0,
        0.0,
        0.0,
        0.0,
        0.0,
        0.0,
        0.0,
        0.0,
        0.0,
        0.0,
        0.0,
        0.0,
        0.0,
        0.0,
        0.0,
        0.0,
        0.0,
        0.0,
        0.0
    ],
    "vevLocation": [
        [
            0.0003264375068854908,
            -7.597415366337665e-05,
            8.873664316288998e-06,
            0.00015612252982478286,
            7.010846352612995e-05,
            -0.00125120579095081,
            2.156884720717206e-05,
            -0.00037660659475861804,
            -8.383021264894187e-06,
            0.00010018783656923214,
            -0.0005096272059736888,
            2.5813762050755362e-05,
            -0.0003683034102909266,
            2.7316654035412086e-05,
            -0.0003873130992080309,
            0.00017979902921938518,
            4.7192167219149705e-05,
            0.00022233455364928053,
            0.0005671245206592089,
            -0.00024036930620771092,
            -0.00036061996827613414,
            9.075905884479551e-05,
            -5.5258024229606906e-06,
            -1.575707026544096e-05,
            7.932925744095522e-05,
            7.253019180880269e-05,
            -7.186508604467567e-05,
            0.00012804915682605028,
            1.2653590361746958e-05,
            1.265e-05,
            1.265e-05
        ],
        [
            0.0006871169335856409,
            0.0001,
            0.0001,
            0.0001,
            0.0001,
            0.0001,
            0.0001,
            0.0005147466193561344,
            0.0001,
            0.0001,
            0.0001,
            0.0001,
            0.0001,
            0.0001,
            0.0001,
            0.00029608959987803345,
            0.0003539505547460592,
            0.0001,
            0.0001,
            0.0001,
            0.0001,
            0.0001,
            0.0001,
            0.0001,
            0.0001,
            0.0005832946183704008,
            0.0001,
            0.0001,
            0.0001,
            0.0001,
            0.0001
        ],
        [
            22.01459270918215,
            21.727558793179046,
            21.436240291763152,
            21.141265095658362,
            20.84284475831022,
            20.539111376580742,
            20.2315462765047,
            19.91861285241804,
            19.598627428396405,
            19.272543852426693,
            18.939474597829282,
            18.59730839188846,
            18.246659147704666,
            17.8852564388758,
            17.51212240959853,
            17.126331666945312,
            16.724922278224728,
            16.306202834801255,
            15.866742261174224,
            15.404421092352326,
            14.910580494460257,
            14.382799556074106,
            13.807935965104697,
            13.173356056920083,
            12.45389244061015,
            11.606479318824727,
            10.521025876366377,
            0.0001,
            0.0001,
            0.0001,
            0.0001
        ]
    ],
    "violatedHardScale": [
        false,
        false,
        false,
        false,
        false,
        false,
        false,
        false,
        false,
        false,
        false,
        false,
        false,
        false,
        false,
        false,
        false,
        false,
        false,
        false,
        false,
        false,
        false,
        false,
        false,
        false,
        false,
        false,
        false,
        false,
        false
    ]
}