{
    "T": [
        90.0,
        91.0,
        92.0,
        93.0,
        94.0,
        95.0,
        96.0,
        97.0,
        98.0,
        99.0,
        100.0,
        101.0,
        102.0,
        103.0,
        104.0,
        105.0,
        106.0,
        107.0,
        108.0,
        109.0,
        110.0,
        111.0,
        112.0,
        113.0,
        114.0,
        115.0,
        116.0,
        117.0,
        118.0,
        119.0,
        120.0,
        121.0
    ],
    "vevDepthReal": [
        -445443.37039061444,
        -421173.58294603217,
        -397441.4754908749,
        -374251.1625567459,
        -351607.40212586324,
        -329515.7525730081,
        -307982.5332084114,
        -287014.8835508249,
        -266620.78468449245,
        -246809.1797685742,
        -227589.96076279457,
        -208974.11784921985,
        -190973.83025675808,
        -173602.6112231733,
        -156875.4736956519,
        -140809.14588456094,
        -125422.36877257316,
        -110736.22460295606,
        -96774.66049585777,
        -83565.1362913261,
        -71139.53909104769,
        -59535.58877190396,
        -48798.83346818051,
        -38986.092903365345,
        -30171.39066097737,
        -22457.881840684284,
        -16007.115294701802,
        -11147.748602118654,
        -11910.20386641165,
        -12840.275851585568,
        -13849.777987381998,
        -14936.384015821162
    ],
    "vevDepthImag": [
        0.0,
        0.0,
        0.0,
        0.0,
        0.0,
        0.0,
        0.0,
        0.0,
        0.0,
        0.0,
        0.0,
        0.0,
        0.0,
        0.0,
        0.0,
        0.0,
        0.0,
        0.0,
        0.0,
        0.0,
        0.0,
        0.0,
        0.0,
        0.0,
        0.0,
        0.0,
        0.0,
        0.0,
        0.0,
        0.0,
        0.0,
        0.0
    ],
    "vevLocation": [
        [
            0.00015314258689374388,
            -0.00014715212708721337,
            -0.0012925713032030661,
            0.00021463627677859032,
            -4.396550826114715e-05,
            -0.0001751888156413823,
            -3.739970834500464e-05,
            6.134935878858438e-05,
            -0.0015594811238372058,
            -0.0010725544889865213,
            0.0003882115774608841,
            3.529978132743583e-06,
            7.683995830021217e-05,
            -0.00015090092968475521,
            -0.0004842807610681843,
            -0.0006194717696321461,
            0.0001427245535731681,
            0.0001251936934563158,
            0.0004086027045632351,
            -0.00014573006544775502,
            0.0006223207460496483,
            0.00029346996338390843,
            2.573498701826521e-05,
            -0.00021577421889883586,
            -0.0003244073224535071,
            0.0025263706612854127,
            3.849896312657641e-05,
            0.0003823229100891404,
            5.049186577427839e-05,
            4.440356054457324e-05,
            4.357812861842197e-05,
            0.0002268889941461419
        ],
        [
            0.0001,
            0.0001,
            0.0001,
            0.0001,
            0.0001,
            0.0001,
            0.0006283295644219448,
            0.0001,
            0.0001,
            0.0001,
            0.0007711373024992651,
            0.0001,
            0.0001,
            0.0004012019518513441,
            0.0001,
            0.0001,
            0.0001,
            0.0001,
            0.0001,
            0.0001,
            0.0014282072436783886,
            0.0001,
            0.0001,
            0.0001,
            0.0001,
            0.0006437008190052782,
            0.0001,
            0.0001,
            0.0001,
            0.0001,
            0.0001,
            0.0001
        ],
        [
            22.022191934441608,
            21.734835693114515,
            21.4448162865553,
            21.149310731383675,
            20.850844177704154,
            20.548256617522476,
            20.240637238712978,
            19.927449747894354,
            19.60909538144112,
            19.28280577171108,
            18.95046211557714,
            18.609672349035055,
            18.25942714733222,
            17.899250521230947,
            17.52712105982014,
            17.143524553004475,
            16.74238834603777,
            16.32533361508081,
            15.887108258044595,
            15.42630139835956,
            14.935595641301017,
            14.41039902119606,
            13.840092194438668,
            13.210512551330805,
            12.499363249075643,
            11.664223339838356,
            10.60308384973611,
            8.943094066433533,
            0.0001,
            0.0001,
            0.0001,
            0.0001
        ]
    ],
    "bIsPerturbative": [
        true,
        true,
        true,
        true,
        true,
        true,
        true,
        true,
        true,
        true,
        true,
        true,
        true,
        true,
        true,
        true,
        true,
        true,
        true,
        true,
        true,
        true,
        true,
        true,
        true,
        true,
        true,
        true,
        true,
        true,
        true,
        true
    ],
    "failureReason": false
}