{
    "T": [
        90.0,
        91.0,
        92.0,
        93.0,
        94.0,
        95.0,
        96.0,
        97.0,
        98.0,
        99.0,
        100.0,
        101.0,
        102.0,
        103.0,
        104.0,
        105.0,
        106.0,
        107.0,
        108.0,
        109.0,
        110.0,
        111.0,
        112.0,
        113.0,
        114.0,
        115.0,
        116.0,
        117.0,
        118.0,
        119.0,
        120.0,
        121.0
    ],
    "vevDepthReal": [
        -445443.37039061065,
        -421173.58293473243,
        -397441.4754905926,
        -374251.1627519645,
        -351607.402269451,
        -329515.75261102885,
        -307982.53471424425,
        -287014.88404218265,
        -266620.7954802264,
        -246809.18617889477,
        -227589.96077133174,
        -208974.1172109339,
        -190973.83025675686,
        -173602.6117716103,
        -156875.47369525055,
        -140809.0944441325,
        -125422.36702266031,
        -110736.22461420808,
        -96774.66049585867,
        -83565.13629134286,
        -71139.546447796,
        -59535.58876359589,
        -48798.83346647148,
        -38986.092530232985,
        -30171.390654682873,
        -22457.851643451093,
        -16007.115294701633,
        -11147.748601741465,
        -11910.204130216838,
        -12840.275570376885,
        -13849.777917176438,
        -14936.384032391781
    ],
    "vevDepthImag": [
        0.0,
        0.0,
        0.0,
        0.0,
        0.0,
        0.0,
        0.0,
        0.0,
        0.0,
        0.0,
        0.0,
        0.0,
        0.0,
        0.0,
        0.0,
        0.0,
        0.0,
        0.0,
        0.0,
        0.0,
        0.0,
        0.0,
        0.0,
        0.0,
        0.0,
        0.0,
        0.0,
        0.0,
        0.0,
        0.0,
        0.0,
        0.0
    ],
    "vevLocation": [
        [
            0.00015314339151526173,
            -0.00014795188181282448,
            -0.0012926006949795232,
            1.678814478459252e-06,
            1.0604538805076072e-05,
            0.00017573809292079426,
            0.00023872722767707922,
            8.861687825809095e-06,
            -0.00023872365203086998,
            0.0001091470083054158,
            0.0003877820193378956,
            -0.00028985631774422656,
            7.683995816676337e-05,
            -0.00019194819101506916,
            -0.0004843629799456198,
            0.003134958967502023,
            0.00018344048738272445,
            -1.4032492346299774e-05,
            0.00040860267469757655,
            -0.00014571681797691596,
            1.6607840922576445e-05,
            0.0002974997483298305,
            3.633552167695703e-05,
            0.00014638882529529988,
            -0.00032654416300602687,
            0.002566475219791007,
            3.849899092886466e-05,
            0.00038234763337740077,
            4.078479451363748e-05,
            4.078e-05,
            4.078e-05,
            4.27737880263267e-05
        ],
        [
            0.0001,
            0.0001,
            0.0001,
            0.0001,
            0.0001,
            0.0001,
            0.00014223559091582508,
            0.0001,
            0.0001,
            0.0001,
            0.0007698981272131426,
            0.0001,
            0.0001,
            0.0001,
            0.0001,
            0.0001,
            0.0001,
            0.0001,
            0.0001,
            0.0001,
            0.0001,
            0.0001,
            0.0001,
            0.0004582772203600029,
            0.0001,
            0.0033675852220791027,
            0.0001,
            0.0001,
            0.0001,
            0.0001,
            0.0001,
            0.0001
        ],
        [
            22.02219193586083,
            21.734838383500662,
            21.444816277171586,
            21.14928989516257,
            20.851019727350028,
            20.548262833637445,
            20.24061048150618,
            19.92780886205106,
            19.608863426856423,
            19.283353591645014,
            18.950461891062496,
            18.60937166581755,
            18.259427147327724,
            17.899140299428392,
            17.527121006143886,
            17.13969685754115,
            16.741633335079843,
            16.325057370922018,
            15.887108258117202,
            15.426301410337812,
            14.936179867066622,
            14.41074284069233,
            13.840078972151133,
            13.210621035606737,
            12.499366406978199,
            11.666704012985388,
            10.603083849274203,
            8.943099806512404,
            0.0001,
            0.0001,
            0.0001,
            0.0001
        ]
    ],
    "bIsPerturbative": [
        true,
        true,
        true,
        true,
        true,
        true,
        true,
        true,
        true,
        true,
        true,
        true,
        true,
        true,
        true,
        true,
        true,
        true,
        true,
        true,
        true,
        true,
        true,
        true,
        true,
        true,
        true,
        true,
        true,
        true,
        true,
        true
    ],
    "failureReason": false
}