{
    "T": [
        90.0,
        91.0,
        92.0,
        93.0,
        94.0,
        95.0,
        96.0,
        97.0,
        98.0,
        99.0,
        100.0,
        101.0,
        102.0,
        103.0,
        104.0,
        105.0,
        106.0,
        107.0,
        108.0,
        109.0,
        110.0,
        111.0,
        112.0,
        113.0,
        114.0,
        115.0,
        116.0,
        117.0,
        118.0,
        119.0,
        120.0,
        121.0
    ],
    "vevDepthReal": [
        -445315.7350880844,
        -421046.52086242684,
        -397315.0894491443,
        -374125.54026632116,
        -351482.6771649757,
        -329392.0507447331,
        -307859.9862268325,
        -286893.62538718234,
        -266500.97143591684,
        -246690.93479193468,
        -227473.46517717463,
        -208859.5348399951,
        -190861.33960210127,
        -173492.40202403965,
        -156767.74912723538,
        -140704.09263002346,
        -125320.28899093115,
        -110637.34378801796,
        -96679.26436458975,
        -83473.539620309,
        -71052.10807530629,
        -59452.722523093,
        -48721.027639860244,
        -38913.94532172607,
        -30105.672717308888,
        -22399.689579048907,
        -15958.178040310855,
        -11112.382388953096,
        -11910.203858420618,
        -12840.275862327071,
        -13849.778145338876,
        -14936.384080807851
    ],
    "vevDepthImag": [
        0.0,
        0.0,
        0.0,
        0.0,
        0.0,
        0.0,
        0.0,
        0.0,
        0.0,
        0.0,
        0.0,
        0.0,
        0.0,
        0.0,
        0.0,
        0.0,
        0.0,
        0.0,
        0.0,
        0.0,
        0.0,
        0.0,
        0.0,
        0.0,
        0.0,
        0.0,
        0.0,
        0.0,
        0.0,
        0.0,
        0.0,
        0.0
    ],
    "vevLocation": [
        [
            0.0020151144428480067,
            -4.786048411196259e-05,
            1.8038704834664326e-05,
            -0.00015289335401260512,
            0.00010379878684829594,
            0.00010430699789978556,
            0.00031072814443793007,
            -0.00022074773040654631,
            -0.00021337577364223884,
            0.0013865731196532147,
            -0.00015775299764231657,
            0.00026608454450543356,
            -5.6941754127157445e-05,
            0.00044218504412858305,
            7.103602674129322e-05,
            0.0021143553093959724,
            9.313898115703712e-05,
            -5.567652976645743e-05,
            -0.00023897605561988555,
            2.9274413147090464e-05,
            -0.00031325564039915484,
            5.485488129264261e-05,
            -3.385336903410918e-05,
            4.817846269988824e-06,
            2.8193682944537002e-05,
            -8.009993034692464e-05,
            2.7021525642770966e-05,
            0.00017392626857731797,
            -0.0002071232492867445,
            2.001037997996849e-05,
            4.3205889317177697e-05,
            1.0761534249077026e-05
        ],
        [
            0.0001,
            0.0001390198829042148,
            0.0001,
            0.0001,
            0.0001,
            0.0001,
            0.0001,
            0.0002675507400003302,
            0.0001,
            0.0008587672311145302,
            0.0001,
            0.0001,
            0.0001,
            0.0001,
            0.0001,
            0.00255046055035181,
            0.0001,
            0.0001,
            0.0001,
            0.0001,
            0.0001,
            0.0001,
            0.0001,
            0.0001,
            0.0001,
            0.0001,
            0.0001,
            0.0001,
            0.0001,
            0.0001,
            0.0001,
            0.0001
        ],
        [
            22.020583109725727,
            21.733101852666202,
            21.442246541453677,
            21.14811530998342,
            20.849898000237943,
            20.546945235116382,
            20.239142813044648,
            19.926087422874314,
            19.60708773575679,
            19.280840279044117,
            18.949805418633268,
            18.60817508682065,
            18.257589468595228,
            17.897144568898536,
            17.524376991220326,
            17.139325921722147,
            16.739909836683918,
            16.322334126692212,
            15.884894030734495,
            15.423197580376861,
            14.932466559236847,
            14.407432887062228,
            13.835939171806618,
            13.205796313330016,
            12.493451168098995,
            11.655642496890264,
            10.593989393039788,
            8.924140818927862,
            0.0001,
            0.0001,
            0.0001,
            0.0001
        ]
    ],
    "failureReason": false
}