{
    "T": [
        90.0,
        91.0,
        92.0,
        93.0,
        94.0,
        95.0,
        96.0,
        97.0,
        98.0,
        99.0,
        100.0,
        101.0,
        102.0,
        103.0,
        104.0,
        105.0,
        106.0,
        107.0,
        108.0,
        109.0,
        110.0,
        111.0,
        112.0,
        113.0,
        114.0,
        115.0,
        116.0,
        117.0,
        118.0,
        119.0,
        120.0,
        121.0
    ],
    "vevDepthReal": [
        -445443.3703906134,
        -421173.5829432776,
        -397441.4754918544,
        -374251.1551170523,
        -351607.40116419125,
        -329515.75272075646,
        -307982.53501397703,
        -287014.88404130656,
        -266620.7954802265,
        -246809.18624296554,
        -227589.9607732706,
        -208974.11773599515,
        -190973.83025675736,
        -173602.61198091667,
        -156875.4744291648,
        -140809.0944440446,
        -125422.36885103253,
        -110736.2246029603,
        -96774.66049585953,
        -83565.13629133282,
        -71139.54642749966,
        -59535.58593289959,
        -48798.83346597028,
        -38986.093038574996,
        -30171.39065150927,
        -22457.896796597048,
        -16007.115294702047,
        -11147.74860183819,
        -11910.203741432273,
        -12840.27573035611,
        -13849.778129151424,
        -14936.38437651753
    ],
    "vevDepthImag": [
        0.0,
        0.0,
        0.0,
        0.0,
        0.0,
        0.0,
        0.0,
        0.0,
        0.0,
        0.0,
        0.0,
        0.0,
        0.0,
        0.0,
        0.0,
        0.0,
        0.0,
        0.0,
        0.0,
        0.0,
        0.0,
        0.0,
        0.0,
        0.0,
        0.0,
        0.0,
        0.0,
        0.0,
        0.0,
        0.0,
        0.0,
        0.0
    ],
    "vevLocation": [
        [
            0.00015314286720158245,
            -0.000147353592898046,
            -0.0012924698166368875,
            0.00022655240519527456,
            0.00039098556553781184,
            6.81076814724596e-05,
            -3.522945903075558e-05,
            9.275327767899189e-06,
            -0.0002387237407454612,
            1.3160120186692104e-05,
            0.00038768403318256706,
            -0.00010217234457458868,
            7.683995634955032e-05,
            1.7721672375597963e-05,
            -9.499764841270145e-05,
            0.003134958537488016,
            -1.0190154609953511e-05,
            0.000125188833444978,
            0.0004086025320656564,
            -0.00014572478561203361,
            7.443543467580563e-05,
            -0.0007276643510503587,
            3.8658252487652756e-05,
            -6.236808655163059e-05,
            -0.00032761694760771384,
            -0.00015200664084190005,
            3.849896176072454e-05,
            0.000382341328928143,
            1.4913385759984799e-05,
            1.491e-05,
            4.315051761588052e-05,
            4.315e-05
        ],
        [
            0.0001,
            0.0001,
            0.0001,
            0.0012343968416795668,
            0.0001,
            0.0001,
            0.0001,
            0.0001,
            0.0001,
            0.0001,
            0.0007696165951886426,
            0.0001,
            0.0001,
            0.0001,
            0.0001,
            0.0001,
            0.0001,
            0.0001,
            0.0001,
            0.0001,
            0.0001,
            0.0001,
            0.0001,
            0.0001,
            0.0001,
            0.0001,
            0.0001,
            0.0001,
            0.0001,
            0.0001,
            0.0001,
            0.0001
        ],
        [
            22.02219193491353,
            21.734836348202418,
            21.444816318805834,
            21.149036173390506,
            20.850701369393356,
            20.54825809336457,
            20.240646451283613,
            19.927796336570857,
            19.608863426859944,
            19.283434256522124,
            18.950461840366312,
            18.6097968150028,
            18.259427147331643,
            17.89926917901488,
            17.527790449512946,
            17.13969685045908,
            16.742451953281027,
            16.325333614579915,
            15.887108258395381,
            15.42630140422728,
            14.93625131902891,
            14.40960241686494,
            13.84007632317386,
            13.210697935739,
            12.499367989185986,
            11.663819032891546,
            10.60308384976559,
            8.94309835686198,
            0.0001,
            0.0001,
            0.0001,
            0.0001
        ]
    ],
    "bIsPerturbative": [
        true,
        true,
        true,
        true,
        true,
        true,
        true,
        true,
        true,
        true,
        true,
        true,
        true,
        true,
        true,
        true,
        true,
        true,
        true,
        true,
        true,
        true,
        true,
        true,
        true,
        true,
        true,
        true,
        true,
        true,
        true,
        true
    ],
    "failureReason": false
}