{
    "T": [
        90.0,
        91.0,
        92.0,
        93.0,
        94.0,
        95.0,
        96.0,
        97.0,
        98.0,
        99.0,
        100.0,
        101.0,
        102.0,
        103.0,
        104.0,
        105.0,
        106.0,
        107.0,
        108.0,
        109.0,
        110.0,
        111.0,
        112.0,
        113.0,
        114.0,
        115.0,
        116.0,
        117.0,
        118.0,
        119.0,
        120.0
    ],
    "vevDepthReal": [
        -445346.4862143803,
        -421069.4695874646,
        -397331.1236704446,
        -374135.77557499363,
        -351488.232755992,
        -329393.8063101189,
        -307858.9776874369,
        -286890.6869072464,
        -266497.0823064751,
        -246686.98924470157,
        -227470.05243813255,
        -208857.62005795373,
        -190861.39009906084,
        -173495.07631938704,
        -156773.42779550471,
        -140713.24680682152,
        -125332.99915006137,
        -110653.85594949097,
        -96699.60432874673,
        -83497.51113643695,
        -71079.58937714781,
        -59483.29893421993,
        -48754.179883942896,
        -38948.897989680394,
        -30141.42513605162,
        -22434.8921675842,
        -15990.808134060222,
        -11182.015250884728,
        -12058.21779784402,
        -13024.419329272325,
        -14009.621330262205
    ],
    "vevDepthImag": [
        0.0,
        0.0,
        0.0,
        0.0,
        0.0,
        0.0,
        0.0,
        0.0,
        0.0,
        0.0,
        0.0,
        0.0,
        0.0,
        0.0,
        0.0,
        0.0,
        0.0,
        0.0,
        0.0,
        0.0,
        0.0,
        0.0,
        0.0,
        0.0,
        0.0,
        0.0,
        0.0,
        0.0,
        0.0,
        0.0,
        0.0
    ],
    "vevLocation": [
        [
            0.003410928449955164,
            0.0007081684520268139,
            0.0009022903993337814,
            -0.00026210139010174327,
            -0.001344160975817417,
            9.040609539251454e-05,
            0.001212528856742251,
            0.0006751437292779883,
            -0.0003033926085240224,
            -0.0034207307176987722,
            -9.686397760338972e-05,
            0.00043392235190639616,
            -0.0013313687248045353,
            0.000325543907428635,
            -0.0027885510854728027,
            0.0025668836021030296,
            -0.0002703968283978061,
            0.00020508977701104436,
            0.0022239327675671605,
            0.0009672428468910782,
            0.00037890108462017465,
            -0.0005768901436935651,
            -1.5128506900358163e-05,
            -0.0010562395360452226,
            -0.00021964094062845805,
            0.0006406855631314289,
            0.0012570452833482668,
            -0.003708722816178067,
            -0.00370872,
            0.0035555749651424995,
            0.00355557
        ],
        [
            0.0001,
            0.0001,
            0.001499600192368361,
            0.0001,
            0.0001,
            0.0001,
            0.00023251150358635949,
            0.0001,
            0.0001,
            0.0001,
            0.0001,
            0.0001,
            0.002108957392251122,
            0.001832327757264147,
            0.0001,
            0.0007137063481018409,
            0.0005666529542850052,
            0.0001,
            0.0014864722467893357,
            0.0001,
            0.0001,
            0.0001,
            0.0011469062616939357,
            0.0012387302970190783,
            0.0028826178822157064,
            0.0001,
            0.0001,
            0.0001,
            0.0001,
            0.0001,
            0.0001
        ],
        [
            22.021138121006764,
            21.733374394838886,
            21.440445213056723,
            21.147796839795454,
            20.84951488984772,
            20.54585903603492,
            20.239472365842715,
            19.920738842441263,
            19.606001484744166,
            19.279532311856073,
            18.94779133804782,
            18.607056101120325,
            18.255585096755947,
            17.89623339800798,
            17.52125985636047,
            17.13842468242987,
            16.73903702527787,
            16.32200323778339,
            15.884766099953767,
            15.421941948194338,
            14.933414684554768,
            14.410045973377223,
            13.836180004100575,
            13.207704642193091,
            12.495937782266475,
            11.661117552386349,
            10.597195114868418,
            0.0001,
            0.0001,
            0.0001,
            0.0001
        ]
    ],
    "bIsPerturbative": [
        true,
        true,
        true,
        true,
        true,
        true,
        true,
        true,
        true,
        true,
        true,
        true,
        true,
        true,
        true,
        true,
        true,
        true,
        true,
        true,
        true,
        true,
        true,
        true,
        true,
        true,
        true,
        true,
        true,
        true,
        true
    ],
    "failureReason": false
}