{
    "T": [
        90.0,
        91.0,
        92.0,
        93.0,
        94.0,
        95.0,
        96.0,
        97.0,
        98.0,
        99.0,
        100.0,
        101.0,
        102.0,
        103.0,
        104.0,
        105.0,
        106.0,
        107.0,
        108.0,
        109.0,
        110.0,
        111.0,
        112.0,
        113.0,
        114.0,
        115.0,
        116.0,
        117.0,
        118.0,
        119.0,
        120.0,
        121.0
    ],
    "vevDepthReal": [
        -445443.37039061455,
        -421173.5829495639,
        -397441.47549058736,
        -374251.16183531604,
        -351607.4019925637,
        -329515.7525730247,
        -307982.5330268816,
        -287014.8725509094,
        -266620.7648078566,
        -246809.18623940446,
        -227589.96076288627,
        -208974.1172109342,
        -190973.83025675817,
        -173602.61122268386,
        -156875.4736956728,
        -140809.1502962378,
        -125422.3688510327,
        -110736.22460294545,
        -96774.66049585692,
        -83565.13629132087,
        -71139.54642328086,
        -59535.586072879356,
        -48798.83346743875,
        -38986.09298378174,
        -30171.390661232654,
        -22457.851644051843,
        -16007.115294701645,
        -11147.74860211767,
        -11910.203873178096,
        -12840.27601728443,
        -13849.778321641346,
        -14936.384091142036
    ],
    "vevDepthImag": [
        0.0,
        0.0,
        0.0,
        0.0,
        0.0,
        0.0,
        0.0,
        0.0,
        0.0,
        0.0,
        0.0,
        0.0,
        0.0,
        0.0,
        0.0,
        0.0,
        0.0,
        0.0,
        0.0,
        0.0,
        0.0,
        0.0,
        0.0,
        0.0,
        0.0,
        0.0,
        0.0,
        0.0,
        0.0,
        0.0,
        0.0,
        0.0
    ],
    "vevLocation": [
        [
            0.00015314305003442203,
            -0.0001468927461126049,
            -0.0012926012901302575,
            -0.0003715737196511998,
            -0.0002052511281275867,
            -0.00017521011309325554,
            -0.0005539157006845055,
            0.000551755833964062,
            -0.0022372293800086776,
            -5.297058111310496e-06,
            0.0003882069083646633,
            -0.00028985631836762546,
            7.683995658180898e-05,
            -0.000150819116583642,
            -0.0004842763989585802,
            5.8240857370958285e-05,
            -1.0190324899322922e-05,
            0.00012520729541923292,
            0.0004086028849234792,
            -0.000145733647774874,
            -3.6241480188853314e-05,
            0.00039541323645629275,
            3.1080941980517196e-05,
            0.00010325206068384843,
            -0.0003243205402149972,
            0.0025664159933518893,
            3.849898574348476e-05,
            0.0003823230775851852,
            -0.0001417854987855417,
            -0.00014179,
            -0.00014179,
            4.0128477451039296e-05
        ],
        [
            0.0001,
            0.0001,
            0.0001,
            0.0001,
            0.0001,
            0.0001,
            0.0001,
            0.0001,
            0.0001,
            0.0001,
            0.0007711243724542222,
            0.0001,
            0.0001,
            0.0004013897456304683,
            0.0001,
            0.0001,
            0.0001,
            0.0001,
            0.0001,
            0.0001,
            0.0001,
            0.0009383974470609808,
            0.0001,
            0.0001,
            0.0001,
            0.003367574286750904,
            0.0001,
            0.0001,
            0.0001,
            0.0001,
            0.0001,
            0.0001
        ],
        [
            22.022191935215425,
            21.734834852453826,
            21.444816276908952,
            21.14910156890828,
            20.850906725454863,
            20.54825672356415,
            20.241141606308087,
            19.929480591703822,
            19.60737045673156,
            19.283409301089648,
            18.950462114043198,
            18.609371665824106,
            18.259427147327077,
            17.899250685855673,
            17.527121062664687,
            17.142608500523146,
            16.742451953890036,
            16.32533361636609,
            15.887108257659726,
            15.42630139501572,
            14.936080790849315,
            14.410177997727088,
            13.840085240573941,
            13.210386246232492,
            12.499363120602995,
            11.666704019731528,
            10.603083849378944,
            8.943094082747779,
            0.0001,
            0.0001,
            0.0001,
            0.0001
        ]
    ],
    "failureReason": false
}