{
    "T": [
        90.0,
        91.0,
        92.0,
        93.0,
        94.0,
        95.0,
        96.0,
        97.0,
        98.0,
        99.0,
        100.0,
        101.0,
        102.0,
        103.0,
        104.0,
        105.0,
        106.0,
        107.0,
        108.0,
        109.0,
        110.0,
        111.0,
        112.0,
        113.0,
        114.0,
        115.0,
        116.0,
        117.0,
        118.0,
        119.0,
        120.0,
        121.0
    ],
    "vevDepthReal": [
        -445443.3734553104,
        -421173.5846705184,
        -397441.4838770452,
        -374251.1561905209,
        -351607.39694510086,
        -329515.7506835779,
        -307982.5377898225,
        -287014.8849913379,
        -266620.79533531214,
        -246809.17528860323,
        -227589.9639635466,
        -208974.12035162668,
        -190973.82862902727,
        -173602.61517504638,
        -156875.47504471117,
        -140809.12806358552,
        -125422.3690512107,
        -110736.22615647026,
        -96774.66272315162,
        -83565.13576857086,
        -71139.54507362885,
        -59535.590171079166,
        -48798.834882608295,
        -38986.09483110333,
        -30171.38703486966,
        -22457.89819085518,
        -16007.094024470167,
        -11147.750026304524,
        -11910.203650311418,
        -12840.275908532087,
        -13849.778314319945,
        -14936.384742137876
    ],
    "vevDepthImag": [
        0.0,
        0.0,
        0.0,
        0.0,
        0.0,
        0.0,
        0.0,
        0.0,
        0.0,
        0.0,
        0.0,
        0.0,
        0.0,
        0.0,
        0.0,
        0.0,
        0.0,
        0.0,
        0.0,
        0.0,
        0.0,
        0.0,
        0.0,
        0.0,
        0.0,
        0.0,
        0.0,
        0.0,
        0.0,
        0.0,
        0.0,
        0.0
    ],
    "vevLocation": [
        [
            0.00020947369725470705,
            0.00015105034357157376,
            -9.158291434830312e-06,
            -0.00015857956900385516,
            0.00029173134534636776,
            0.0008595624629220977,
            4.466220908716512e-05,
            0.000564918071977942,
            8.165525708481516e-05,
            -0.00011044284247758995,
            -2.9711052772940505e-05,
            -0.00025904896761093366,
            2.3783374643430305e-05,
            -4.586611848822475e-05,
            -5.149487019151522e-05,
            0.0019744287725173768,
            -6.660806803431701e-06,
            1.856214211111082e-05,
            -0.00010535652135028502,
            0.0003438773742551367,
            2.3723199273149864e-05,
            -0.00027963020507025625,
            0.0005285170877775067,
            0.00021866991770985028,
            0.00020152750396373528,
            -0.00028053256342275637,
            0.002653051212332558,
            -0.0003595778188285356,
            0.00033942733643448075,
            0.00033943,
            0.00033943,
            0.00044017877365714296
        ],
        [
            0.0001,
            0.0001,
            0.0013771562179705832,
            0.0006487683349169137,
            0.0001,
            0.0001,
            0.0001,
            0.0001,
            0.0001,
            0.0001,
            0.0001,
            0.0001,
            0.0001,
            0.0001,
            0.0001,
            0.0014192765515915404,
            0.0001,
            0.0001,
            0.0001,
            0.0001,
            0.0001,
            0.0001,
            0.0001,
            0.0001,
            0.0001,
            0.0001,
            0.0001,
            0.0001,
            0.0001,
            0.0001,
            0.0001,
            0.0001
        ],
        [
            22.022249135394745,
            21.73456568818263,
            21.44358385301944,
            21.14909527220235,
            20.850745848738555,
            20.548146025750828,
            20.240367606391885,
            19.927852687551994,
            19.60849832982776,
            19.282007513749235,
            18.950587608594564,
            18.60947627123302,
            18.2596386251758,
            17.89972079291425,
            17.527386070885694,
            17.14326297931992,
            16.74252086921872,
            16.325152922046534,
            15.887927947981375,
            15.427080279899618,
            14.936094036174001,
            14.411225102186323,
            13.840512077784869,
            13.210709858358731,
            12.497896963579883,
            11.661528176107666,
            10.607110486592468,
            8.942622506151144,
            0.0009723682326217393,
            0.0003180925000000001,
            0.00031809,
            0.0001
        ]
    ],
    "bIsPerturbative": [
        true,
        true,
        true,
        true,
        true,
        true,
        true,
        true,
        true,
        true,
        true,
        true,
        true,
        true,
        true,
        true,
        true,
        true,
        true,
        true,
        true,
        true,
        true,
        true,
        true,
        true,
        true,
        true,
        true,
        true,
        true,
        true
    ],
    "failureReason": false
}