{
    "T": [
        90.0,
        91.0,
        92.0,
        93.0,
        94.0,
        95.0,
        96.0,
        97.0,
        98.0,
        99.0,
        100.0,
        101.0,
        102.0,
        103.0,
        104.0,
        105.0,
        106.0,
        107.0,
        108.0,
        109.0,
        110.0,
        111.0,
        112.0,
        113.0,
        114.0,
        115.0,
        116.0,
        117.0,
        118.0,
        119.0,
        120.0,
        121.0
    ],
    "vevDepthReal": [
        -445315.7350881195,
        -421046.52086230967,
        -397315.08944914484,
        -374125.53013122117,
        -351482.6770028829,
        -329392.0507441537,
        -307859.98622731987,
        -286893.6255400255,
        -266500.97143592616,
        -246690.94722685605,
        -227473.46779279894,
        -208859.53484102956,
        -190861.3396020816,
        -173492.40276593086,
        -156767.7500092943,
        -140704.07060186352,
        -125320.28899101954,
        -110637.34378800623,
        -96679.26436745969,
        -83473.53962134461,
        -71052.1057027987,
        -59452.71814169672,
        -48721.027639860244,
        -38913.94532172986,
        -30105.672717308873,
        -22399.689445785036,
        -15958.17804032024,
        -11112.380285239406,
        -11910.203992943389,
        -12840.275690980832,
        -13849.778245705524,
        -14936.384267630108
    ],
    "vevDepthImag": [
        0.0,
        0.0,
        0.0,
        0.0,
        0.0,
        0.0,
        0.0,
        0.0,
        0.0,
        0.0,
        0.0,
        0.0,
        0.0,
        0.0,
        0.0,
        0.0,
        0.0,
        0.0,
        0.0,
        0.0,
        0.0,
        0.0,
        0.0,
        0.0,
        0.0,
        0.0,
        0.0,
        0.0,
        0.0,
        0.0,
        0.0,
        0.0
    ],
    "vevLocation": [
        [
            0.0020151127459109583,
            -4.7901805914851714e-05,
            1.803867601840245e-05,
            -3.492341975921444e-06,
            0.00013063464726633268,
            0.00010367040150360309,
            0.00031055354526347834,
            -0.00014362537092246254,
            -0.00021337198765135693,
            -1.0763326738659137e-06,
            0.0005438754778575531,
            0.0002658614133346608,
            -5.695050080172957e-05,
            6.5851601102421e-06,
            -0.00019094998182325826,
            -0.003882077755842539,
            9.29881322271342e-05,
            -5.567278149720689e-05,
            -0.00023744649190465643,
            1.26984252251678e-05,
            -0.0007043240928193972,
            0.0001899363564264213,
            -3.385336903410918e-05,
            4.7958717442619925e-06,
            2.8193686246465177e-05,
            -0.00011740683747063496,
            2.7016396201430537e-05,
            0.000829652523627912,
            -0.00020228225173612795,
            4.069904700844648e-05,
            4.07e-05,
            4.07e-05
        ],
        [
            0.0001,
            0.00013909035154010402,
            0.0001,
            0.0014625292237189222,
            0.0001,
            0.0001,
            0.0001,
            0.00021666342806190168,
            0.0001,
            0.0001,
            0.0001,
            0.0001,
            0.0001,
            0.0001,
            0.0001,
            0.0001,
            0.0001,
            0.0001,
            0.0001,
            0.0001,
            0.0001,
            0.0001,
            0.0001,
            0.0001,
            0.0001,
            0.0001,
            0.0001,
            0.0001,
            0.0001,
            0.0001,
            0.0001,
            0.0001
        ],
        [
            22.020583108410264,
            21.733101822150534,
            21.442246542347746,
            21.147701629892197,
            20.849132418028486,
            20.546946094866545,
            20.239142864997355,
            19.926333152907556,
            19.607087736382763,
            19.281685671691886,
            18.948794234676456,
            18.608174903033767,
            18.257589499690237,
            17.897060636388197,
            17.52552031832642,
            17.139155793036196,
            16.739909847763155,
            16.322334106204007,
            15.884893213621742,
            15.423204192517813,
            14.93361652426504,
            14.4050603330836,
            13.835939171806618,
            13.20579633333272,
            12.493451168114223,
            11.656025645242078,
            10.593989481766037,
            8.926411257727658,
            0.0001,
            0.0001,
            0.0001,
            0.0001
        ]
    ],
    "failureReason": false
}