{
    "T": [
        90.0,
        91.0,
        92.0,
        93.0,
        94.0,
        95.0,
        96.0,
        97.0,
        98.0,
        99.0,
        100.0,
        101.0,
        102.0,
        103.0,
        104.0,
        105.0,
        106.0,
        107.0,
        108.0,
        109.0,
        110.0,
        111.0,
        112.0,
        113.0,
        114.0,
        115.0,
        116.0,
        117.0,
        118.0,
        119.0,
        120.0,
        121.0
    ],
    "vevDepthReal": [
        -445346.40213476564,
        -421069.4167738075,
        -397331.1147596233,
        -374135.78071780223,
        -351488.18967969005,
        -329393.7014023049,
        -307858.92410775943,
        -286890.72352781694,
        -266497.100721191,
        -246686.986702352,
        -227470.21901583218,
        -208857.59045739583,
        -190861.44815301368,
        -173495.0496374492,
        -156773.4971429672,
        -140713.25881667782,
        -125332.9567892544,
        -110653.78152145835,
        -96699.58447114956,
        -83497.55025974398,
        -71079.6048367166,
        -59483.30613690048,
        -48754.13022675521,
        -38948.88629708717,
        -30141.408915899363,
        -22434.90745599963,
        -15990.797238923398,
        -11138.251329409073,
        -11925.895970589427,
        -12842.761086423398,
        -13910.54469990227,
        -14992.539428694381
    ],
    "vevDepthImag": [
        0.0,
        0.0,
        0.0,
        0.0,
        0.0,
        0.0,
        0.0,
        0.0,
        0.0,
        0.0,
        0.0,
        0.0,
        0.0,
        0.0,
        0.0,
        0.0,
        0.0,
        0.0,
        0.0,
        0.0,
        0.0,
        0.0,
        0.0,
        0.0,
        0.0,
        0.0,
        0.0,
        0.0,
        0.0,
        0.0,
        0.0,
        0.0
    ],
    "vevLocation": [
        [
            0.0023996428154093863,
            -0.00036103006933015797,
            7.643818154087767e-06,
            0.0030928351862461803,
            0.00048514987041701606,
            0.0016340579389916843,
            0.0009040895977531858,
            0.00011405628171679005,
            0.0007821373684889603,
            0.0025539492835032276,
            3.715789947905668e-05,
            -0.0029919155765732014,
            0.0015548859705202256,
            -0.00012899935506711056,
            0.0004652785756140698,
            0.0018812698081644508,
            0.0031844928530554324,
            0.0027961944758231744,
            0.001078573657892254,
            0.000757408126954795,
            0.0004276301446461527,
            1.1766357128628613e-06,
            -8.606177035442447e-05,
            0.00014016185949868032,
            0.00042871102306257856,
            -0.0010055007273541833,
            -0.0018387286481088838,
            0.00029845377812541627,
            0.010333742887516388,
            -0.027545962829476273,
            0.006265459916981957,
            -0.0056365352300365885
        ],
        [
            0.0001,
            0.0001,
            0.0001,
            0.0001,
            0.0022136479422968443,
            0.0001,
            0.0001,
            0.0021586065022332485,
            0.0025212224871153186,
            0.0016154402726071514,
            0.0001,
            0.0001,
            0.0001,
            0.0010662183098799705,
            0.0001,
            0.0001,
            0.00394616643824071,
            0.0001,
            0.00011979883943649683,
            0.0001,
            0.0001,
            0.0001,
            0.003258590837755801,
            0.0001,
            0.0006664962367948319,
            0.0001,
            0.0001,
            0.0001,
            0.0001,
            0.0001,
            0.0001,
            0.0001
        ],
        [
            22.021420000601363,
            21.735806286655695,
            21.44197535402389,
            21.14571661334474,
            20.849881099122946,
            20.54743600731421,
            20.238155802835074,
            19.923788969704624,
            19.607062189986937,
            19.28143388711332,
            18.948445089311633,
            18.603785401248665,
            18.256005060272354,
            17.896235225813776,
            17.526301274335076,
            17.14130280004514,
            16.73684214193328,
            16.326227849115686,
            15.884288811036459,
            15.423548085792575,
            14.932869283949454,
            14.407774446148197,
            13.836516409918232,
            13.20800419949895,
            12.49776290941184,
            11.657332759152663,
            10.598982088688294,
            8.936787242446595,
            0.0001,
            0.0001,
            0.0001,
            0.0001
        ]
    ],
    "bIsPerturbative": [
        true,
        true,
        true,
        true,
        true,
        true,
        true,
        true,
        true,
        true,
        true,
        true,
        true,
        true,
        true,
        true,
        true,
        true,
        true,
        true,
        true,
        true,
        true,
        true,
        true,
        true,
        true,
        true,
        true,
        true,
        true,
        true
    ],
    "failureReason": false
}