{
    "T": [
        90.0,
        91.0,
        92.0,
        93.0,
        94.0,
        95.0,
        96.0,
        97.0,
        98.0,
        99.0,
        100.0,
        101.0,
        102.0,
        103.0,
        104.0,
        105.0,
        106.0,
        107.0,
        108.0,
        109.0,
        110.0,
        111.0,
        112.0,
        113.0,
        114.0,
        115.0,
        116.0,
        117.0,
        118.0,
        119.0,
        120.0,
        121.0
    ],
    "vevDepthReal": [
        -445386.55939237424,
        -421111.2957166304,
        -397374.4285706004,
        -374180.05590522324,
        -351532.9847156835,
        -329438.75405515265,
        -307903.68270590156,
        -286934.89538130455,
        -266540.36171842495,
        -246728.9884622415,
        -227510.6433023695,
        -208896.28770574662,
        -190898.06545670665,
        -173529.44493000826,
        -156805.3983294152,
        -140742.60403833087,
        -125359.73684791106,
        -110677.85727957399,
        -96720.83503540796,
        -83516.07621575274,
        -71095.41112843501,
        -59496.51169833602,
        -48764.861764411544,
        -38957.23067947398,
        -30147.60485483275,
        -22439.129904423673,
        -15993.3515819195,
        -11139.400975431901,
        -11910.522543674659,
        -12840.608910995801,
        -13850.102110386983,
        -14936.677937705525
    ],
    "vevDepthImag": [
        0.0,
        0.0,
        0.0,
        0.0,
        0.0,
        0.0,
        0.0,
        0.0,
        0.0,
        0.0,
        0.0,
        0.0,
        0.0,
        0.0,
        0.0,
        0.0,
        0.0,
        0.0,
        0.0,
        0.0,
        0.0,
        0.0,
        0.0,
        0.0,
        0.0,
        0.0,
        0.0,
        0.0,
        0.0,
        0.0,
        0.0,
        0.0
    ],
    "vevLocation": [
        [
            -0.00037249569106531655,
            1.5952650460088202e-05,
            0.0006792527417260079,
            -0.0007406746415407478,
            0.00041002722108060205,
            0.00021636645304917018,
            -0.00015873642760795212,
            0.0002201046241577121,
            -0.0008081166050771032,
            0.0001495888718807542,
            -5.22981582805615e-05,
            8.730059444647285e-05,
            9.361979743605087e-05,
            0.0006690388495200553,
            0.00010919415430849129,
            -3.1283090661249346e-06,
            0.0009299278124432278,
            3.1997090163549124e-06,
            1.9075685617805926e-05,
            1.421753110802254e-05,
            0.0006040775509154979,
            0.0005093025941566116,
            -8.270689343309323e-06,
            2.2972001020221677e-05,
            2.775919772341276e-05,
            8.532449188525248e-06,
            0.0007704688961610792,
            -0.0010073463361884721,
            9.786340232922387e-05,
            4.509448813596286e-05,
            4.509e-05,
            4.283636687418889e-05
        ],
        [
            0.0001,
            0.0001,
            0.0001,
            0.0001,
            0.0001,
            0.0007061659720007163,
            0.00040865632184852035,
            0.0001,
            0.0001,
            0.0001,
            0.0001,
            0.0001,
            0.0001,
            0.0001,
            0.0001,
            0.0001,
            0.0001,
            0.0001,
            0.0001,
            0.0001,
            0.0001,
            0.0001,
            0.0001,
            0.0001,
            0.0001,
            0.0001,
            0.0001,
            0.0001,
            0.0001,
            0.0001,
            0.0001,
            0.0001
        ],
        [
            22.020099138642752,
            21.73343786101456,
            21.44246971200113,
            21.148486639203927,
            20.8494766388597,
            20.54700654383826,
            20.238610516159337,
            19.925945693593558,
            19.607975750240854,
            19.281941572985833,
            18.948630858971274,
            18.607883285434557,
            18.257570283283638,
            17.8972840827227,
            17.52541388848181,
            17.140409863934995,
            16.741634071571312,
            16.323152185814912,
            15.885523023055509,
            15.42420561503232,
            14.936381482794957,
            14.408410083746405,
            13.838045735848763,
            13.209459735583552,
            12.496513995382122,
            11.65966169949609,
            10.60179128313922,
            8.939177926290368,
            0.0001,
            0.0001,
            0.0001,
            0.0001
        ]
    ],
    "bIsPerturbative": [
        true,
        true,
        true,
        true,
        true,
        true,
        true,
        true,
        true,
        true,
        true,
        true,
        true,
        true,
        true,
        true,
        true,
        true,
        true,
        true,
        true,
        true,
        true,
        true,
        true,
        true,
        true,
        true,
        true,
        true,
        true,
        true
    ],
    "failureReason": false
}