{
    "T": [
        90.0,
        91.0,
        92.0,
        93.0,
        94.0,
        95.0,
        96.0,
        97.0,
        98.0,
        99.0,
        100.0,
        101.0,
        102.0,
        103.0,
        104.0,
        105.0,
        106.0,
        107.0,
        108.0,
        109.0,
        110.0,
        111.0,
        112.0,
        113.0,
        114.0,
        115.0,
        116.0,
        117.0,
        118.0,
        119.0,
        120.0,
        121.0
    ],
    "vevDepthReal": [
        -445443.3703906165,
        -421173.582949378,
        -397441.34982192056,
        -374251.1622508778,
        -351607.4011641905,
        -329515.7390717005,
        -307982.5313909444,
        -287014.88385256735,
        -266620.7946369861,
        -246809.18564850476,
        -227589.96076355054,
        -208974.11721093368,
        -190973.83025675765,
        -173602.60869069866,
        -156875.47369577197,
        -140809.09444414463,
        -125422.3631686594,
        -110736.22460295788,
        -96774.66049585833,
        -83565.13629131687,
        -71139.54643598135,
        -59535.585848730785,
        -48798.8334680017,
        -38986.09298412402,
        -30171.391068526562,
        -22457.8881854142,
        -16007.115294701873,
        -11147.74860221838,
        -11910.204914303296,
        -12840.277772817903,
        -13849.77906893342,
        -14936.385467550106
    ],
    "vevDepthImag": [
        0.0,
        0.0,
        0.0,
        0.0,
        0.0,
        0.0,
        0.0,
        0.0,
        0.0,
        0.0,
        0.0,
        0.0,
        0.0,
        0.0,
        0.0,
        0.0,
        0.0,
        0.0,
        0.0,
        0.0,
        0.0,
        0.0,
        0.0,
        0.0,
        0.0,
        0.0,
        0.0,
        0.0,
        0.0,
        0.0,
        0.0,
        0.0
    ],
    "vevLocation": [
        [
            0.00015314268633329076,
            -0.00014691105090949147,
            0.0032149543929078095,
            0.00033279077758804204,
            0.0003909855163842695,
            -0.0015754455838639103,
            0.000796706524593141,
            -0.00018817204090074147,
            0.00014136603257119962,
            0.0003373303447725081,
            0.00038817355082751415,
            -0.00028985631790038116,
            7.683995621665662e-05,
            0.0003033283340963949,
            -0.00048425590557887865,
            0.003134959029535433,
            0.0007784351193099708,
            0.0001251912367429553,
            0.0004086027455544195,
            -0.00014573745882179648,
            5.7961004848930756e-05,
            -0.0009112364588635375,
            2.720490202021142e-05,
            0.00010684408685644742,
            0.00014998036427940273,
            0.0021197089290306767,
            3.849896226865157e-05,
            0.00038231738066569,
            -0.00011573640349288317,
            -0.00011574,
            -0.00011574,
            -0.00011574
        ],
        [
            0.0001,
            0.0001,
            0.0026274313681168785,
            0.0001,
            0.0001,
            0.0001,
            0.0001,
            0.0001,
            0.0001,
            0.0001,
            0.0007710277401772447,
            0.0001,
            0.0001,
            0.0006277998692566428,
            0.0001,
            0.0001,
            0.0001,
            0.0001,
            0.0001,
            0.0001,
            0.0001,
            0.0001,
            0.0001,
            0.0001,
            0.0001,
            0.0001,
            0.0001,
            0.0001,
            0.0001,
            0.0001,
            0.0001,
            0.0001
        ],
        [
            22.022191934626132,
            21.73483489494893,
            21.447536023312455,
            21.14937359631899,
            20.850701369421298,
            20.54901455402811,
            20.241222843366284,
            19.92776157355167,
            19.608372964715105,
            19.28323815465765,
            18.950462096347405,
            18.60937166582341,
            18.259427147318366,
            17.90000900552478,
            17.52712107604889,
            17.139696858552348,
            16.741265381633614,
            16.325333614821993,
            15.887108258022103,
            15.42630139261859,
            14.936116438588142,
            14.409946822974359,
            13.840090203735503,
            13.210390058472825,
            12.498790089317698,
            11.6626695601591,
            10.603083849698884,
            8.94309248910629,
            0.0001,
            0.0001,
            0.0001,
            0.0001
        ]
    ],
    "failureReason": false
}