{
    "T": [
        90.0,
        91.0,
        92.0,
        93.0,
        94.0,
        95.0,
        96.0,
        97.0,
        98.0,
        99.0,
        100.0,
        101.0,
        102.0,
        103.0,
        104.0,
        105.0,
        106.0,
        107.0,
        108.0,
        109.0,
        110.0,
        111.0,
        112.0,
        113.0,
        114.0,
        115.0,
        116.0,
        117.0,
        118.0,
        119.0,
        120.0,
        121.0
    ],
    "vevDepthReal": [
        -445388.9586551845,
        -421113.8313398069,
        -397377.03456264216,
        -374182.7111514662,
        -351535.6635172597,
        -329441.4409787953,
        -307906.3511038266,
        -286937.5366866718,
        -266542.95328013634,
        -246731.51357118282,
        -227513.08507970528,
        -208898.6353612149,
        -190900.3045651289,
        -173531.56568483994,
        -156807.38330250292,
        -140744.4512884186,
        -125361.45051632957,
        -110679.41558102713,
        -96722.2411170649,
        -83517.32806438001,
        -71096.48695876643,
        -59497.461561523065,
        -48765.66411396546,
        -38957.893044864475,
        -30148.13092403915,
        -22439.529059234763,
        -15993.633584233838,
        -11139.5643688649,
        -11910.513804597076,
        -12840.600687149883,
        -13850.095678511296,
        -14936.67305351538
    ],
    "vevDepthImag": [
        0.0,
        0.0,
        0.0,
        0.0,
        0.0,
        0.0,
        0.0,
        0.0,
        0.0,
        0.0,
        0.0,
        0.0,
        0.0,
        0.0,
        0.0,
        0.0,
        0.0,
        0.0,
        0.0,
        0.0,
        0.0,
        0.0,
        0.0,
        0.0,
        0.0,
        0.0,
        0.0,
        0.0,
        0.0,
        0.0,
        0.0,
        0.0
    ],
    "vevLocation": [
        [
            0.00097929482090231,
            0.00043179976234655054,
            -0.0004488856002674048,
            -3.7427523162103515e-06,
            0.00040975464233976256,
            6.94786018790583e-05,
            0.00030445927759151226,
            -1.8154340589909834e-05,
            0.00020891879473123503,
            -0.00015365836776584652,
            -0.0005029094161705036,
            2.6857942588200123e-05,
            7.720437212027642e-05,
            -0.00012044503178059232,
            -0.0008774946507805687,
            -0.0008606727726393482,
            -0.000157548858183372,
            1.876876972987853e-05,
            0.0001672632994090817,
            9.418389619119533e-05,
            0.0010119210693202083,
            0.00019734117281475921,
            1.2653404308782257e-06,
            6.786312372879244e-05,
            2.7750262003752024e-05,
            8.51582159143438e-06,
            -0.00034034694058038793,
            -0.0001938710261086829,
            0.00036376267499549364,
            0.00036376,
            0.00019404523631701143,
            0.00019405
        ],
        [
            0.0001,
            0.0001,
            0.0001,
            0.0001,
            0.0001,
            0.0001,
            0.0001,
            0.0001,
            0.0008314009161574203,
            0.0001,
            0.0001,
            0.0001,
            0.0001,
            0.0001,
            0.0001,
            0.0001,
            0.0001,
            0.0001,
            0.0001,
            0.0005002653075915116,
            0.0027257481928729863,
            0.0001,
            0.0001,
            0.0001,
            0.0001,
            0.0001,
            0.0001,
            0.0001,
            0.0001,
            0.0001,
            0.0001,
            0.0001
        ],
        [
            22.017822390641886,
            21.733440732925644,
            21.442756010651085,
            21.148210178991203,
            20.849513297815268,
            20.54745568751814,
            20.238070348540273,
            19.926362233894494,
            19.6079138235112,
            19.281781905721026,
            18.949437019268867,
            18.60790906148859,
            18.257742885400457,
            17.897492655850336,
            17.526229349685128,
            17.139726472501746,
            16.740484135467153,
            16.323256557439446,
            15.88591481360242,
            15.424634320816029,
            14.936573698303125,
            14.408473746251591,
            13.8380092092185,
            13.208327181229366,
            12.4965623544668,
            11.65971227779717,
            10.60054580855733,
            8.936334994816992,
            0.0001,
            0.0001,
            0.0003680418515129764,
            0.00016700999999999996
        ]
    ],
    "bIsPerturbative": [
        true,
        true,
        true,
        true,
        true,
        true,
        true,
        true,
        true,
        true,
        true,
        true,
        true,
        true,
        true,
        true,
        true,
        true,
        true,
        true,
        true,
        true,
        true,
        true,
        true,
        true,
        true,
        true,
        true,
        true,
        true,
        true
    ],
    "failureReason": false
}