{
    "T": [
        90.0,
        91.0,
        92.0,
        93.0,
        94.0,
        95.0,
        96.0,
        97.0,
        98.0,
        99.0,
        100.0,
        101.0,
        102.0,
        103.0,
        104.0,
        105.0,
        106.0,
        107.0,
        108.0,
        109.0,
        110.0,
        111.0,
        112.0,
        113.0,
        114.0,
        115.0,
        116.0,
        117.0,
        118.0,
        119.0,
        120.0,
        121.0
    ],
    "vevDepthReal": [
        -445346.4252373371,
        -421069.37801590154,
        -397331.12577332964,
        -374135.7908405425,
        -351488.18040440197,
        -329393.7352740456,
        -307858.8604876628,
        -286890.72708300734,
        -266497.13850758737,
        -246686.97016815754,
        -227470.20469718875,
        -208857.6801249637,
        -190861.4283478886,
        -173495.105638355,
        -156773.41447460884,
        -140713.23760867259,
        -125333.00507969031,
        -110653.86140364106,
        -96699.59999387697,
        -83497.53139483623,
        -71079.59282570903,
        -59483.29165800495,
        -48754.15526093921,
        -38948.902392649965,
        -30141.42292256841,
        -22434.901458961423,
        -15990.79561698041,
        -11138.233740187148,
        -11919.424027877296,
        -12883.421498346317,
        -14062.166694906598,
        -15034.920854414224
    ],
    "vevDepthImag": [
        0.0,
        0.0,
        0.0,
        0.0,
        0.0,
        0.0,
        0.0,
        0.0,
        0.0,
        0.0,
        0.0,
        0.0,
        0.0,
        0.0,
        0.0,
        0.0,
        0.0,
        0.0,
        0.0,
        0.0,
        0.0,
        0.0,
        0.0,
        0.0,
        0.0,
        0.0,
        0.0,
        0.0,
        0.0,
        0.0,
        0.0,
        0.0
    ],
    "vevLocation": [
        [
            -0.0015486004589172764,
            -0.0008243248574854763,
            0.0009587817014534038,
            0.0005847494449711665,
            0.0008524947312870306,
            -0.0019079975885295253,
            -9.878327051180552e-05,
            -0.0006694495450411259,
            -1.386271926723942e-05,
            -0.00011854014422446602,
            -0.001311456610127184,
            -0.000768021114655516,
            -6.068624248065698e-05,
            -0.0007053917482856128,
            0.003613572761620861,
            -0.0006671226159961872,
            -2.4676085120627946e-05,
            -0.0001289139857232717,
            -0.0008384215846523602,
            6.196495677774673e-05,
            0.0007927077584684557,
            -0.0019485288797480398,
            0.0010439048448730847,
            -7.030855021211008e-05,
            0.0002627078289460915,
            5.980209440302475e-05,
            -0.0016274910644355767,
            -0.0024424803201901213,
            0.007824702323057427,
            -0.0063770489333281055,
            0.0032660423959127716,
            0.00326604
        ],
        [
            0.0017928606352986057,
            0.0001,
            0.0001,
            0.0001,
            0.0001,
            0.0001,
            0.0001,
            0.0001,
            0.0001,
            0.0001,
            0.0001,
            0.0001,
            0.0001,
            0.0001,
            0.0005944214531425538,
            0.0001,
            0.0001,
            0.001244358466769623,
            0.0001,
            0.0001,
            0.0019920214221760793,
            0.0001,
            0.0001,
            0.0001,
            0.0016090248774527258,
            0.0001,
            0.0001,
            0.0001,
            0.0001,
            0.0001,
            0.0001,
            0.0001
        ],
        [
            22.023470625512008,
            21.732708114252812,
            21.442125744946686,
            21.14674218983717,
            20.850971758747775,
            20.54573338906922,
            20.238100294614704,
            19.926758276291352,
            19.607212979295795,
            19.27986029280452,
            18.946375728452466,
            18.607546781049454,
            18.256687511945948,
            17.897026963815946,
            17.525877421321255,
            17.1374329196963,
            16.739325260853523,
            16.32201436037513,
            15.885660636267874,
            15.423364048593356,
            14.934074818539347,
            14.408512191614507,
            13.836774111615345,
            13.207306996966537,
            12.492003783455052,
            11.65824170539839,
            10.597154782351282,
            8.934164566151837,
            0.011069629823249468,
            0.0001,
            0.0001,
            0.0001
        ]
    ],
    "bIsPerturbative": [
        true,
        true,
        true,
        true,
        true,
        true,
        true,
        true,
        true,
        true,
        true,
        true,
        true,
        true,
        true,
        true,
        true,
        true,
        true,
        true,
        true,
        true,
        true,
        true,
        true,
        true,
        true,
        true,
        true,
        true,
        true,
        true
    ],
    "failureReason": false
}