{
    "T": [
        90.0,
        91.0,
        92.0,
        93.0,
        94.0,
        95.0,
        96.0,
        97.0,
        98.0,
        99.0,
        100.0,
        101.0,
        102.0,
        103.0,
        104.0,
        105.0,
        106.0,
        107.0,
        108.0,
        109.0,
        110.0,
        111.0,
        112.0,
        113.0,
        114.0,
        115.0,
        116.0,
        117.0,
        118.0,
        119.0,
        120.0,
        121.0
    ],
    "vevDepthReal": [
        -445346.39862736076,
        -421069.3140645587,
        -397331.0579737746,
        -374135.71470282035,
        -351488.08180090046,
        -329393.6913706165,
        -307858.83745820005,
        -286890.6335492633,
        -266497.04033350555,
        -246686.91565558693,
        -227470.1151129725,
        -208857.5699892863,
        -190861.39417514496,
        -173495.02557995808,
        -156773.39841983415,
        -140713.1619631091,
        -125332.95015371115,
        -110653.79931012721,
        -96699.53231432257,
        -83497.52135921633,
        -71079.57121246672,
        -59483.28151557238,
        -48754.14277775602,
        -38948.86886841899,
        -30141.409618014473,
        -22434.880102075917,
        -15990.79054128665,
        -11138.261782955225,
        -11910.541622326597,
        -12840.600522933199,
        -13850.056804668564,
        -14936.58512392605
    ],
    "vevDepthImag": [
        0.0,
        0.0,
        0.0,
        0.0,
        0.0,
        0.0,
        0.0,
        0.0,
        0.0,
        0.0,
        0.0,
        0.0,
        0.0,
        0.0,
        0.0,
        0.0,
        0.0,
        0.0,
        0.0,
        0.0,
        0.0,
        0.0,
        0.0,
        0.0,
        0.0,
        0.0,
        0.0,
        0.0,
        0.0,
        0.0,
        0.0,
        0.0
    ],
    "vevLocation": [
        [
            0.0003552286381784866,
            -0.00014172501582866703,
            4.80255170503055e-06,
            -5.426370442429551e-07,
            -6.07674710062598e-06,
            3.0204123493866863e-05,
            0.001087754597531937,
            -0.00020463238159114383,
            0.0006353887846925338,
            2.2458891774670107e-05,
            -0.00015796440958276703,
            -0.00023342651383062574,
            0.00010205764544757301,
            -1.5368342239655187e-05,
            3.112449886405466e-05,
            1.8022588878884374e-05,
            -2.5047867711517485e-05,
            0.00043931621798969957,
            0.00024504828890412056,
            -7.689308710266858e-05,
            1.5975402243663395e-05,
            -0.001007516927203328,
            7.07038765714648e-05,
            0.00011134304460672095,
            2.7807876827008055e-05,
            8.35956296389986e-05,
            -7.650779486851472e-06,
            -0.00013229752559828362,
            0.0002126464539320208,
            -0.00013695836620501722,
            -0.00013696,
            0.00044555948782504587
        ],
        [
            0.0001,
            0.0001,
            0.0001,
            0.0001,
            0.0001,
            0.0001,
            0.0001,
            0.0011414462718171163,
            0.0001,
            0.0001,
            0.0001,
            0.0001,
            0.0001,
            0.0001,
            0.0001,
            0.0001,
            0.0015792709330781157,
            0.0001,
            0.0001,
            0.0001,
            0.0001,
            0.0001,
            0.0001,
            0.0001,
            0.0001,
            0.0001,
            0.001082467600259273,
            0.00041647855995469336,
            0.0001,
            0.0001,
            0.0001,
            0.0001
        ],
        [
            22.020748553919127,
            21.73287175181163,
            21.441969852310184,
            21.147734454947393,
            20.84903074797549,
            20.546264007959337,
            20.238323692229162,
            19.926031310204454,
            19.606609342150534,
            19.280979396331972,
            18.947755308918698,
            18.607034653338957,
            18.25668839661002,
            17.896450286586557,
            17.524553325066684,
            17.139551488399384,
            16.738838804220425,
            16.322289343448464,
            15.884881768837818,
            15.423384763553655,
            14.933197349838755,
            14.408440483452964,
            13.837374951223204,
            13.20741297163671,
            12.495881874617105,
            11.659133455792448,
            10.598776226236245,
            8.937276107819008,
            0.0001,
            0.0001,
            0.0001,
            0.0001
        ]
    ],
    "bIsPerturbative": [
        true,
        true,
        true,
        true,
        true,
        true,
        true,
        true,
        true,
        true,
        true,
        true,
        true,
        true,
        true,
        true,
        true,
        true,
        true,
        true,
        true,
        true,
        true,
        true,
        true,
        true,
        true,
        true,
        true,
        true,
        true,
        true
    ],
    "failureReason": false
}