{
    "T": [
        90.0,
        91.0,
        92.0,
        93.0,
        94.0,
        95.0,
        96.0,
        97.0,
        98.0,
        99.0,
        100.0,
        101.0,
        102.0,
        103.0,
        104.0,
        105.0,
        106.0,
        107.0,
        108.0,
        109.0,
        110.0,
        111.0,
        112.0,
        113.0,
        114.0,
        115.0,
        116.0,
        117.0,
        118.0,
        119.0,
        120.0,
        121.0
    ],
    "vevDepthReal": [
        -445315.7350881985,
        -421046.520862942,
        -397315.0894491427,
        -374125.53013121977,
        -351482.67662882217,
        -329392.05074659054,
        -307859.98663040804,
        -286893.6259522319,
        -266500.9714358071,
        -246690.9453297456,
        -227473.46887206857,
        -208859.53483983965,
        -190861.3396020734,
        -173492.40276499907,
        -156767.75060854538,
        -140704.1276275976,
        -125320.28899097946,
        -110637.34378800528,
        -96679.26436281306,
        -83473.53962059494,
        -71052.10556936912,
        -59452.71814173134,
        -48721.02763986082,
        -38913.94532171944,
        -30105.672717309524,
        -22399.68944578395,
        -15958.178040329463,
        -11112.382002133885,
        -11910.203972989384,
        -12840.275675141218,
        -13849.778200959887,
        -14936.384217768877
    ],
    "vevDepthImag": [
        0.0,
        0.0,
        0.0,
        0.0,
        0.0,
        0.0,
        0.0,
        0.0,
        0.0,
        0.0,
        0.0,
        0.0,
        0.0,
        0.0,
        0.0,
        0.0,
        0.0,
        0.0,
        0.0,
        0.0,
        0.0,
        0.0,
        0.0,
        0.0,
        0.0,
        0.0,
        0.0,
        0.0,
        0.0,
        0.0,
        0.0,
        0.0
    ],
    "vevLocation": [
        [
            0.0020151086276511366,
            -4.774010501874121e-05,
            1.8039041325686872e-05,
            -3.4923456219172755e-06,
            0.0003930234657304448,
            0.00010639368149394351,
            2.1447722016523785e-05,
            -9.144163824664764e-06,
            -0.00021342851521889694,
            -0.00059722399722811,
            0.0001753312633767795,
            0.00026611782842943243,
            -5.695463319923058e-05,
            -6.79739844728776e-06,
            1.5008741098817245e-05,
            0.0001390940874839105,
            9.30566364436558e-05,
            -5.567255903489443e-05,
            -0.00023992391634003983,
            3.0264490967046864e-05,
            -0.0006871001909001077,
            0.00018993272506108785,
            -3.385337731245941e-05,
            4.860993999489249e-06,
            2.8193681503675683e-05,
            -0.00011741467260051319,
            2.7011668626415047e-05,
            -0.0004675068903451482,
            -7.35853548200023e-05,
            4.258045163825158e-05,
            -6.255533294266015e-05,
            0.00012171109215246842
        ],
        [
            0.0001,
            0.000138697539522086,
            0.0001,
            0.0014625292200319655,
            0.0001,
            0.0001,
            0.0001,
            0.0001,
            0.0001,
            0.0001,
            0.0001,
            0.0001,
            0.0001,
            0.0001,
            0.0001,
            0.0001,
            0.0001,
            0.0001,
            0.0001,
            0.0001,
            0.0001,
            0.0001,
            0.0001,
            0.0001,
            0.0001,
            0.0001,
            0.0001,
            0.0001,
            0.0001,
            0.0001,
            0.0001,
            0.0001
        ],
        [
            22.02058310518076,
            21.73310194243573,
            21.442246537710883,
            21.147701629896435,
            20.849219339089206,
            20.54694239669993,
            20.23910044361212,
            19.92619023925279,
            19.607087727044053,
            19.281920296961808,
            18.948827967365855,
            18.608175114205533,
            18.257589514327588,
            17.8970635688343,
            17.52510284123481,
            17.14095625270986,
            16.739909842765602,
            16.322334104567446,
            15.884894497769222,
            15.423203302511364,
            14.933686200780517,
            14.405060338650873,
            13.835939171756731,
            13.205796274216683,
            12.493451168089521,
            11.656025638971256,
            10.593989563231249,
            8.924178469291983,
            0.0001,
            0.0001,
            0.00016069257885439572,
            0.0001
        ]
    ],
    "failureReason": false
}