{
    "T": [
        90.0,
        91.0,
        92.0,
        93.0,
        94.0,
        95.0,
        96.0,
        97.0,
        98.0,
        99.0,
        100.0,
        101.0,
        102.0,
        103.0,
        104.0,
        105.0,
        106.0,
        107.0,
        108.0,
        109.0,
        110.0,
        111.0,
        112.0,
        113.0,
        114.0,
        115.0,
        116.0,
        117.0,
        118.0,
        119.0,
        120.0,
        121.0
    ],
    "vevDepthReal": [
        -445443.37039061205,
        -421173.5829347262,
        -397441.47549091023,
        -374251.1627509228,
        -351607.40116419084,
        -329515.75261102966,
        -307982.5308291735,
        -287014.8832314769,
        -266620.79137421615,
        -246809.18617890045,
        -227589.96077131413,
        -208974.11721093455,
        -190973.8302567585,
        -173602.6117716039,
        -156875.4736952505,
        -140809.15037194855,
        -125422.36884503462,
        -110736.22460294602,
        -96774.66049585771,
        -83565.13629134402,
        -71139.54509706087,
        -59535.58875981797,
        -48798.83346647433,
        -38986.09253177719,
        -30171.390654685376,
        -22457.851643219223,
        -16007.115294701802,
        -11147.748601741348,
        -11910.204181502158,
        -12840.276341636532,
        -13849.778306789853,
        -14936.384635682722
    ],
    "vevDepthImag": [
        0.0,
        0.0,
        0.0,
        0.0,
        0.0,
        0.0,
        0.0,
        0.0,
        0.0,
        0.0,
        0.0,
        0.0,
        0.0,
        0.0,
        0.0,
        0.0,
        0.0,
        0.0,
        0.0,
        0.0,
        0.0,
        0.0,
        0.0,
        0.0,
        0.0,
        0.0,
        0.0,
        0.0,
        0.0,
        0.0,
        0.0,
        0.0
    ],
    "vevLocation": [
        [
            0.00015314339595684815,
            -0.00014795225988127603,
            -0.001292567646169085,
            2.1248584100567634e-06,
            0.00039098551046590387,
            0.0001757366320059503,
            -0.0009433768083489725,
            0.00017552400315253968,
            -0.0004882782370499994,
            0.0001091341806593038,
            0.00038778297066965894,
            -0.00028985631881003025,
            7.683995779450559e-05,
            -0.00019195147036713336,
            -0.0004843629906351246,
            1.4675444985247615e-05,
            5.8129678601792785e-05,
            0.00012520533100299214,
            0.000408602762465465,
            -0.00014571557451224446,
            0.0006679060601568962,
            0.0002986716609099599,
            3.632058087459089e-05,
            0.0001461362195404256,
            -0.00032654337594218395,
            0.002566498125293172,
            3.849896531760155e-05,
            0.0003823476357112457,
            -0.00011375704636798489,
            -0.00011376,
            -0.00011376,
            -0.00011376
        ],
        [
            0.0001,
            0.0001,
            0.0001,
            0.0001,
            0.0001,
            0.0001,
            0.0001,
            0.0001,
            0.0001,
            0.0001,
            0.0007699005738837058,
            0.0001,
            0.0001,
            0.0001,
            0.0001,
            0.0001,
            0.0001,
            0.0001,
            0.0001,
            0.0001,
            0.0001,
            0.0001,
            0.0001,
            0.0004576551905474039,
            0.0001,
            0.0033675894455654806,
            0.0001,
            0.0001,
            0.0001,
            0.0001,
            0.0001,
            0.0001
        ],
        [
            22.022191935885868,
            21.73483838473221,
            21.444816287650053,
            21.149286864329945,
            20.85070136939354,
            20.54826283279379,
            20.240651949334342,
            19.9273780865555,
            19.609886585411623,
            19.283353582497735,
            18.950461891107985,
            18.609371665802833,
            18.259427147329156,
            17.89914029926579,
            17.527121006163473,
            17.142409568852134,
            16.742446383969618,
            16.325333616208606,
            15.887108257920103,
            15.426301410253288,
            14.936234418749065,
            14.410746152156513,
            13.840078989393113,
            13.210620423085503,
            12.499366405816545,
            11.666704010350532,
            10.603083849721482,
            8.943099806538974,
            0.0001,
            0.0001,
            0.0001,
            0.0001
        ]
    ],
    "bIsPerturbative": [
        true,
        true,
        true,
        true,
        true,
        true,
        true,
        true,
        true,
        true,
        true,
        true,
        true,
        true,
        true,
        true,
        true,
        true,
        true,
        true,
        true,
        true,
        true,
        true,
        true,
        true,
        true,
        true,
        true,
        true,
        true,
        true
    ],
    "failureReason": false
}