{
    "T": [
        90.0,
        91.0,
        92.0,
        93.0,
        94.0,
        95.0,
        96.0,
        97.0,
        98.0,
        99.0,
        100.0,
        101.0,
        102.0,
        103.0,
        104.0,
        105.0,
        106.0,
        107.0,
        108.0,
        109.0,
        110.0,
        111.0,
        112.0,
        113.0,
        114.0,
        115.0,
        116.0,
        117.0,
        118.0,
        119.0,
        120.0,
        121.0
    ],
    "vevDepthReal": [
        -445444.1641971339,
        -421174.4571937301,
        -397442.1751491749,
        -374252.1555318646,
        -351608.46206224035,
        -329516.8517324469,
        -307983.6715302439,
        -287016.05091561016,
        -266621.9793958334,
        -246810.3749223371,
        -227591.15051240017,
        -208975.29920152438,
        -190974.9938658252,
        -173603.74990636038,
        -156876.57974170506,
        -140810.21325905295,
        -125423.37980412816,
        -110737.19012327294,
        -96775.56808666789,
        -83565.97985539757,
        -71140.32401636451,
        -59536.29569985461,
        -48799.46505034893,
        -38986.648442403486,
        -30171.86065542451,
        -22458.289252876453,
        -16007.418709294383,
        -11147.943940993755,
        -11910.192945118022,
        -12840.263989474413,
        -13849.766663542467,
        -14936.372251806579
    ],
    "vevDepthImag": [
        0.0,
        0.0,
        0.0,
        0.0,
        0.0,
        0.0,
        0.0,
        0.0,
        0.0,
        0.0,
        0.0,
        0.0,
        0.0,
        0.0,
        0.0,
        0.0,
        0.0,
        0.0,
        0.0,
        0.0,
        0.0,
        0.0,
        0.0,
        0.0,
        0.0,
        0.0,
        0.0,
        0.0,
        0.0,
        0.0,
        0.0,
        0.0
    ],
    "vevLocation": [
        [
            0.00017379983892181188,
            6.996133706812027e-05,
            0.0006996282253147468,
            -0.0016297422669202533,
            0.00039076863114240017,
            -0.0010015668168752356,
            -0.0009505956838259084,
            1.7210403784356787e-05,
            -0.0001977700857349607,
            0.000570246859499645,
            -2.8696507052800718e-05,
            3.853055259822602e-06,
            7.662489895765567e-05,
            0.00012298447015804403,
            4.542084603398333e-05,
            0.00045601171728776313,
            -0.000630937560168859,
            0.00011601750837621216,
            0.00040508925293257156,
            -8.658129372556e-05,
            2.015336693961256e-05,
            -3.740591966892859e-05,
            0.0004563054439637032,
            -2.6611071520593003e-05,
            -0.0013974527045713882,
            0.0005287582208575239,
            0.0001142075845884695,
            0.000661748830229042,
            0.0009444925085118835,
            0.00016127941978354501,
            5.518129349199987e-05,
            5.518e-05
        ],
        [
            0.0001,
            0.00015570778216065194,
            0.007267155962928181,
            0.0001,
            0.0001,
            0.0002708621727003128,
            0.0001,
            0.0001,
            0.0001,
            0.0001,
            0.0001,
            0.0001,
            0.0001,
            0.0001,
            0.0001,
            0.0001,
            0.0001,
            0.0001,
            0.0001,
            0.0005464169871764461,
            0.0001,
            0.0001,
            0.0004312339282060516,
            0.0001,
            0.0001,
            0.0001,
            0.0001,
            0.0001,
            0.0006128102736669,
            0.0001,
            0.0001,
            0.0001
        ],
        [
            22.022238228215297,
            21.734311069136094,
            21.44449614785701,
            21.148743958132155,
            20.850715881795207,
            20.54888307933584,
            20.24067516007421,
            19.92781878353816,
            19.60889372820241,
            19.282746593787525,
            18.951758754917744,
            18.60965286155936,
            18.259452675282144,
            17.899269387624706,
            17.52742472279902,
            17.14314047633661,
            16.744059208468585,
            16.325060650043078,
            15.887148324229646,
            15.42672130650409,
            14.936205520366036,
            14.410484471730074,
            13.840337094988268,
            13.210378153578553,
            12.500012768831617,
            11.66354189487201,
            10.603412609406668,
            8.941029015191926,
            0.0001,
            0.0011795282713168032,
            0.0001,
            0.0001
        ]
    ],
    "bIsPerturbative": [
        true,
        true,
        true,
        true,
        true,
        true,
        true,
        true,
        true,
        true,
        true,
        true,
        true,
        true,
        true,
        true,
        true,
        true,
        true,
        true,
        true,
        true,
        true,
        true,
        true,
        true,
        true,
        true,
        true,
        true,
        true,
        true
    ],
    "failureReason": false
}