{
    "T": [
        50.0,
        60.0,
        70.0,
        80.0,
        90.0,
        100.0
    ],
    "vevDepthReal": [
        -2069325.4313177536,
        -1648450.4155026253,
        -1307897.1804778494,
        -1024875.5985515432,
        -787204.7129692028,
        -588520.7163809586
    ],
    "vevDepthImag": [
        -3.4540709835163085e-12,
        -3.5012266987120634e-12,
        -7.383385516983571e-12,
        -6.95493084830183e-12,
        -5.050192289358071e-12,
        -7.134809205066357e-12
    ],
    "vevLocation": [
        [
            1.0333248304118326e-05,
            0.0002373125773768945,
            -3.4374335437611925e-05,
            7.277866196525595e-05,
            0.0002052180463847904,
            0.00035451023991038555
        ],
        [
            0.0001,
            0.0010383584313663772,
            0.0001,
            0.0001,
            0.0002173090823745713,
            0.0001
        ],
        [
            34.02365110347681,
            31.01634441874201,
            28.384039440471785,
            25.966994200058338,
            23.655574497232923,
            21.360725875337614
        ]
    ],
    "bIsPerturbative": [
        true,
        true,
        true,
        true,
        true,
        true
    ],
    "failureReason": false
}