{
    "bmNumber": 1,
    "bmInput": {
        "thetaCPV": 2.0943951023931953,
        "ghDM": 0.0,
        "mS1": 67,
        "delta12": 4.0,
        "delta1c": 50.0,
        "deltac": 1.0,
        "darkHieracy": 1
    },
    "strong": 2.6681194035931592,
    "complex": false,
    "results": {
        "v3": [
            [
                2.6681194035931592,
                50.0
            ],
            [
                2.1269601118089705,
                60.0
            ],
            [
                1.7552096706867517,
                70.0
            ],
            [
                1.4868680949475976,
                80.0
            ],
            [
                1.2864328220494368,
                90.0
            ]
        ]
    },
    "steps": 5,
    "bIsPerturbative": true
}