{
    "T": [
        90.0,
        91.0,
        92.0,
        93.0,
        94.0,
        95.0,
        96.0,
        97.0,
        98.0,
        99.0,
        100.0,
        101.0,
        102.0,
        103.0,
        104.0,
        105.0,
        106.0,
        107.0,
        108.0,
        109.0,
        110.0,
        111.0,
        112.0,
        113.0,
        114.0,
        115.0,
        116.0,
        117.0,
        118.0,
        119.0,
        120.0,
        121.0,
        122.0,
        123.0,
        124.0,
        125.0,
        126.0,
        127.0,
        128.0,
        129.0,
        130.0,
        131.0,
        132.0,
        133.0,
        134.0,
        135.0,
        136.0,
        137.0,
        138.0,
        139.0,
        140.0,
        141.0,
        142.0,
        143.0,
        144.0,
        145.0,
        146.0,
        147.0,
        148.0,
        149.0,
        150.0
    ],
    "vevDepthReal": [
        -787919.7751105131,
        -766377.7358499387,
        -745214.9511009179,
        -724427.6944066905,
        -704012.5564393003,
        -683966.4208388623,
        -664286.4575072892,
        -644970.0996179639,
        -626015.0424023073,
        -607419.2173957543,
        -589180.7919771398,
        -571298.1541620767,
        -553769.9066185608,
        -536594.8497789722,
        -519771.98484627524,
        -503300.45995485183,
        -487179.74473560264,
        -471409.2750524059,
        -455988.79210254754,
        -440918.1650441331,
        -426197.4197487167,
        -411826.738651782,
        -397806.4489615292,
        -384137.02076328854,
        -370819.0924082131,
        -357853.3830086239,
        -345240.8657538782,
        -332982.5123944174,
        -321079.52127311827,
        -309533.2066621083,
        -298345.02047949994,
        -287516.5576949436,
        -277049.54520458647,
        -266945.8816955047,
        -257207.57658213415,
        -247836.8279319778,
        -238835.9734599859,
        -230207.5304984954,
        -221954.1937309439,
        -214078.84552452885,
        -206584.5867439417,
        -199474.72566581218,
        -192752.815877103,
        -186422.7388660183,
        -180488.60410031377,
        -174954.9321474557,
        -169826.6420130283,
        -165109.14707411546,
        -160808.44393577173,
        -156931.2648793717,
        -153485.26984139366,
        -150479.34196587876,
        -147924.04267140676,
        -145832.37126223487,
        -144221.16826319002,
        -143114.0018326907,
        -142548.93255919352,
        -142679.18575115636,
        -143795.77721945348,
        -144984.20045341292,
        -146237.60805475077
    ],
    "vevDepthImag": [
        0.0,
        0.0,
        0.0,
        0.0,
        0.0,
        0.0,
        0.0,
        0.0,
        0.0,
        0.0,
        0.0,
        0.0,
        0.0,
        0.0,
        0.0,
        0.0,
        0.0,
        0.0,
        0.0,
        0.0,
        0.0,
        0.0,
        0.0,
        0.0,
        0.0,
        0.0,
        0.0,
        0.0,
        0.0,
        0.0,
        0.0,
        0.0,
        0.0,
        0.0,
        0.0,
        0.0,
        0.0,
        0.0,
        0.0,
        0.0,
        0.0,
        0.0,
        0.0,
        0.0,
        0.0,
        0.0,
        0.0,
        0.0,
        0.0,
        0.0,
        0.0,
        0.0,
        0.0,
        0.0,
        0.0,
        0.0,
        0.0,
        0.0,
        0.0,
        0.0,
        0.0
    ],
    "vevLocation": [
        [
            -7.753730905964975e-06,
            -0.00021894450030202073,
            0.00015888362888877294,
            0.00030710709563017136,
            -1.4277133052673086e-05,
            0.00014750663823907543,
            5.0164007564496016e-05,
            -0.0003657906970862407,
            0.0001522928795579942,
            -2.5820776973620174e-05,
            -0.0001892290717313387,
            -0.0002442501893750379,
            0.0001725469848797498,
            6.766470007055214e-05,
            3.456561764925148e-06,
            0.0014265840995923429,
            1.3363873590609029e-05,
            -9.134304411423624e-05,
            -7.513064141475328e-05,
            4.93213312105083e-06,
            5.1286633943603995e-05,
            0.00012221521306406483,
            1.1867903647384825e-05,
            0.0004102082541203589,
            -1.818289579362997e-05,
            -8.37027186157413e-05,
            0.0001350706050477421,
            5.0903618352709894e-05,
            -6.854771773106075e-05,
            -7.2996328617097594e-06,
            -0.0001375529689269378,
            -1.733571171037146e-05,
            0.0007907495266884501,
            7.2481332246687735e-06,
            0.0008097789817830131,
            2.8753859719513747e-05,
            -4.176966819062489e-05,
            0.00021170825406872928,
            1.0428318696156097e-05,
            0.00029219137697155924,
            -1.1547964174005165e-05,
            0.00010062992424426931,
            -0.0014814820187565025,
            -4.283422163769979e-06,
            2.385716620520559e-06,
            -3.767344903923017e-05,
            -0.0005246749007017104,
            -3.0471963534395297e-07,
            -2.4446409356213006e-06,
            7.938534027321364e-06,
            -0.0001851379816943527,
            1.1441446529786292e-06,
            0.0002085545138745537,
            0.0008870099655531507,
            0.0004326111474180546,
            0.00019877913075606792,
            0.00028035060364733563,
            5.19244087735691e-05,
            1.5517549945046148e-05,
            0.00017399250470528926,
            0.0002869246578326341
        ],
        [
            0.0001,
            0.0001,
            0.00042187192988132893,
            0.0001,
            0.0001,
            0.0001,
            0.0001,
            0.0004907138367931623,
            0.0001,
            0.0001,
            0.0001,
            0.0001,
            0.0001,
            0.0001,
            0.0001,
            0.0001,
            0.0001,
            0.0001,
            0.0001,
            0.0001,
            0.0005365849913239323,
            0.0001,
            0.0001,
            0.0001,
            0.0001,
            0.00272514106714721,
            0.0001,
            0.0001,
            0.0001,
            0.0001,
            0.0002767005468614081,
            0.0001,
            0.0001,
            0.0001,
            0.0001,
            0.0001,
            0.0001,
            0.0001,
            0.0001,
            0.0009048045302603463,
            0.0001,
            0.0001,
            0.000103491134017002,
            0.0001,
            0.0001,
            0.0001,
            0.0001,
            0.0001,
            0.0001,
            0.0001,
            0.0001,
            0.0001,
            0.0001,
            0.0001,
            0.0001,
            0.0001,
            0.0001,
            0.0001,
            0.0001,
            0.0001,
            0.0001
        ],
        [
            23.66485301145718,
            23.436732283454464,
            23.20767406186003,
            22.97884295213292,
            22.75088035169078,
            22.522077577356605,
            22.292570574993174,
            22.063044432781506,
            21.83287207681175,
            21.602314296335745,
            21.371178546346258,
            21.139441106553335,
            20.906400052933723,
            20.671765213712675,
            20.43746966466675,
            20.19878324787345,
            19.964287751849145,
            19.72574206371621,
            19.485735386301847,
            19.244026937291544,
            19.000681770723457,
            18.755527846808434,
            18.50836384967157,
            18.260455466922142,
            18.007617481908536,
            17.753840796089865,
            17.497046149145262,
            17.237587389876804,
            16.975070820114155,
