{
    "T": [
        90.0,
        91.0,
        92.0,
        93.0,
        94.0,
        95.0,
        96.0,
        97.0,
        98.0,
        99.0,
        100.0,
        101.0,
        102.0,
        103.0,
        104.0,
        105.0,
        106.0,
        107.0,
        108.0,
        109.0,
        110.0,
        111.0,
        112.0,
        113.0,
        114.0,
        115.0,
        116.0,
        117.0,
        118.0,
        119.0,
        120.0,
        121.0,
        122.0,
        123.0,
        124.0,
        125.0,
        126.0,
        127.0,
        128.0,
        129.0,
        130.0,
        131.0,
        132.0,
        133.0,
        134.0,
        135.0,
        136.0,
        137.0,
        138.0,
        139.0,
        140.0,
        141.0,
        142.0,
        143.0,
        144.0,
        145.0,
        146.0,
        147.0,
        148.0,
        149.0,
        150.0
    ],
    "vevDepthReal": [
        -788067.1567837308,
        -766525.4926150138,
        -745363.0199512049,
        -724576.012237339,
        -704161.0577430733,
        -684115.0412592525,
        -664435.1287830684,
        -645118.7541082276,
        -626163.6067207794,
        -607567.6191928524,
        -589328.9586017361,
        -571446.0242566543,
        -553917.3862957117,
        -536741.8799709853,
        -519918.47241310234,
        -503446.35107110295,
        -487324.92352379125,
        -471553.673895081,
        -456132.3263255475,
        -441060.748789547,
        -426338.96551544615,
        -411967.1553492553,
        -397945.6497441997,
        -384274.9170943467,
        -370955.57808038424,
        -357988.38513089647,
        -345374.24662215984,
        -333114.19716274634,
        -321209.40275853395,
        -309661.1879063028,
        -298470.9911516648,
        -287640.4088397218,
        -277171.17185854143,
        -267065.1588621116,
        -257324.3536886165,
        -247951.06683565036,
        -238947.51268168236,
        -230316.24430313296,
        -222059.95500585175,
        -214181.519856618,
        -206684.0408047799,
        -199570.81965335496,
        -192845.41688453648,
        -186511.6694655623,
        -180573.72091912918,
        -175036.07136361641,
        -169903.6327878418,
        -165181.80236096287,
        -160876.57624308835,
        -156994.66478608162,
        -153543.6883061508,
        -150532.51032884174,
        -147971.7733297906,
        -145874.26946308152,
        -144256.8087045382,
        -143142.81050721617,
        -142569.9580020451,
        -142675.73206821384,
        -143795.77517464038,
        -144984.19884214757,
        -146237.6093296106
    ],
    "vevDepthImag": [
        0.0,
        0.0,
        0.0,
        0.0,
        0.0,
        0.0,
        0.0,
        0.0,
        0.0,
        0.0,
        0.0,
        0.0,
        0.0,
        0.0,
        0.0,
        0.0,
        0.0,
        0.0,
        0.0,
        0.0,
        0.0,
        0.0,
        0.0,
        0.0,
        0.0,
        0.0,
        0.0,
        0.0,
        0.0,
        0.0,
        0.0,
        0.0,
        0.0,
        0.0,
        0.0,
        0.0,
        0.0,
        0.0,
        0.0,
        0.0,
        0.0,
        0.0,
        0.0,
        0.0,
        0.0,
        0.0,
        0.0,
        0.0,
        0.0,
        0.0,
        0.0,
        0.0,
        0.0,
        0.0,
        0.0,
        0.0,
        0.0,
        0.0,
        0.0,
        0.0,
        0.0
    ],
    "vevLocation": [
        [
            0.00015414524788270184,
            -0.00019602514458116893,
            0.00042491620643638275,
            0.0002299188754063819,
            -0.0004711871051014671,
            0.00014726918549448024,
            1.8299002029140143e-06,
            7.978724540215476e-05,
            0.00023908744690344375,
            -0.0013059943457234752,
            0.00040602374830650545,
            1.1293277992375974e-05,
            0.0009609150851999597,
            -0.0001115642690991403,
            0.00018395364555010008,
            0.000479873429782271,
            0.0003215646236706896,
            1.2192722751637464e-05,
            7.814109738489547e-05,
            4.726791365001653e-05,
            5.20007228891107e-05,
            0.0007140682373398839,
            0.00011745510944589747,
            -0.000246982533962041,
            2.378505556410032e-06,
            -0.0001735721348577468,
            0.0010081830669463054,
            -0.0001948410314288329,
            0.0012639386676875919,
            0.000195235987207297,
            0.00035366480576343607,
            -1.114602621636162e-06,
            -8.003002934625636e-05,
            7.417482462912517e-06,
            -0.0025756053752491598,
            0.0002622653070881928,
            -1.9932964957364296e-06,
            -0.0004649435405656814,
            -3.5202621179127903e-05,
            2.2986443713243244e-05,
            -0.00018570854085470925,
            -7.483404228979902e-05,
            0.00035792665060771674,
            5.187839201399591e-06,
            1.241348156485328e-06,
            2.787471738709352e-05,
            5.877076778015855e-07,
            -0.0007221858496294655,
            0.00014604952972946048,
            -5.259884742364607e-05,
            0.0019988255649900227,
            0.0014471099384450702,
            -9.035445496659647e-05,
            0.0003257078668267785,
            0.00020893151822463105,
            -2.9243348709351302e-05,
            0.0006872936090744515,
            0.028925239900448582,
            -0.00014624108908192074,
            -0.0003579930701696726,
            -7.549065973270347e-05
        ],
        [
            0.000381838319234754,
            0.0001,
            0.0001,
            0.0001,
            0.0001,
            0.0001,
            0.0001,
            0.0001,
            0.0001,
            0.0001,
            0.0017134414477908387,
            0.0001,
            0.0001,
            0.0001,
            0.0008584490331354446,
            0.0025976367944516507,
            0.0001,
            0.0001,
            0.0001,
            0.0001,
            0.0005451190270440133,
            0.0001,
            0.0001,
            0.0001,
            0.0001,
            0.0012578878404201806,
            0.0001,
            0.0001,
            0.0001,
            0.0001,
            0.0001,
            0.0001,
            0.0001,
            0.0001,
            0.0001,
            0.0001,
            0.0001,
            0.0001,
            0.0001,
            0.001005432802504738,
            0.0001,
            0.0001,
            0.0001,
            0.0001,
            0.0001,
            0.0001,
            0.0001,
            0.0001,
            0.0004693328438001423,
            0.0001,
            0.0001,
            0.0036145799644142357,
            0.0001,
            0.0001,
            0.0001,
            0.0001,
            0.00013915873774379367,
            0.0001,
            0.0001,
            0.0001,
            0.0001
        ],
        [
            23.665955893442185,
            23.438042430864385,
            23.209441963866958,
            22.980119951501987,
            22.752385344564804,
            22.52350657218752,
            22.29394606719968,
            22.064417543198946,
            21.833863985623633,
            21.60366233054142,
            21.372616383707935,
            21.140577693759685,
            20.908966979404074,
            20.67427140901458,
            20.440137689763784,
            20.203656288092578,
            19.966239390072985,
            19.72762152530234,
            19.487722818209182,
            19.246063665080346,
            19.002773302012795,
            18.75729180079726,
            18.51060432508719,
            18.261666239067644,
            18.00990979412258,
            17.756227571572044,
            17.50026543926231,
