{
    "T": [
        90.0,
        91.0,
        92.0,
        93.0,
        94.0,
        95.0,
        96.0,
        97.0,
        98.0,
        99.0,
        100.0,
        101.0,
        102.0,
        103.0,
        104.0,
        105.0,
        106.0,
        107.0,
        108.0,
        109.0,
        110.0,
        111.0,
        112.0,
        113.0,
        114.0,
        115.0,
        116.0,
        117.0,
        118.0,
        119.0,
        120.0,
        121.0,
        122.0,
        123.0,
        124.0,
        125.0,
        126.0,
        127.0,
        128.0,
        129.0,
        130.0,
        131.0,
        132.0,
        133.0,
        134.0,
        135.0,
        136.0,
        137.0,
        138.0,
        139.0,
        140.0,
        141.0,
        142.0,
        143.0,
        144.0,
        145.0,
        146.0,
        147.0,
        148.0,
        149.0,
        150.0
    ],
    "vevDepthReal": [
        -788067.1567837293,
        -766525.4926150141,
        -745363.0199512049,
        -724576.012237339,
        -704161.0577430791,
        -684115.0412592525,
        -664435.1287830701,
        -645118.7541082278,
        -626163.6067207822,
        -607567.6191928524,
        -589328.9586017361,
        -571446.0242566565,
        -553917.3862957117,
        -536741.8799709876,
        -519918.47581109736,
        -503446.36549361935,
        -487324.92352365947,
        -471553.673895081,
        -456132.3263255475,
        -441060.748789547,
        -426338.9655154461,
        -411967.15534925554,
        -397945.6497441997,
        -384274.9170943467,
        -370955.57808038424,
        -357988.38513089856,
        -345374.24662215984,
        -333114.19716274977,
        -321209.40275853395,
        -309661.1879063028,
        -298470.991151659,
        -287640.4088397218,
        -277171.17185854143,
        -267065.1588621116,
        -257324.3536886165,
        -247951.06683565103,
        -238947.51268168163,
        -230316.24430313296,
        -222059.95500585152,
        -214181.51985660585,
        -206684.04080477956,
        -199570.81965335496,
        -192845.41688453648,
        -186511.6694655623,
        -180573.72091912918,
        -175036.0713636164,
        -169903.6327878487,
        -165181.80236096273,
        -160876.57624308823,
        -156994.66478608194,
        -153543.68830615105,
        -150532.51032884253,
        -147971.77332979112,
        -145874.26946308152,
        -144256.80870452954,
        -143142.81050721637,
        -142569.9580020451,
        -142675.73206821384,
        -143795.77313397932,
        -144984.20328349093,
        -146237.61017808065
    ],
    "vevDepthImag": [
        0.0,
        0.0,
        0.0,
        0.0,
        0.0,
        0.0,
        0.0,
        0.0,
        0.0,
        0.0,
        0.0,
        0.0,
        0.0,
        0.0,
        0.0,
        0.0,
        0.0,
        0.0,
        0.0,
        0.0,
        0.0,
        0.0,
        0.0,
        0.0,
        0.0,
        0.0,
        0.0,
        0.0,
        0.0,
        0.0,
        0.0,
        0.0,
        0.0,
        0.0,
        0.0,
        0.0,
        0.0,
        0.0,
        0.0,
        0.0,
        0.0,
        0.0,
        0.0,
        0.0,
        0.0,
        0.0,
        0.0,
        0.0,
        0.0,
        0.0,
        0.0,
        0.0,
        0.0,
        0.0,
        0.0,
        0.0,
        0.0,
        0.0,
        0.0,
        0.0,
        0.0
    ],
    "vevLocation": [
        [
            0.0001541452447036979,
            -0.00019602512840716235,
            0.00042491620643638275,
            0.0002299188754063819,
            -0.0004711915393009747,
            0.00014726918549448024,
            1.8298832054480796e-06,
            7.978724604497389e-05,
            0.00023908603005763553,
            -0.0013059943457234752,
            0.00040602374830650545,
            1.1293270463829178e-05,
            0.0009609150851999597,
            -0.00011156409285623115,
            -0.0002805936074195617,
            -0.00031127900583426647,
            0.00032163103383012464,
            1.2192722751637464e-05,
            7.814109738489547e-05,
            4.726791365001653e-05,
            5.200072357759513e-05,
            0.000714067921915765,
            0.00011745510944589747,
            -0.000246982533962041,
            2.378505556410032e-06,
            -0.00017357205585550456,
            0.0010081830669463054,
            -0.00019484112566717227,
            0.0012639386676875919,
            0.000195235987207297,
            0.0003536669736820741,
            -1.114602621636162e-06,
            -8.003002934625636e-05,
            7.417482462912517e-06,
            -0.0025756053752491598,
            0.0002622653092051244,
            -1.993298501992702e-06,
            -0.0004649435405656814,
            -3.520262588276469e-05,
            2.2986922403921486e-05,
            -0.00018570853619094638,
            -7.483404228979902e-05,
            0.00035792665060771674,
            5.187839201399591e-06,
            1.241346726330722e-06,
            2.78747228481199e-05,
            5.919724142162963e-07,
            -0.0007221858490578026,
            0.00014604951131378177,
            -5.259884677477622e-05,
            0.001998825563437709,
            0.0014471099399909655,
            -9.035446060519196e-05,
            0.0003257078668267785,
            0.0002089360742721447,
            -2.924332759587228e-05,
            0.0006872935591188596,
            0.028925239900448582,
            -7.744260830026828e-05,
            9.021554885257677e-07,
            9e-07
        ],
        [
            0.00038183832445439435,
            0.0001,
            0.0001,
            0.0001,
            0.0001,
            0.0001,
            0.0001,
            0.0001,
            0.0001,
            0.0001,
            0.0017134414477908387,
            0.0001,
            0.0001,
            0.0001,
            0.0007571676952111417,
            0.001346325422861983,
            0.0001,
            0.0001,
            0.0001,
            0.0001,
            0.0005451190166012086,
            0.0001,
            0.0001,
            0.0001,
            0.0001,
            0.0012578875680864924,
            0.0001,
            0.0001,
            0.0001,
            0.0001,
            0.0001,
            0.0001,
            0.0001,
            0.0001,
            0.0001,
            0.0001,
            0.0001,
            0.0001,
            0.0001,
            0.0010054330685497685,
            0.0001,
            0.0001,
            0.0001,
            0.0001,
            0.0001,
            0.0001,
            0.0001,
            0.0001,
            0.0004693328598588827,
            0.0001,
            0.0001,
            0.003614579918782408,
            0.0001,
            0.0001,
            0.0001,
            0.0001,
            0.00013915884232364024,
            0.0001,
            0.0001,
            0.0001,
            0.0001
        ],
        [
            23.665955893397427,
            23.438042430861042,
            23.209441963866958,
            22.980119951501987,
            22.75238534036406,
            22.52350657218752,
            22.293946067209628,
            22.064417543260742,
            21.833863985783292,
            21.60366233054142,
            21.372616383707935,
            21.140577693771913,
            20.908966979404074,
            20.674271409292366,
            20.439090957906043,
            20.20318724903821,
            19.966239410496822,
            19.72762152530234,
            19.487722818209182,
            19.246063665080346,
            19.002773301998708,
            18.757291800751045,
            18.51060432508719,
            18.261666239067644,
            18.00990979412258,
            17.756227571590987,
            17.50026543926231,
            17.240962094180162,
