{
    "T": [
        90.0,
        91.0,
        92.0,
        93.0,
        94.0,
        95.0,
        96.0,
        97.0,
        98.0,
        99.0,
        100.0,
        101.0,
        102.0,
        103.0,
        104.0,
        105.0,
        106.0,
        107.0,
        108.0,
        109.0,
        110.0,
        111.0,
        112.0,
        113.0,
        114.0,
        115.0,
        116.0,
        117.0,
        118.0,
        119.0,
        120.0,
        121.0,
        122.0,
        123.0,
        124.0,
        125.0,
        126.0,
        127.0,
        128.0,
        129.0,
        130.0,
        131.0,
        132.0,
        133.0,
        134.0,
        135.0,
        136.0,
        137.0,
        138.0,
        139.0,
        140.0,
        141.0,
        142.0,
        143.0,
        144.0,
        145.0,
        146.0,
        147.0,
        148.0,
        149.0,
        150.0
    ],
    "vevDepthReal": [
        -788067.1571958807,
        -766525.4926150142,
        -745363.0199512033,
        -724576.0135441454,
        -704161.058743313,
        -684115.0412554656,
        -664435.1287830698,
        -645118.7541082255,
        -626163.6067209006,
        -607567.6191929035,
        -589328.9586017776,
        -571446.0242566564,
        -553917.3862957129,
        -536741.8799707347,
        -519918.4724125742,
        -503446.3699964514,
        -487324.92383452423,
        -471553.6738951082,
        -456132.32632555004,
        -441060.74878954835,
        -426338.96551544644,
        -411967.1553145161,
        -397945.6497441873,
        -384274.91709451005,
        -370955.5780803844,
        -357988.3894068223,
        -345374.24662216246,
        -333114.19716274744,
        -321209.40287718625,
        -309661.1879063343,
        -298470.9911516593,
        -287640.40883972304,
        -277171.1718585728,
        -267065.15886211157,
        -257324.37478022298,
        -247951.06682158317,
        -238947.5126801485,
        -230316.2423581789,
        -222059.95180907767,
        -214181.52462823078,
        -206684.04116442928,
        -199570.81968528414,
        -192845.4173314141,
        -186511.6694655618,
        -180573.72091912912,
        -175036.07136361348,
        -169903.6327877582,
        -165181.80509267762,
        -160876.57669430444,
        -156994.66478608202,
        -153543.68830615134,
        -150532.51032884573,
        -147971.77335028746,
        -145874.2702377379,
        -144256.80837465439,
        -143142.81050721672,
        -142569.96081233086,
        -142679.18574295068,
        -143795.77704379256,
        -144984.19943211915,
        -146237.60828294588
    ],
    "vevDepthImag": [
        0.0,
        0.0,
        0.0,
        0.0,
        0.0,
        0.0,
        0.0,
        0.0,
        0.0,
        0.0,
        0.0,
        0.0,
        0.0,
        0.0,
        0.0,
        0.0,
        0.0,
        0.0,
        0.0,
        0.0,
        0.0,
        0.0,
        0.0,
        0.0,
        0.0,
        0.0,
        0.0,
        0.0,
        0.0,
        0.0,
        0.0,
        0.0,
        0.0,
        0.0,
        0.0,
        0.0,
        0.0,
        0.0,
        0.0,
        0.0,
        0.0,
        0.0,
        0.0,
        0.0,
        0.0,
        0.0,
        0.0,
        0.0,
        0.0,
        0.0,
        0.0,
        0.0,
        0.0,
        0.0,
        0.0,
        0.0,
        0.0,
        0.0,
        0.0,
        0.0,
        0.0
    ],
    "vevLocation": [
        [
            -0.00012588490927437773,
            -0.00019602514429667428,
            0.0004249162504562816,
            -1.734872880770899e-05,
            -0.0003284529797098479,
            0.00015010848986305966,
            1.8298379460476855e-06,
            7.978722089826973e-05,
            0.000239026558711247,
            -0.0013059875283537728,
            0.00040602873644468573,
            1.1293275600304624e-05,
            0.0009609150715151288,
            -0.00011145870822248938,
            0.00018404364862900646,
            -0.0005492002779998589,
            9.292599452887765e-06,
            1.2632607359820691e-05,
            7.814593497612683e-05,
            4.726812210744855e-05,
            5.200072286498601e-05,
            0.0007237963215048836,
            0.00011747225563537439,
            -0.0002469227674126648,
            2.3784959128792665e-06,
            -0.00030151001548289064,
            0.001008183058043996,
            -0.0001948410628692665,
            0.0012517985681288687,
            0.00019522679351253666,
            0.0003536676590774547,
            -1.1143828760769563e-06,
            -7.999188503826637e-05,
            7.417481569460538e-06,
            0.0015452194835653618,
            0.0002608277438050279,
            3.6022254275014376e-06,
            -1.1086767477085785e-05,
            -0.00027371892622475623,
            -3.452610422560731e-08,
            -8.146333453543445e-05,
            4.362352366261979e-05,
            -2.629053306206497e-05,
            5.187843956783178e-06,
            1.241343009609347e-06,
            2.7925342608226336e-05,
            5.346428410789306e-07,
            5.359053130943141e-05,
            0.00011049880182207802,
            -5.259884585295804e-05,
            0.001998825563726256,
            0.0014471099751240182,
            1.1054697969581362e-05,
            -3.1972462396830797e-06,
            0.00040748364541802045,
            -2.92433149458593e-05,
            8.15597295938178e-05,
            0.000652791021347552,
            1.5879190288243389e-06,
            0.0003590336321854094,
            -0.0003027201445275074
        ],
        [
            0.0001,
            0.0001,
            0.0001,
            0.0001,
            0.0001,
            0.0001,
            0.0001,
            0.0001,
            0.0001,
            0.0001,
            0.0017134360634168434,
            0.0001,
            0.0001,
            0.0001,
            0.0008585026774078373,
            0.0001,
            0.0001,
            0.0001,
            0.0001,
            0.0001,
            0.0005451190266699361,
            0.0001,
            0.0001,
            0.0001,
            0.0001,
            0.00028504638831096385,
            0.0001,
            0.0001,
            0.0001,
            0.0001,
            0.0001,
            0.0001,
            0.0001,
            0.0001,
            0.0016807027378892233,
            0.0001,
            0.0001,
            0.000891630182910011,
            0.0001,
            0.0001,
            0.0001,
            0.0001,
            0.0001,
            0.0001,
            0.0001,
            0.0001,
            0.0001,
            0.0001,
            0.00027826168435443534,
            0.0001,
            0.0001,
            0.003614579735823466,
            0.0001,
            0.0001,
            0.0001,
            0.0001,
            0.0001,
            0.0001,
            0.0001,
            0.0001,
            0.0001
        ],
        [
            23.66598385235591,
            23.43804243086614,
            23.209441963829775,
            22.980671200233264,
            22.75211992554593,
            22.523507003048334,
            22.293946067213184,
            22.064417543209295,
            21.8338639946071,
            21.60366233052945,
            21.372616383804125,
            21.140577693754192,
            20.90896697940409,
            20.674271569005818,
            20.44013771611145,
            20.2031608071057,
            19.966138101734558,
            19.727621845778675,
            19.487722804155084,
            19.24606366521023,
            19.002773301998158,
            18.757293745528695,
            18.510604323399146,
            18.261666197057192,
            18.00990979418188,
            17.75570881004942,
            17.500265439195935,
            17.240962094547573,
