{
    "T": [
        90.0,
        91.0,
        92.0,
        93.0,
        94.0,
        95.0,
        96.0,
        97.0,
        98.0,
        99.0,
        100.0,
        101.0,
        102.0,
        103.0,
        104.0,
        105.0,
        106.0,
        107.0,
        108.0,
        109.0,
        110.0,
        111.0,
        112.0,
        113.0,
        114.0,
        115.0,
        116.0,
        117.0,
        118.0,
        119.0,
        120.0,
        121.0,
        122.0,
        123.0,
        124.0,
        125.0,
        126.0,
        127.0,
        128.0,
        129.0,
        130.0,
        131.0,
        132.0,
        133.0,
        134.0,
        135.0,
        136.0,
        137.0,
        138.0,
        139.0,
        140.0,
        141.0,
        142.0,
        143.0,
        144.0,
        145.0,
        146.0,
        147.0,
        148.0,
        149.0,
        150.0
    ],
    "vevDepthReal": [
        -788205.8288050655,
        -766633.0970022907,
        -745440.3428470533,
        -724624.0725872898,
        -704180.9816051077,
        -684108.1253741604,
        -664402.7304043953,
        -645062.3253265745,
        -626084.7240687126,
        -607467.8451858518,
        -589210.0431959361,
        -571309.5771773187,
        -553765.3017864708,
        -536575.7335056283,
        -519740.0952864374,
        -503257.4379396821,
        -487127.16214750044,
        -471348.7456135549,
        -455921.9005160969,
        -440846.4563627174,
        -426122.2733941989,
        -411749.6080170657,
        -397728.5632485655,
        -384059.7144462454,
        -370743.4246718772,
        -357780.5771883781,
        -345171.843028961,
        -332918.10020844755,
        -321020.61208335846,
        -309480.4295222283,
        -298298.9738819141,
        -287477.763013857,
        -277018.40831640875,
        -266922.66789081035,
        -257192.4873198214,
        -247829.93279927855,
        -238837.2562692133,
        -230216.89512672325,
        -221971.4180036998,
        -214103.577812731,
        -206616.4756916808,
        -199513.24977693116,
        -192797.4329967853,
        -186472.76897751176,
        -180543.3033874476,
        -175013.50760628728,
        -169888.22890262096,
        -165172.81099588526,
        -160873.18646568424,
        -156996.05630725506,
        -153549.00352488286,
        -150540.86580313082,
        -147982.1701213267,
        -145885.82628706665,
        -144268.56078859203,
        -143153.7527983361,
        -142578.96060136872,
        -142853.10353681425,
        -145319.5543535453,
        -145759.09844283597,
        -147052.26193563425
    ],
    "vevDepthImag": [
        0.0,
        0.0,
        0.0,
        0.0,
        0.0,
        0.0,
        0.0,
        0.0,
        0.0,
        0.0,
        0.0,
        0.0,
        0.0,
        0.0,
        0.0,
        0.0,
        0.0,
        0.0,
        0.0,
        0.0,
        0.0,
        0.0,
        0.0,
        0.0,
        0.0,
        0.0,
        0.0,
        0.0,
        0.0,
        0.0,
        0.0,
        0.0,
        0.0,
        0.0,
        0.0,
        0.0,
        0.0,
        0.0,
        0.0,
        0.0,
        0.0,
        0.0,
        0.0,
        0.0,
        0.0,
        0.0,
        0.0,
        0.0,
        0.0,
        0.0,
        0.0,
        0.0,
        0.0,
        0.0,
        0.0,
        0.0,
        0.0,
        0.0,
        0.0,
        0.0,
        0.0
    ],
    "vevLocation": [
        [
            -0.0002513050681504273,
            -0.00040778267329166784,
            5.656545185919043e-05,
            0.0007572487737896039,
            -0.0007563882960484672,
            0.0002550754585418935,
            -0.0008206939589710427,
            -0.00031567101301859316,
            0.0012744479693153695,
            -0.0001455551279337386,
            0.0011717126589804972,
            0.002676047444693186,
            -0.000719694770438005,
            0.002460267302281328,
            -0.0021240160190855117,
            -0.0001790865726113977,
            0.0003163801726078219,
            -0.00011976695252233693,
            -0.0025828451281427155,
            -0.000857943091815758,
            -0.0003430515572998527,
            0.0009320884715318112,
            -0.001535331737647104,
            -0.0006343102733188458,
            0.00041895182375528695,
            0.0016782510632302183,
            -0.00036318596355813804,
            -0.0003789012087121735,
            -0.0002574114401171293,
            -0.0011513715746370792,
            -7.071807758503301e-06,
            0.0003391801438620279,
            0.0004814223413413302,
            0.0005888018340988177,
            0.00021032101667610437,
            -0.001405557732403126,
            -0.00044584040780673573,
            4.423606848144579e-05,
            0.0003596559087793716,
            0.0006139675515909127,
            -0.0005302367800161089,
            -0.0014330689098230875,
            0.0004303225919779583,
            3.3008323012159724e-05,
            0.00016550802657499565,
            0.0004124423116702103,
            0.00014648952544450353,
            0.0001857808674573195,
            0.0006565233619617965,
            7.67585235524771e-05,
            -1.7687283553058375e-05,
            8.084331276991819e-05,
            0.00044303642776121616,
            0.0010527869754778513,
            -0.0007539508646958251,
            -0.000385512688535275,
            -0.0007889278223612364,
            -0.00921793001590887,
            -0.005972219855392823,
            -0.00597222,
            -0.00597222
        ],
        [
            0.0001,
            0.0001,
            0.0001,
            0.0001,
            0.0001,
            0.0001,
            0.0001,
            0.0001,
            0.0001,
            0.0001,
            0.0029946486034436682,
            0.0001,
            0.0001,
            0.0001,
            0.0001,
            0.0001,
            0.0001,
            0.0018967986897952794,
            0.0001,
            0.0001,
            0.001464281673272076,
            0.0001,
            0.0001,
            0.0001,
            0.0001,
            0.0007180221933338707,
            0.0001,
            0.0001,
            0.00045816630458768773,
            0.0011349786344674883,
            0.0026861621964988924,
            0.0001,
            0.0001,
            0.0001,
            0.0001,
            0.0001,
            0.0001,
            0.0001,
            0.0001,
            0.0001,
            0.000717192249548695,
            0.0001,
            0.0001,
            0.0001,
            0.0001,
            0.0001,
            0.0001,
            0.0001,
            0.0001,
            0.0001,
            0.0001,
            0.0001,
            0.0001,
            0.0001,
            0.0001,
            0.0001,
            0.0001,
            0.0001,
            0.0001,
            0.0001,
            0.0001
        ],
        [
            23.666337422364197,
            23.439750810972686,
            23.208672247666968,
            22.98089018148325,
            22.75161324498461,
            22.52311795847916,
            22.293350561375753,
            22.065365473589456,
            21.83214986823719,
            21.601875319157827,
            21.370560457521847,
            21.13736434608494,
            20.905950921935705,
            20.670868591098053,
            20.433991374424597,
            20.199896567366824,
            19.962101825177612,
            19.723989408950928,
            19.4851941950942,
            19.244116577040547,
            18.999109598000032,
            18.753475005446273,
            18.505852441619368,
            18.257258117763122,
            18.006171836501004,
            17.751802721758995,
            17.49614602671421,
            17.235441926846775,
            16.97349214360097,
