{
    "T": [
        90.0,
        91.0,
        92.0,
        93.0,
        94.0,
        95.0,
        96.0,
        97.0,
        98.0,
        99.0,
        100.0,
        101.0,
        102.0,
        103.0,
        104.0,
        105.0,
        106.0,
        107.0,
        108.0,
        109.0,
        110.0,
        111.0,
        112.0,
        113.0,
        114.0,
        115.0,
        116.0,
        117.0,
        118.0,
        119.0,
        120.0,
        121.0,
        122.0,
        123.0,
        124.0,
        125.0,
        126.0,
        127.0,
        128.0,
        129.0,
        130.0,
        131.0,
        132.0,
        133.0,
        134.0,
        135.0,
        136.0,
        137.0,
        138.0,
        139.0,
        140.0,
        141.0,
        142.0,
        143.0,
        144.0,
        145.0,
        146.0,
        147.0,
        148.0,
        149.0,
        150.0
    ],
    "vevDepthReal": [
        -787919.7751105124,
        -766377.7365449489,
        -745214.9511021778,
        -724427.6944066888,
        -704012.5564664146,
        -683966.4208014677,
        -664286.4575072887,
        -644970.0996179632,
        -626015.0424022974,
        -607419.2173588229,
        -589180.791977097,
        -571298.1541620762,
        -553769.9071304387,
        -536594.8497789724,
        -519771.9848462833,
        -503300.4599548523,
        -487179.7447356027,
        -471409.27505240816,
        -455988.7921019952,
        -440918.1650441274,
        -426197.4197487091,
        -411826.73865201575,
        -397806.448952639,
        -384137.0256458082,
        -370819.09240821336,
        -357853.3830085581,
        -345240.8656349556,
        -332982.5078015906,
        -321079.5212731199,
        -309533.20666210813,
        -298345.01893795637,
        -287516.5576949429,
        -277049.545244971,
        -266945.881695505,
        -257207.5764239353,
        -247836.82793197836,
        -238835.9734601853,
        -230207.53049895418,
        -221954.19373094421,
        -214078.84619154275,
        -206584.58592535937,
        -199474.72566415035,
        -192752.81414321094,
        -186422.73886601787,
        -180488.60409982578,
        -174954.93214736876,
        -169826.64201302268,
        -165109.14707411622,
        -160808.44393583006,
        -156931.26487718886,
        -153485.26480632083,
        -150479.3419129072,
        -147924.04267140696,
        -145832.3745106172,
        -144221.16826319002,
        -143114.00181377184,
        -142548.93255919308,
        -142679.18946340648,
        -143795.77760085123,
        -144984.20149204668,
        -146237.60837412925
    ],
    "vevDepthImag": [
        0.0,
        0.0,
        0.0,
        0.0,
        0.0,
        0.0,
        0.0,
        0.0,
        0.0,
        0.0,
        0.0,
        0.0,
        0.0,
        0.0,
        0.0,
        0.0,
        0.0,
        0.0,
        0.0,
        0.0,
        0.0,
        0.0,
        0.0,
        0.0,
        0.0,
        0.0,
        0.0,
        0.0,
        0.0,
        0.0,
        0.0,
        0.0,
        0.0,
        0.0,
        0.0,
        0.0,
        0.0,
        0.0,
        0.0,
        0.0,
        0.0,
        0.0,
        0.0,
        0.0,
        0.0,
        0.0,
        0.0,
        0.0,
        0.0,
        0.0,
        0.0,
        0.0,
        0.0,
        0.0,
        0.0,
        0.0,
        0.0,
        0.0,
        0.0,
        0.0,
        0.0
    ],
    "vevLocation": [
        [
            -7.753714656548991e-06,
            -0.0003137305640573962,
            0.00015826950577077503,
            0.0003071070473532611,
            1.4766920011961837e-06,
            -0.0001402000036843722,
            5.016412890463534e-05,
            -0.00036579069020402366,
            0.00015230651053691965,
            -0.00011526100151303814,
            -0.00018920179731760078,
            -0.00024425019496306793,
            2.5277683034646836e-06,
            6.7664720656219e-05,
            3.482652381751883e-06,
            0.0014265840876854091,
            1.3424921098668359e-05,
            -9.134352750026261e-05,
            -7.632794326131333e-05,
            4.8909516714375255e-06,
            5.128642325773071e-05,
            0.00012186411671899662,
            3.1774825152250386e-05,
            -0.0003638783769562004,
            -1.818273110600543e-05,
            -8.388396607617032e-05,
            -4.508901135801685e-05,
            0.001041970774801955,
            -6.854418559762432e-05,
            -7.29962874308418e-06,
            0.00037080457926828847,
            -1.7335727393208433e-05,
            -0.0005183250782688428,
            7.248131682235925e-06,
            0.0008332750327424976,
            2.8753873884561354e-05,
            -4.1611564365048176e-05,
            0.00021153559420676593,
            1.0428312795303374e-05,
            0.00021410908899124892,
            0.00020540274144453113,
            0.00010301086991273273,
            -0.00164962388538549,
            -4.2834237232308725e-06,
            9.808030780901738e-06,
            -3.8346534419047375e-05,
            -0.0005246754111665891,
            -3.0472506472312144e-07,
            9.198550821043483e-07,
            -2.394263820841569e-05,
            0.0008608047858790664,
            2.0800137669294005e-05,
            0.0002085545123314131,
            -0.0003021583812514439,
            0.0004326111499469312,
            0.00019294385035167633,
            0.0002803506073279123,
            5.19168190356873e-05,
            5.192e-05,
            1.6685315717030285e-06,
            1.67e-06
        ],
        [
            0.0001,
            0.0001,
            0.0004216156544366023,
            0.0001,
            0.0001,
            0.0001,
            0.0001,
            0.0004907139201209929,
            0.0001,
            0.0001,
            0.0001,
            0.0001,
            0.0001,
            0.0001,
            0.0001,
            0.0001,
            0.0001,
            0.0001,
            0.0001,
            0.0001,
            0.0005365870282294507,
            0.0001,
            0.0001,
            0.0001,
            0.0001,
            0.002725448930623558,
            0.0001,
            0.0001,
            0.0001,
            0.0001,
            0.0001,
            0.0001,
            0.0001,
            0.0001,
            0.0001,
            0.0001,
            0.0001,
            0.0001,
            0.0001,
            0.0007996500429214105,
            0.0001,
            0.0001,
            0.00010352408866546072,
            0.0001,
            0.0001,
            0.0001,
            0.0001,
            0.0001,
            0.0001,
            0.0001,
            0.0001,
            0.0001,
            0.0001,
            0.0001,
            0.0001,
            0.0001,
            0.0001,
            0.0001,
            0.0001,
            0.0001,
            0.0001
        ],
        [
            23.664853011484684,
            23.43635875002141,
            23.207674219933583,
            22.97884295214706,
            22.75087089455966,
            22.52208831912429,
            22.29257057497811,
            22.063044432827503,
            21.832872078028895,
            21.60213815682449,
            21.37117858269432,
            21.13944110653884,
            20.9060750207017,
            20.671765213703466,
            20.4374696137987,
            20.19878324787349,
            19.96428770480959,
            19.725742061645786,
            19.485735440491382,
            19.2440269040202,
            19.000681770586112,
            18.755527792425813,
            18.508462046559725,
            18.258553690729205,
            18.00761748215929,
            17.75383776224919,
            17.496719823453972,
            17.236878538951824,
            16.975070823838248,
            16.709507367218162,
