{
    "T": [
        90.0,
        91.0,
        92.0,
        93.0,
        94.0,
        95.0,
        96.0,
        97.0,
        98.0,
        99.0,
        100.0,
        101.0,
        102.0,
        103.0,
        104.0,
        105.0,
        106.0,
        107.0,
        108.0,
        109.0,
        110.0,
        111.0,
        112.0,
        113.0,
        114.0,
        115.0,
        116.0,
        117.0,
        118.0,
        119.0,
        120.0,
        121.0,
        122.0,
        123.0,
        124.0,
        125.0,
        126.0,
        127.0,
        128.0,
        129.0,
        130.0,
        131.0,
        132.0,
        133.0,
        134.0,
        135.0,
        136.0,
        137.0,
        138.0,
        139.0,
        140.0,
        141.0,
        142.0,
        143.0,
        144.0,
        145.0,
        146.0,
        147.0,
        148.0,
        149.0,
        150.0
    ],
    "vevDepthReal": [
        -787919.7751105138,
        -766377.735849938,
        -745214.951107158,
        -724427.6954575244,
        -704012.5564708341,
        -683966.4208391982,
        -664286.4575304171,
        -644970.1005752761,
        -626015.0424023551,
        -607419.2173940653,
        -589180.791977651,
        -571298.1541620787,
        -553769.907130443,
        -536594.849778972,
        -519771.9848462776,
        -503300.45995485206,
        -487179.74473560194,
        -471409.27505319077,
        -455988.7921019733,
        -440918.16504412756,
        -426197.41974870965,
        -411826.7386515931,
        -397806.44895263884,
        -384137.0257252014,
        -370819.0924082142,
        -357853.40520258737,
        -345240.8656322896,
        -332982.50733956514,
        -321079.5212731155,
        -309533.2066621074,
        -298345.0212043665,
        -287516.5576949438,
        -277049.5452045864,
        -266945.88169550407,
        -257207.5764113757,
        -247836.82793197816,
        -238835.97346005312,
        -230207.53049954202,
        -221954.1938112486,
        -214078.8483653309,
        -206584.58611493977,
        -199474.72569683756,
        -192752.82799189133,
        -186422.73886601828,
        -180488.60409982654,
        -174954.93215232782,
        -169826.6420133995,
        -165109.1470741247,
        -160808.44393078555,
        -156931.26485420374,
        -153485.2648063211,
        -150479.34191290586,
        -147924.04267140644,
        -145832.3745106177,
        -144221.16826319016,
        -143114.00182726965,
        -142548.9344214779,
        -142679.1907763276,
        -143795.77703871802,
        -144984.19949325788,
        -146237.60833767283
    ],
    "vevDepthImag": [
        0.0,
        0.0,
        0.0,
        0.0,
        0.0,
        0.0,
        0.0,
        0.0,
        0.0,
        0.0,
        0.0,
        0.0,
        0.0,
        0.0,
        0.0,
        0.0,
        0.0,
        0.0,
        0.0,
        0.0,
        0.0,
        0.0,
        0.0,
        0.0,
        0.0,
        0.0,
        0.0,
        0.0,
        0.0,
        0.0,
        0.0,
        0.0,
        0.0,
        0.0,
        0.0,
        0.0,
        0.0,
        0.0,
        0.0,
        0.0,
        0.0,
        0.0,
        0.0,
        0.0,
        0.0,
        0.0,
        0.0,
        0.0,
        0.0,
        0.0,
        0.0,
        0.0,
        0.0,
        0.0,
        0.0,
        0.0,
        0.0,
        0.0,
        0.0,
        0.0,
        0.0
    ],
    "vevLocation": [
        [
            -7.75374361088659e-06,
            -0.00021894451549375749,
            0.00015581583897325557,
            -2.0210426963112108e-05,
            -7.285924393116844e-06,
            0.0001476597553073239,
            -7.351786357331393e-05,
            9.579003281943999e-05,
            0.00015223552603007423,
            -3.057618864251571e-05,
            -0.00018957822486076817,
            -0.00024425018331523246,
            1.93751825203637e-06,
            6.766472021519677e-05,
            3.461786730066252e-06,
            0.0014265840813324077,
            1.3334466502602733e-05,
            -8.982844513692226e-05,
            -7.632167658572621e-05,
            4.891245229866637e-06,
            5.128642031248505e-05,
            0.00012249888537587024,
            3.177475062015461e-05,
            -0.0002718446698430632,
            -1.8182819545126583e-05,
            -6.264570792036649e-05,
            6.315073763741436e-05,
            0.0003897488310227737,
            -6.85507287398815e-05,
            -7.299643289541968e-06,
            -2.2997573210975508e-05,
            -1.733547543037589e-05,
            0.0007907495255731201,
            7.2481312418104515e-06,
            0.0008351419436508911,
            2.8753867780995784e-05,
            -4.171634038307136e-05,
            0.00021131387939204993,
            9.98906288414425e-07,
            2.30199428899458e-06,
            0.000443208224829815,
            1.76759060086934e-05,
            -0.00034389407206723583,
            -4.2834229465466e-06,
            9.81199225101679e-06,
            2.9650346553260903e-06,
            -0.0005246409012752695,
            7.504186445989047e-07,
            -1.4353542919509632e-05,
            -1.333222134205364e-05,
            0.000860804785946169,
            2.0800141616081347e-05,
            0.00020855449534641635,
            -0.00030215832700584977,
            0.0004326111255992246,
            0.00019686713846824456,
            1.426809170672859e-06,
            -1.2502030612530912e-06,
            1.5491368243755223e-05,
            0.00025922708160114327,
            0.00025923
        ],
        [
            0.0001,
            0.0001,
            0.0004205905173940705,
            0.0001,
            0.0001,
            0.0001,
            0.0001,
            0.0001,
            0.0001,
            0.0001,
            0.0001,
            0.0001,
            0.0001,
            0.0001,
            0.0001,
            0.0001,
            0.0001,
            0.0001,
            0.0001,
            0.0001,
            0.000536587028565526,
            0.0001,
            0.0001,
            0.0005885473143506165,
            0.0001,
            0.0001,
            0.00026692363501088667,
            0.0001,
            0.0001,
            0.0001,
            0.0001,
            0.0001,
            0.0001,
            0.0001,
            0.0001,
            0.0001,
            0.0001,
            0.0001,
            0.0001,
            0.0001,
            0.0001,
            0.0001,
            0.0006329255696095964,
            0.0001,
            0.0001,
            0.0001,
            0.0001,
            0.0001,
            0.0001,
            0.0001,
            0.0001,
            0.0001,
            0.0001,
            0.0001,
            0.0001,
            0.0001,
            0.0001,
            0.0001,
            0.0001,
            0.0001,
            0.0001
        ],
        [
            23.664853011471948,
            23.436732283447554,
            23.207674843263643,
            22.979209685281685,
            22.7508691959382,
            22.52207745218719,
            22.292491476596776,
            22.063061587681492,
            21.83287207408412,
            21.6023154891168,
            21.371178089577835,
            21.139441106541966,
            20.906075369462766,
            20.67176521370193,
            20.437469654533412,
            20.198783247868164,
            19.964287774499315,
            19.725742095436484,
            19.485735495620123,
            19.244026904404866,
            19.000681770582123,
            18.755527890816317,
            18.508462046404404,
            18.2588923607257,
            18.007617482037404,
            17.753745925114867,
            17.496940961391672,
            17.23631446158515,
            16.97507081698393,
            16.70950736720323,
