{
    "T": [
        50.0,
        60.0,
        70.0,
        80.0,
        90.0,
        100.0
    ],
    "vevDepthReal": [
        -2069322.507478201,
        -1648723.7613616101,
        -1308067.822748927,
        -1025037.5310476021,
        -787362.6627435852,
        -588680.7908782649
    ],
    "vevDepthImag": [
        -5.212430493479599e-12,
        -2.8213010772822684e-12,
        -5.198624399956881e-12,
        -7.779718662122554e-12,
        -6.681357705091885e-12,
        -6.2986802386657985e-12
    ],
    "vevLocation": [
        [
            0.0005906429576095027,
            0.0002765302694902917,
            9.598457773735136e-07,
            -0.00011368189634824825,
            3.636568146614394e-07,
            0.0003005633602592636
        ],
        [
            0.0001,
            0.0001,
            0.0001,
            0.0001,
            0.0001,
            0.0001
        ],
        [
            34.022978024591666,
            31.01818165465459,
            28.385197877197694,
            25.96872827032507,
            23.657200675371485,
            21.362190817071223
        ]
    ],
    "bIsPerturbative": [
        true,
        true,
        true,
        true,
        true,
        true
    ],
    "failureReason": false
}