{
    "T": [
        90.0,
        91.0,
        92.0,
        93.0,
        94.0,
        95.0,
        96.0,
        97.0,
        98.0,
        99.0,
        100.0,
        101.0,
        102.0,
        103.0,
        104.0,
        105.0,
        106.0,
        107.0,
        108.0,
        109.0,
        110.0,
        111.0,
        112.0,
        113.0,
        114.0,
        115.0,
        116.0,
        117.0,
        118.0,
        119.0,
        120.0,
        121.0,
        122.0,
        123.0,
        124.0,
        125.0,
        126.0,
        127.0,
        128.0,
        129.0,
        130.0,
        131.0,
        132.0,
        133.0,
        134.0,
        135.0,
        136.0,
        137.0,
        138.0,
        139.0,
        140.0,
        141.0,
        142.0,
        143.0,
        144.0,
        145.0,
        146.0,
        147.0,
        148.0,
        149.0,
        150.0
    ],
    "vevDepthReal": [
        -788205.7758052361,
        -766633.0346574589,
        -745440.3062175426,
        -724624.036502147,
        -704180.9523726122,
        -684108.0758152858,
        -664402.6780118942,
        -645062.2911190507,
        -626084.6846466786,
        -607467.856555206,
        -589210.0218760824,
        -571309.6055770584,
        -553765.2321030672,
        -536575.7127424029,
        -519740.0426983391,
        -503257.3982058182,
        -487127.1344361694,
        -471348.7408770801,
        -455921.89116908924,
        -440846.4057804003,
        -426122.25518966187,
        -411749.55605623184,
        -397728.5667903706,
        -384059.69136653194,
        -370743.4640702058,
        -357780.56100485084,
        -345171.79232007154,
        -332918.1028710473,
        -321020.57071559475,
        -309480.4177272003,
        -298298.9857201177,
        -287477.7740359027,
        -277018.41192206845,
        -266922.6760676745,
        -257192.49105775295,
        -247829.9374760327,
        -238837.2644321863,
        -230216.88929056533,
        -221971.40094969614,
        -214103.59348919475,
        -206616.4674252919,
        -199513.2522578117,
        -192797.42599554587,
        -186472.74890997037,
        -180543.2957661359,
        -175013.5020203766,
        -169888.22105729254,
        -165172.80040145898,
        -160873.18210299528,
        -156996.0458992658,
        -153548.99765033263,
        -150540.86465103173,
        -147982.16686810946,
        -145885.8204826109,
        -144268.55703642193,
        -143153.74960275806,
        -142578.95998166432,
        -142675.91426152253,
        -143796.50839564623,
        -144984.5789016899,
        -146237.61690933848
    ],
    "vevDepthImag": [
        0.0,
        0.0,
        0.0,
        0.0,
        0.0,
        0.0,
        0.0,
        0.0,
        0.0,
        0.0,
        0.0,
        0.0,
        0.0,
        0.0,
        0.0,
        0.0,
        0.0,
        0.0,
        0.0,
        0.0,
        0.0,
        0.0,
        0.0,
        0.0,
        0.0,
        0.0,
        0.0,
        0.0,
        0.0,
        0.0,
        0.0,
        0.0,
        0.0,
        0.0,
        0.0,
        0.0,
        0.0,
        0.0,
        0.0,
        0.0,
        0.0,
        0.0,
        0.0,
        0.0,
        0.0,
        0.0,
        0.0,
        0.0,
        0.0,
        0.0,
        0.0,
        0.0,
        0.0,
        0.0,
        0.0,
        0.0,
        0.0,
        0.0,
        0.0,
        0.0,
        0.0
    ],
    "vevLocation": [
        [
            7.4850610728594e-05,
            -0.00017628262780367,
            -0.0006864575929075717,
            1.105344041976708e-06,
            -0.0006290871214482207,
            -7.777028850554368e-05,
            5.585264409870266e-05,
            -4.70980176850086e-06,
            1.7254195529295413e-05,
            2.155547476355912e-06,
            -0.00042253089471035177,
            -0.0006473994257739368,
            1.0523958609558182e-05,
            1.2006254000440642e-06,
            -0.0008925531057096536,
            0.0003554803098746173,
            1.5748207382593193e-06,
            -8.875080174669139e-05,
            -4.784673003528639e-06,
            4.983321992149613e-06,
            4.7195215310379644e-05,
            2.9287429052464305e-05,
            -0.00042769802024369974,
            -2.1879175613773345e-05,
            6.929897189573118e-05,
            4.4469527187895874e-05,
            1.9336028276639716e-05,
            -0.00016634121338125838,
            -9.084369436002104e-05,
            2.3166572010561992e-07,
            -9.148401784721434e-06,
            0.00038821898421004253,
            -5.346777554877946e-06,
            4.634164048855985e-06,
            1.1026302418788714e-06,
            6.869192663750898e-05,
            2.4799629482492218e-05,
            1.018754500231589e-06,
            1.9314197867707772e-05,
            -5.086259629711394e-05,
            -0.00011601026742401949,
            4.7505992356068616e-05,
            -4.1193038783910244e-05,
            2.1030005195391e-06,
            2.2029275802241954e-06,
            -3.533912891946978e-05,
            3.4008449511535067e-06,
            6.012389343098071e-05,
            1.8899409673960726e-05,
            -1.8133017570150234e-06,
            -8.766534289736372e-06,
            0.0005630553456272142,
            -0.00010054936567058205,
            0.00032956688190668645,
            3.120826076992119e-05,
            0.000266762937728877,
            1.8471151970277447e-05,
            0.032470552446708906,
            0.00015019839659612816,
            -4.411078243537689e-06,
            -5.191005369230284e-05
        ],
        [
            0.0001,
            0.0001,
            0.0001,
            0.0001,
            0.0001,
            0.0001,
            0.0001,
            0.0001,
            0.0001,
            0.0001,
            0.0001,
            0.0001,
            0.0001,
            0.0001,
            0.0001,
            0.0001,
            0.0001,
            0.0001,
            0.0001,
            0.0001,
            0.0001,
            0.0001,
            0.0001,
            0.0001,
            0.0001,
            0.0001,
            0.0001,
            0.0001710531724933869,
            0.0009051735156515831,
            0.0001,
            0.0001,
            0.0001,
            0.0001,
            0.0001,
            0.0001,
            0.000451953646611665,
            0.0001,
            0.0001,
            0.0001,
            0.0001,
            0.0001,
            0.0001,
            0.0001,
            0.0001,
            0.0001,
            0.0001,
            0.0001,
            0.0001,
            0.0001,
            0.0001,
            0.0001,
            0.0007485640806084621,
            0.0001,
            0.0001,
            0.0001,
            0.0001,
            0.00043347091690973703,
            0.0001,
            0.0001,
            0.0001,
            0.0001
        ],
        [
            23.66696268776791,
            23.43937543374744,
            23.209716253624407,
            22.981200820895353,
            22.75166485513792,
            22.522854661279574,
            22.293528935621158,
            22.063529820023074,
            21.833202588639274,
            21.602269425446153,
            21.37093556466836,
            21.138318919491052,
            20.905360213067862,
            20.67123579484697,
            20.436685411069423,
            20.201316805309748,
            19.962580768422104,
            19.723895551742682,
            19.483677329234066,
            19.241900843529486,
            18.99846874065859,
            18.753292333361454,
            18.506486189859466,
            18.25664581547777,
            18.005083992010935,
            17.751043537574866,
            17.494687264575848,
            17.23496066117315,
            16.97287438857791,
