{
    "T": [
        90.0,
        91.0,
        92.0,
        93.0,
        94.0,
        95.0,
        96.0,
        97.0,
        98.0,
        99.0,
        100.0,
        101.0,
        102.0,
        103.0,
        104.0,
        105.0,
        106.0,
        107.0,
        108.0,
        109.0,
        110.0,
        111.0,
        112.0,
        113.0,
        114.0,
        115.0,
        116.0,
        117.0,
        118.0,
        119.0,
        120.0,
        121.0,
        122.0,
        123.0,
        124.0,
        125.0,
        126.0,
        127.0,
        128.0,
        129.0,
        130.0,
        131.0,
        132.0,
        133.0,
        134.0,
        135.0,
        136.0,
        137.0,
        138.0,
        139.0,
        140.0,
        141.0,
        142.0,
        143.0,
        144.0,
        145.0,
        146.0,
        147.0,
        148.0,
        149.0,
        150.0
    ],
    "vevDepthReal": [
        -788198.5996832146,
        -766634.7110189559,
        -745450.4147569779,
        -724642.1122156268,
        -704206.5055972759,
        -684140.5884949666,
        -664441.6148026381,
        -645107.0988714419,
        -626134.7998993561,
        -607522.7090118479,
        -589269.0364871665,
        -571372.2153400406,
        -553830.864240813,
        -536643.8106141046,
        -519810.058704265,
        -503328.8008943938,
        -487199.39317453536,
        -471421.3636733768,
        -455994.4001715663,
        -440918.34674999636,
        -426193.1990864252,
        -411819.10049426614,
        -397796.3403001024,
        -384125.3467735098,
        -370806.6909379858,
        -357841.07551726553,
        -345229.34642253997,
        -332972.48693949444,
        -321071.6010838547,
        -309527.9410289465,
        -298342.8926590284,
        -287517.9772638097,
        -277054.86589940346,
        -266955.36498976947,
        -257221.43079821684,
        -247855.1775752413,
        -238858.879605104,
        -230234.98039166414,
        -221986.10472537013,
        -214115.0676289027,
        -206624.89515469898,
        -199518.83767893157,
        -192800.3941353798,
        -186473.34270089233,
        -180541.77400675317,
        -175010.13677395298,
        -169883.29523367924,
        -165166.60546204037,
        -160866.00275962197,
        -156988.20542050328,
        -153540.7837499841,
        -150532.5768071531,
        -147974.09294759558,
        -145878.2497348541,
        -144261.77202782332,
        -143148.03756851217,
        -142574.6427889103,
        -142675.5044616818,
        -143796.22466023095,
        -144984.4475101458,
        -146237.63124177078
    ],
    "vevDepthImag": [
        0.0,
        0.0,
        0.0,
        0.0,
        0.0,
        0.0,
        0.0,
        0.0,
        0.0,
        0.0,
        0.0,
        0.0,
        0.0,
        0.0,
        0.0,
        0.0,
        0.0,
        0.0,
        0.0,
        0.0,
        0.0,
        0.0,
        0.0,
        0.0,
        0.0,
        0.0,
        0.0,
        0.0,
        0.0,
        0.0,
        0.0,
        0.0,
        0.0,
        0.0,
        0.0,
        0.0,
        0.0,
        0.0,
        0.0,
        0.0,
        0.0,
        0.0,
        0.0,
        0.0,
        0.0,
        0.0,
        0.0,
        0.0,
        0.0,
        0.0,
        0.0,
        0.0,
        0.0,
        0.0,
        0.0,
        0.0,
        0.0,
        0.0,
        0.0,
        0.0,
        0.0
    ],
    "vevLocation": [
        [
            6.52463088506236e-05,
            -0.00017566572245808487,
            5.3335606530480195e-05,
            -1.4872827384625198e-06,
            -0.0008364077772621444,
            0.00015146446628038705,
            -0.0001290012936506109,
            8.737335825677317e-05,
            2.142613340772037e-05,
            6.518566723536651e-07,
            -0.0003691893093849222,
            -2.5136174676608503e-05,
            1.2494213589344175e-05,
            1.1610397273875694e-06,
            -0.0006773765187024355,
            2.79297109281873e-06,
            1.927879234031593e-06,
            -1.326304879489034e-05,
            -7.778000625946941e-05,
            4.733729751231052e-06,
            1.0118547600510008e-05,
            -8.122740677241058e-05,
            0.0001318423489838419,
            0.0001296858175459728,
            2.454366623493541e-06,
            4.542578776687428e-05,
            -0.0006670955447333777,
            7.951731779069337e-05,
            -1.4076261391163941e-06,
            9.229195510440658e-05,
            -7.377001775113468e-05,
            0.00036284474787140475,
            1.5905944598977248e-05,
            7.274859888828367e-06,
            -7.231538924810932e-06,
            9.614744583422152e-05,
            1.6756257299757604e-05,
            0.00020681481116681388,
            2.1178057294981428e-05,
            -0.0004443376787089809,
            0.0002540586292818247,
            4.992853050903023e-06,
            1.633338536009138e-06,
            2.144705827301918e-06,
            -3.0800161018161576e-05,
            7.266011934053279e-05,
            -1.6262702132965878e-05,
            6.122054437130917e-05,
            0.00026281774995758414,
            -5.297702717083075e-05,
            -5.0946541318985794e-08,
            -0.00015415248218270117,
            -2.8132694187907835e-05,
            0.0003270372582648527,
            4.19770610086942e-05,
            -9.882183859663204e-05,
            1.2775916245142283e-05,
            0.03230467268095026,
            1.9381013702340216e-05,
            -6.659673618434562e-05,
            9.565904994867736e-07
        ],
        [
            0.0001,
            0.0001,
            0.0001,
            0.0001,
            0.0001,
            0.0001,
            0.0001,
            0.0001,
            0.0001,
            0.0001,
            0.0009084427565589397,
            0.0001,
            0.0001,
            0.0001,
            0.0001,
            0.0001,
            0.0001,
            0.0001,
            0.0001,
            0.0001,
            0.0001,
            0.0001,
            0.0001,
            0.0001,
            0.0001,
            0.0001,
            0.0001,
            0.0002702821004129095,
            0.0001,
            0.0001,
            0.0001,
            0.0001,
            0.0001,
            0.0001,
            0.0001,
            0.0001,
            0.0001,
            0.0001,
            0.0001,
            0.0001,
            0.0001,
            0.0001,
            0.0001,
            0.0001,
            0.0001,
            0.0001,
            0.0001,
            0.0001,
            0.0001,
            0.0001,
            0.0001,
            0.0001,
            0.0001,
            0.0001,
            0.0001,
            0.0001,
            0.0001,
            0.0001,
            0.0001,
            0.0001,
            0.0001
        ],
        [
            23.667741904104567,
            23.439414504959828,
            23.21040918791555,
            22.98146034371139,
            22.752337647693665,
            22.52382470977728,
            22.293948589150503,
            22.064226208034352,
            21.833921049637237,
            21.603094633530866,
            21.371758807945657,
            21.13925778675215,
            20.90686477949942,
            20.672176594925432,
            20.43757357234329,
            20.20125406967903,
            19.96389487043777,
            19.725186579263347,
            19.485110110761866,
            19.243292949417118,
            18.999842900715244,
            18.754316913691934,
            18.50734506833995,
            18.25852141646356,
            18.006499307025955,
            17.753372966521958,
            17.494998616293916,
            17.23658972179244,
            16.97417800567764,
            16.708736475540913,
            16.439683073577424,
