{
    "T": [
        90.0,
        91.0,
        92.0,
        93.0,
        94.0,
        95.0,
        96.0,
        97.0,
        98.0,
        99.0,
        100.0,
        101.0,
        102.0,
        103.0,
        104.0,
        105.0,
        106.0,
        107.0,
        108.0,
        109.0,
        110.0,
        111.0,
        112.0,
        113.0,
        114.0,
        115.0,
        116.0,
        117.0,
        118.0,
        119.0,
        120.0,
        121.0,
        122.0,
        123.0,
        124.0,
        125.0,
        126.0,
        127.0,
        128.0,
        129.0,
        130.0,
        131.0,
        132.0,
        133.0,
        134.0,
        135.0,
        136.0,
        137.0,
        138.0,
        139.0,
        140.0,
        141.0,
        142.0,
        143.0,
        144.0,
        145.0,
        146.0,
        147.0,
        148.0,
        149.0,
        150.0
    ],
    "vevDepthReal": [
        -788194.729443158,
        -766630.4551842517,
        -745445.7913084226,
        -724637.1551410053,
        -704201.2385193799,
        -684135.0394839911,
        -664435.8116360762,
        -645101.0725663884,
        -626128.5800037223,
        -607516.3245051337,
        -589262.5251044765,
        -571365.5995790042,
        -553824.176514722,
        -536637.0813624032,
        -519803.3060097068,
        -503322.0609827061,
        -487192.7082741782,
        -471414.74715566327,
        -455987.87700619246,
        -440911.9404807051,
        -426186.9319408432,
        -411812.9931930426,
        -397790.4122827208,
        -384119.61567249126,
        -370801.1720349188,
        -357835.77724004566,
        -345224.29746619164,
        -332967.683597629,
        -321067.0510223629,
        -309523.6613465085,
        -298338.8842350627,
        -287514.24540637457,
        -277051.40874322504,
        -266952.18177917023,
        -257218.52115549232,
        -247852.53787358792,
        -238856.50467669967,
        -230232.86380429834,
        -221984.23742107276,
        -214113.44105359932,
        -206623.489316622,
        -199517.6564284902,
        -192799.4165968258,
        -186472.55432546386,
        -180541.1595689542,
        -175009.6802053019,
        -169882.97979122732,
        -165166.41415919122,
        -160865.92882580732,
        -156988.20944691089,
        -153540.85876807212,
        -150532.68825399273,
        -147974.2569393057,
        -145878.4330185378,
        -144261.956077414,
        -143148.2059748874,
        -142574.77815090684,
        -142675.55589097453,
        -143796.22771242633,
        -144984.4469435398,
        -146237.62261638674
    ],
    "vevDepthImag": [
        0.0,
        0.0,
        0.0,
        0.0,
        0.0,
        0.0,
        0.0,
        0.0,
        0.0,
        0.0,
        0.0,
        0.0,
        0.0,
        0.0,
        0.0,
        0.0,
        0.0,
        0.0,
        0.0,
        0.0,
        0.0,
        0.0,
        0.0,
        0.0,
        0.0,
        0.0,
        0.0,
        0.0,
        0.0,
        0.0,
        0.0,
        0.0,
        0.0,
        0.0,
        0.0,
        0.0,
        0.0,
        0.0,
        0.0,
        0.0,
        0.0,
        0.0,
        0.0,
        0.0,
        0.0,
        0.0,
        0.0,
        0.0,
        0.0,
        0.0,
        0.0,
        0.0,
        0.0,
        0.0,
        0.0,
        0.0,
        0.0,
        0.0,
        0.0,
        0.0,
        0.0
    ],
    "vevLocation": [
        [
            1.643671518217725e-05,
            3.538377682188454e-06,
            -3.458445093408591e-05,
            -5.470656897340383e-06,
            -0.000741277060981661,
            0.00010164216501644917,
            -7.013503280646483e-05,
            8.629262712930852e-05,
            0.0003969119427616255,
            -0.00012706046319803377,
            8.821677890839819e-06,
            -0.00013228396022019195,
            -7.544697726619143e-05,
            1.251635421556374e-06,
            0.0013825819031504003,
            -0.0018752949619997173,
            1.9287570305337454e-06,
            5.1217960299473723e-05,
            8.885991713575986e-07,
            4.797631794288388e-05,
            -7.763010867960912e-05,
            -0.00042367435951461846,
            4.964457071161832e-05,
            0.00020372077908564767,
            7.207152801102677e-05,
            -0.00047534696278889134,
            -1.0584304823486879e-05,
            -3.0331205262375e-05,
            0.0006432803320988523,
            -0.00024522986213997055,
            -6.257409892465593e-05,
            2.9719811025901918e-05,
            1.9866971934500224e-05,
            -4.611048507806997e-06,
            -7.728144984738006e-06,
            0.0001374748893565505,
            -0.00011353141519550303,
            -2.9961358476299216e-06,
            -0.00011246331137501945,
            -5.066256797564561e-05,
            0.000499411994914988,
            0.00020438695858194817,
            -3.3828066362245196e-07,
            2.2647969070022783e-06,
            1.8284970690340963e-06,
            -3.502294871288167e-05,
            5.541656594682323e-05,
            6.127264215371672e-05,
            -0.0005098254561562623,
            -5.297866241585347e-05,
            3.0216944457680042e-06,
            0.001165132408290936,
            -9.369548889074254e-05,
            4.2736628271707044e-06,
            4.1664599814976834e-05,
            5.2358447851640066e-05,
            1.4207545643398108e-05,
            0.032148355512807134,
            -2.9866703798529792e-05,
            -2.987e-05,
            -8.206479942143158e-05
        ],
        [
            0.0001,
            0.0001,
            0.0011215676605650174,
            0.0001,
            0.0001,
            0.0001,
            0.0001,
            0.0001,
            0.0001,
            0.0009327166558840631,
            0.0001,
            0.0001,
            0.0007289864588213606,
            0.0001,
            0.0009687082304146053,
            0.0002702010457797216,
            0.0001,
            0.0001,
            0.0001,
            0.0001,
            0.0001,
            0.0001,
            0.0001,
            0.0001,
            0.0001,
            0.0014889163155022717,
            0.0001,
            0.0003361161608624475,
            0.0006207373965901101,
            0.0001,
            0.0001,
            0.0001,
            0.0001,
            0.0001,
            0.0001,
            0.0001,
            0.0001,
            0.0001,
            0.0001,
            0.0002782913473707082,
            0.001391908900881562,
            0.00014951726009491782,
            0.0001,
            0.0001,
            0.0001,
            0.0001,
            0.00026343034739128473,
            0.0001,
            0.0001,
            0.0001,
            0.0001,
            0.0001,
            0.0001,
            0.0001,
            0.0001,
            0.0001,
            0.0001,
            0.0001,
            0.0001,
            0.0001,
            0.0001
        ],
        [
            23.667727444284438,
            23.438908965644302,
            23.209836683084088,
            22.98138886339898,
            22.75226962289205,
            22.523294656125497,
            22.293672799215905,
            22.06413866560102,
            21.833934502533467,
            21.603111631430213,
            21.371508739403197,
            21.139188263668125,
            20.906344195314624,
            20.672071413420106,
            20.436259599091127,
            20.20196145514522,
            19.963776753770304,
            19.72511369811458,
            19.48492203533765,
            19.243176618935443,
            18.9996772467697,
            18.75450458744985,
            18.50729406025247,
            18.257794003797528,
            18.006532918596637,
            17.752998090977744,
            17.49582490818624,
