{
    "T": [
        90.0,
        91.0,
        92.0,
        93.0,
        94.0,
        95.0,
        96.0,
        97.0,
        98.0,
        99.0,
        100.0,
        101.0,
        102.0,
        103.0,
        104.0,
        105.0,
        106.0,
        107.0,
        108.0,
        109.0,
        110.0,
        111.0,
        112.0,
        113.0,
        114.0,
        115.0,
        116.0,
        117.0,
        118.0,
        119.0,
        120.0,
        121.0,
        122.0,
        123.0,
        124.0,
        125.0,
        126.0,
        127.0,
        128.0,
        129.0,
        130.0,
        131.0,
        132.0,
        133.0,
        134.0,
        135.0,
        136.0,
        137.0,
        138.0,
        139.0,
        140.0,
        141.0,
        142.0,
        143.0,
        144.0,
        145.0,
        146.0,
        147.0,
        148.0,
        149.0,
        150.0
    ],
    "vevDepthReal": [
        -788205.8222475227,
        -766633.0499197048,
        -745440.3123558322,
        -724624.0304644734,
        -704181.0065002864,
        -684108.1240778667,
        -664402.6865964596,
        -645062.3127271278,
        -626084.7110484238,
        -607467.9023530137,
        -589210.0459093612,
        -571309.5963187988,
        -553765.2603223067,
        -536575.7428532201,
        -519740.0347179985,
        -503257.42424355407,
        -487127.18462067604,
        -471348.73396549106,
        -455921.94215681485,
        -440846.4675996838,
        -426122.26510448125,
        -411749.57880548394,
        -397728.5689472336,
        -384059.7007886896,
        -370743.46336122137,
        -357780.5756099954,
        -345171.8274504806,
        -332918.09958713764,
        -321020.57971392793,
        -309480.4185336614,
        -298299.00043176964,
        -287477.7706181963,
        -277018.4076024626,
        -266922.67613783723,
        -257192.47909925444,
        -247829.930319324,
        -238837.25418954637,
        -230216.89615620047,
        -221971.4139594339,
        -214103.58925834153,
        -206616.47687032027,
        -199513.24542216765,
        -192797.42658889503,
        -186472.7551259037,
        -180543.3027399727,
        -175013.50929570536,
        -169888.22215251904,
        -165172.80285456922,
        -160873.19366948234,
        -156996.05352933198,
        -153549.00141119453,
        -150540.87263547746,
        -147982.17327803353,
        -145885.8262733347,
        -144268.56038504775,
        -143153.75156917176,
        -142578.954457253,
        -142677.78097074185,
        -143966.40071893053,
        -145319.94251938723,
        -147145.3692293234
    ],
    "vevDepthImag": [
        0.0,
        0.0,
        0.0,
        0.0,
        0.0,
        0.0,
        0.0,
        0.0,
        0.0,
        0.0,
        0.0,
        0.0,
        0.0,
        0.0,
        0.0,
        0.0,
        0.0,
        0.0,
        0.0,
        0.0,
        0.0,
        0.0,
        0.0,
        0.0,
        0.0,
        0.0,
        0.0,
        0.0,
        0.0,
        0.0,
        0.0,
        0.0,
        0.0,
        0.0,
        0.0,
        0.0,
        0.0,
        0.0,
        0.0,
        0.0,
        0.0,
        0.0,
        0.0,
        0.0,
        0.0,
        0.0,
        0.0,
        0.0,
        0.0,
        0.0,
        0.0,
        0.0,
        0.0,
        0.0,
        0.0,
        0.0,
        0.0,
        0.0,
        0.0,
        0.0,
        0.0
    ],
    "vevLocation": [
        [
            5.265157445699664e-05,
            -0.0019226473066282779,
            -0.0012520800420010234,
            -0.0005619525689910618,
            -0.0002749710039456621,
            0.00037773342420469605,
            -0.0012868023034958015,
            0.0006144719103360783,
            -0.0010383704291008489,
            0.0002538934204954352,
            0.0008956100649030866,
            -0.0014386745986753324,
            0.0017480799906988316,
            0.0012683728556344837,
            -0.000983718859656764,
            -0.0003798224122090691,
            9.484033366646827e-06,
            3.0672994018851057e-05,
            0.00014672198612327298,
            -0.00014313441344326883,
            0.00045121654039574806,
            -0.00024829879459123546,
            0.00018120725020761462,
            0.0018820695198404,
            -0.0011153683201040702,
            -0.00013511402324363486,
            0.0016668189757198804,
            0.0003072337708016483,
            0.000887264796625915,
            0.00048678427030833527,
            -0.00010734594185134866,
            0.0003891130495164985,
            0.00029334912798487035,
            9.491083714285864e-06,
            -0.00036541389427210275,
            0.0006845987011041832,
            -0.0004772130781462401,
            -0.0002896018144136203,
            9.599479922791504e-05,
            0.00011171789043884842,
            -0.00010476454625044096,
            0.00020337407683968228,
            0.00021334040372744494,
            0.0006714925243756983,
            -0.0007231989333205888,
            -0.00023594467610585368,
            1.953980729835908e-05,
            0.0006687478323620364,
            -0.00027484608805446436,
            4.6527773402485484e-07,
            -4.517604005556484e-05,
            6.545208342813996e-05,
            0.0004889853729427452,
            0.0003890473253429505,
            2.0406778876000094e-05,
            0.0002021249519795615,
            -0.0013957752921051388,
            0.016121951870592843,
            0.007149455875126026,
            0.011021437018232164,
            -0.0058528148050518425
        ],
        [
            0.0001,
            0.0005470183828716012,
            0.0001,
            0.002803040839149757,
            0.0001,
            0.0001,
            0.0001,
            0.0007975059812569951,
            0.0001,
            0.0001,
            0.001730345793276174,
            0.002403460291316656,
            0.0023702214151927765,
            0.0001,
            0.0001,
            0.0001,
            0.0001,
            0.0001,
            0.0001,
            0.0001,
            0.0001,
            0.0001,
            0.0001,
            0.0001,
            0.0008264509530737036,
            0.00023884553405196878,
            0.002181622299082817,
            0.0001,
            0.00014978519792700968,
            0.0001,
            0.001792889516316253,
            0.0001,
            0.0003243254162329755,
            0.0001,
            0.001894043152625637,
            0.0001,
            0.0001,
            0.0001,
            0.0001,
            0.0001,
            0.0001,
            0.0001,
            0.0001,
            0.0001,
            0.0001,
            0.0001,
            0.0001,
            0.0001,
            0.0001,
            0.0001,
            0.0001,
            0.0001,
            0.0001,
            0.0001,
            0.0001,
            0.0001,
            0.0001,
            0.008345566869726208,
            0.0001,
            0.0020910458625820927,
            0.0001
        ],
        [
            23.66550589796419,
            23.440050242257616,
            23.20869825357383,
            22.982175085975285,
            22.752503047788466,
            22.52350311802239,
            22.292563750533425,
            22.0630546113135,
            21.831257156585473,
            21.602715841363217,
            21.37115342489125,
            21.139443312302095,
            20.90509508400021,
            20.670626128136835,
            20.434981177753986,
            20.199180730372685,
            19.96314310360269,
            19.723930973554978,
            19.483858806364122,
            19.240746439644127,
            18.998440825154614,
            18.753830126094122,
            18.50506390768447,
            18.257121504558874,
            18.005967129644254,
