{
    "T": [
        90.0,
        91.0,
        92.0,
        93.0,
        94.0,
        95.0,
        96.0,
        97.0,
        98.0,
        99.0,
        100.0,
        101.0,
        102.0,
        103.0,
        104.0,
        105.0,
        106.0,
        107.0,
        108.0,
        109.0,
        110.0,
        111.0,
        112.0,
        113.0,
        114.0,
        115.0,
        116.0,
        117.0,
        118.0,
        119.0,
        120.0,
        121.0,
        122.0,
        123.0,
        124.0,
        125.0,
        126.0,
        127.0,
        128.0,
        129.0,
        130.0,
        131.0,
        132.0,
        133.0,
        134.0,
        135.0,
        136.0,
        137.0,
        138.0,
        139.0,
        140.0,
        141.0,
        142.0,
        143.0,
        144.0,
        145.0,
        146.0,
        147.0,
        148.0,
        149.0,
        150.0
    ],
    "vevDepthReal": [
        -788067.1471830014,
        -766525.4921375599,
        -745360.3246931643,
        -724575.2903461045,
        -704161.0576681196,
        -684115.0399320828,
        -664435.1127308739,
        -645118.7514365074,
        -626163.5958751036,
        -607335.4550107608,
        -589291.7058271222,
        -571274.6812787725,
        -553153.3541685484,
        -534933.7752558172,
        -519137.7027584768,
        -503257.74468298006,
        -487292.379528296,
        -471240.0546272506,
        -455099.5336814534,
        -438869.8206669324,
        -422550.10997063306,
        -406139.7481670448,
        -389638.20541689737,
        -384274.873481368,
        -370955.467967771,
        -357988.0031880793,
        -345374.24662216194,
        -333113.3478341518,
        -321209.26911022613,
        -309656.26880248945,
        -298470.99046808534,
        -287640.40630672994,
        -277171.16594536544,
        -267064.8625416476,
        -257324.35368861808,
        -247949.41369987128,
        -238947.26621363554,
        -230315.32426208275,
        -222059.9435559194,
        -214181.35474213253,
        -206683.97212808745,
        -199570.81957458044,
        -192845.33005558414,
        -186511.66946556207,
        -180573.5953429092,
        -175036.0484049918,
        -169902.04177199883,
        -165181.09863393614,
        -160869.5031409766,
        -156994.6647860815,
        -153543.6872374307,
        -150532.41573958064,
        -147971.77332979057,
        -145874.2694630811,
        -144256.80667629562,
        -143142.8103138394,
        -142569.95897853427,
        -142675.7380518331,
        -143795.66416930093,
        -144984.19039016185,
        -146237.609340604
    ],
    "vevDepthImag": [
        0.0,
        0.0,
        0.0,
        0.0,
        0.0,
        0.0,
        0.0,
        0.0,
        0.0,
        0.0,
        0.0,
        0.0,
        0.0,
        0.0,
        0.0,
        0.0,
        0.0,
        0.0,
        0.0,
        0.0,
        0.0,
        0.0,
        0.0,
        0.0,
        0.0,
        0.0,
        0.0,
        0.0,
        0.0,
        0.0,
        0.0,
        0.0,
        0.0,
        0.0,
        0.0,
        0.0,
        0.0,
        0.0,
        0.0,
        0.0,
        0.0,
        0.0,
        0.0,
        0.0,
        0.0,
        0.0,
        0.0,
        0.0,
        0.0,
        0.0,
        0.0,
        0.0,
        0.0,
        0.0,
        0.0,
        0.0,
        0.0,
        0.0,
        0.0,
        0.0,
        0.0
    ],
    "vevLocation": [
        [
            -0.0017509134809496896,
            -0.0003923174589266082,
            -0.012942766956587625,
            0.015417717037291806,
            -0.00031599648142686954,
            0.0006555538963131866,
            0.0011805223517167285,
            3.37645583197892e-05,
            -0.0005748484665589575,
            -0.00057485,
            0.1,
            0.1,
            0.1,
            0.1,
            0.1,
            0.1,
            0.1,
            0.1,
            0.1,
            0.1,
            0.1,
            0.1,
            0.1,
            0.0036622922133298097,
            -0.003584932783208969,
            0.005701076489661672,
            0.0010081830626918337,
            0.013009332243695687,
            0.0067107848592851465,
            -0.025639800569216595,
            -0.000662426875888314,
            0.00028204131262621335,
            0.000824274975503192,
            0.0028794527023364436,
            -0.0025756053946433335,
            -0.021214349049026728,
            0.0013186210744347282,
            0.011046217158826274,
            4.478187978679271e-05,
            0.006358952151437194,
            -0.0021773075671902807,
            0.00019893101876800913,
            -0.0005878729983391645,
            5.18784061535188e-06,
            -0.004813860661615543,
            0.00014871454830076708,
            -0.007072640390605386,
            -0.00961327167839754,
            0.039274099615672436,
            -5.2598841194378965e-05,
            -0.0019233407834353539,
            0.0015512240831655477,
            -9.035444914041449e-05,
            0.0003257078606847749,
            -0.0007776688188286113,
            -0.00010410096287304105,
            -0.0003694098625653553,
            0.028899841318703767,
            -0.0004481019691745386,
            -0.0004481,
            -0.0003048050573812855
        ],
        [
            0.0001,
            0.0001,
            0.019750694377957633,
            0.0001,
            0.0001,
            0.0001,
            0.0005548091136970865,
            0.0010027159905308264,
            0.001581717588067902,
            0.00047043000000000014,
            0.0075762349377030275,
            0.0019690575,
            0.00196906,
            0.015075000000000005,
            0.0038437499999999995,
            0.0010359375000000002,
            0.0017378949999999997,
            0.00173789,
            0.00173789,
            0.00173789,
            0.00173789,
            0.00173789,
            0.00173789,
            0.0001,
            0.0001,
            0.0001,
            0.0001,
            0.0001,
            0.0001,
            0.0001,
            0.0001,
            0.0001,
            0.0001,
            0.0001,
            0.0001,
            0.0053266147667046775,
            0.0001,
            0.011883083963981274,
            0.0001,
            0.0001,
            0.0035126379255632167,
            0.0001,
            0.004152241969758279,
            0.0001,
            0.0011555875550001802,
            0.0026025305791986314,
            0.010831028924593098,
            0.010485438854899422,
            0.02313905376027469,
            0.0001,
            0.0015844352372424624,
            0.002762430016161936,
            0.0001,
            0.0001,
            0.0001,
            0.0001,
            0.0006026558667264608,
            0.0001,
            0.005115481935714119,
            0.0013538700000000007,
            0.0001
        ],
        [
            23.665471107372525,
            23.437144781984113,
            23.22491417095115,
            22.976145277728737,
            22.75247865413279,
            22.522655282920994,
            22.292355936252083,
            22.06439485742412,
            21.833383843619394,
            21.83338384,
            21.324477933062443,
            21.32447793,
            21.32447793,
            20.0,
            20.0,
            20.0,
            20.0,
            20.0,
            20.0,
            20.0,
            20.0,
            20.0,
            20.0,
            18.262607246290504,
            18.00518654129343,
            17.765548345664772,
            17.50026543916492,
            17.229367868268344,
            16.97880663888773,
            16.744266031707237,
            16.443152985638008,
            16.171464224444257,
            15.895118968246782,
            15.602590133207984,
