{
    "T": [
        50.0,
        60.0,
        70.0,
        80.0,
        90.0,
        100.0
    ],
    "vevDepthReal": [
        -2069322.6751000755,
        -1648723.7418023776,
        -1308067.943124037,
        -1025037.6589774386,
        -787362.671426369,
        -588680.8365986708
    ],
    "vevDepthImag": [
        0.0,
        0.0,
        0.0,
        0.0,
        0.0,
        0.0
    ],
    "vevLocation": [
        [
            -0.0014896992372829543,
            -0.0007709952133785059,
            -7.314225298511723e-05,
            0.000477456753107992,
            -0.001784369652929385,
            0.0010149660846300104
        ],
        [
            0.0012795942647083444,
            0.0001,
            0.0001,
            0.0001,
            0.0001,
            0.0001
        ],
        [
            34.02320324595481,
            31.0179316812843,
            28.384879994148175,
            25.96929499352611,
            23.658581474196335,
            21.361990866863085
        ]
    ],
    "bIsPerturbative": [
        true,
        true,
        true,
        true,
        true,
        true
    ],
    "failureReason": false
}