{
    "bmNumber": 1,
    "bmInput": {
        "thetaCPV": 2.0943951023931953,
        "ghDM": 0.0,
        "mS1": 67,
        "delta12": 4.0,
        "delta1c": 50.0,
        "deltac": 1.0,
        "darkHieracy": 1
    },
    "strong": 2.667545837085804,
    "complex": false,
    "results": {
        "v3": [
            [
                2.667545837085804,
                50.0
            ],
            [
                2.127247495791396,
                60.0
            ],
            [
                1.755161639023102,
                70.0
            ],
            [
                1.4870125165587693,
                80.0
            ],
            [
                1.2864864591420506,
                90.0
            ]
        ]
    },
    "steps": 5,
    "bIsPerturbative": true
}