{
    "bmNumber": 1,
    "bmInput": {
        "thetaCPV": 2.0943951023931953,
        "ghDM": 0.0,
        "mS1": 67,
        "delta12": 4.0,
        "delta1c": 50.0,
        "deltac": 1.0,
        "darkHieracy": 1
    },
    "strong": 2.6675792736520485,
    "complex": false,
    "results": {
        "v3": [
            [
                2.6675792736520485,
                50.0
            ],
            [
                2.126979680379194,
                60.0
            ],
            [
                1.7551720650147073,
                70.0
            ],
            [
                1.4867168230287313,
                80.0
            ],
            [
                1.2860981499926445,
                90.0
            ]
        ]
    },
    "steps": 5,
    "bIsPerturbative": true
}