{
    "T": [
        50.0,
        60.0,
        70.0,
        80.0,
        90.0,
        100.0
    ],
    "vevDepthReal": [
        -2067279.3152039489,
        -1646312.8511391624,
        -1305778.8891356133,
        -1022886.0028444771,
        -785449.1393965585,
        -587095.8077148873
    ],
    "vevDepthImag": [
        -3.0274520982304026e-12,
        -2.4917689530703383e-12,
        -4.340616013531638e-12,
        -6.490977597527568e-12,
        -7.484550142937076e-12,
        -8.035347659748839e-12
    ],
    "vevLocation": [
        [
            0.0002896467856580709,
            0.00018360835766795258,
            0.00029515123388176856,
            7.596770605806935e-05,
            2.104248580707402e-06,
            0.00018952384213857983
        ],
        [
            0.0001,
            0.0001,
            0.0001,
            0.0001,
            0.0001,
            0.0001
        ],
        [
            34.01305891283694,
            31.00277805923781,
            28.367201056132362,
            25.94741558820374,
            23.633103358568953,
            21.335094553635845
        ]
    ],
    "bIsPerturbative": [
        true,
        true,
        true,
        true,
        true,
        true
    ],
    "failureReason": false
}