{
    "bmNumber": 1,
    "bmInput": {
        "thetaCPV": 2.0943951023931953,
        "ghDM": 0.0,
        "mS1": 67,
        "delta12": 4.0,
        "delta1c": 50.0,
        "deltac": 1.0,
        "darkHieracy": 1
    },
    "strong": 2.6676517425671227,
    "complex": false,
    "results": {
        "v3": [
            [
                2.6676517425671227,
                50.0
            ],
            [
                2.1272473443729356,
                60.0
            ],
            [
                1.7549833736947125,
                70.0
            ],
            [
                1.4868921259195005,
                80.0
            ],
            [
                1.2868017684367403,
                90.0
            ]
        ]
    },
    "steps": 5,
    "bIsPerturbative": true
}