{
    "T": [
        90.0,
        91.0,
        92.0,
        93.0,
        94.0,
        95.0,
        96.0,
        97.0,
        98.0,
        99.0,
        100.0,
        101.0,
        102.0,
        103.0,
        104.0,
        105.0,
        106.0,
        107.0,
        108.0,
        109.0,
        110.0,
        111.0,
        112.0,
        113.0,
        114.0,
        115.0,
        116.0,
        117.0,
        118.0,
        119.0,
        120.0,
        121.0,
        122.0,
        123.0,
        124.0,
        125.0,
        126.0,
        127.0,
        128.0,
        129.0,
        130.0,
        131.0,
        132.0,
        133.0,
        134.0,
        135.0,
        136.0,
        137.0,
        138.0,
        139.0,
        140.0,
        141.0,
        142.0,
        143.0,
        144.0,
        145.0,
        146.0,
        147.0,
        148.0,
        149.0,
        150.0
    ],
    "vevDepthReal": [
        -788194.729443158,
        -766630.4551842517,
        -745445.7913084226,
        -724637.1551410053,
        -704201.2385193799,
        -684135.0394839911,
        -664435.8116360762,
        -645101.0725663884,
        -626128.5800037223,
        -607516.3245051337,
        -589262.5251044579,
        -571365.5995790042,
        -553824.176514722,
        -536637.081362403,
        -519803.3060097068,
        -503322.0609827061,
        -487192.7082741782,
        -471414.74715566327,
        -455987.87700619246,
        -440911.9404807051,
        -426186.9319408432,
        -411812.9931930424,
        -397790.41074749123,
        -384119.61567249126,
        -370801.1720349188,
        -357835.7798667125,
        -345224.29746619164,
        -332967.683597629,
        -321067.0510096598,
        -309523.6613465085,
        -298338.8842350627,
        -287514.24540637457,
        -277051.40874322504,
        -266952.18177916855,
        -257218.5211554918,
        -247852.53787358792,
        -238856.50467669967,
        -230232.86380429778,
        -221984.23742107276,
        -214113.4410539708,
        -206623.48775544687,
        -199517.6564284902,
        -192799.4165968257,
        -186472.55432464377,
        -180541.1595689542,
        -175009.68020530234,
        -169882.97979122808,
        -165166.4141591916,
        -160865.92661358512,
        -156988.20944691033,
        -153540.85876807224,
        -150532.68825399273,
        -147974.25693930534,
        -145878.4322361339,
        -144261.9560774134,
        -143148.20597488724,
        -142574.77815090734,
        -142675.55318602241,
        -143796.22680113604,
        -144984.4450007506,
        -146237.62261638674
    ],
    "vevDepthImag": [
        0.0,
        0.0,
        0.0,
        0.0,
        0.0,
        0.0,
        0.0,
        0.0,
        0.0,
        0.0,
        0.0,
        0.0,
        0.0,
        0.0,
        0.0,
        0.0,
        0.0,
        0.0,
        0.0,
        0.0,
        0.0,
        0.0,
        0.0,
        0.0,
        0.0,
        0.0,
        0.0,
        0.0,
        0.0,
        0.0,
        0.0,
        0.0,
        0.0,
        0.0,
        0.0,
        0.0,
        0.0,
        0.0,
        0.0,
        0.0,
        0.0,
        0.0,
        0.0,
        0.0,
        0.0,
        0.0,
        0.0,
        0.0,
        0.0,
        0.0,
        0.0,
        0.0,
        0.0,
        0.0,
        0.0,
        0.0,
        0.0,
        0.0,
        0.0,
        0.0,
        0.0
    ],
    "vevLocation": [
        [
            1.643671518217725e-05,
            3.538377682188454e-06,
            -3.458445093408591e-05,
            -5.470656897340383e-06,
            -0.000741277060981661,
            0.00010164216501644917,
            -7.013503280646483e-05,
            8.629262712930852e-05,
            0.0003969119427616255,
            -0.00012706046319803377,
            8.788074072871993e-06,
            -0.00013228396022019195,
            -7.544697726619143e-05,
            1.251618180098113e-06,
            0.0013825819031504003,
            -0.0018752949619997173,
            1.9287570305337454e-06,
            5.1217960299473723e-05,
            8.885991713575986e-07,
            4.797631794288388e-05,
            -7.763010867960912e-05,
            -0.0004236743592817144,
            6.636654465047576e-05,
            0.00020372077908564767,
            7.207152801102677e-05,
            0.0010690136990661849,
            -1.0584304823486879e-05,
            -3.0331205262375e-05,
            0.000645030962569714,
            -0.00024522986213997055,
            -6.257409892465593e-05,
            2.9719811025901918e-05,
            1.9866971934500224e-05,
            -4.611044698586697e-06,
            -7.728162044015607e-06,
            0.0001374748893565505,
            -0.00011353141519550303,
            -2.995399586508407e-06,
            -0.00011246331137501945,
            -5.064167524217178e-05,
            0.0005177908380848417,
            0.00020438695858194817,
            -3.382855865560405e-07,
            2.081622295979635e-06,
            1.8284970690340963e-06,
            -3.502294772993357e-05,
            5.541656390378735e-05,
            6.127263654947396e-05,
            -0.000833293231043291,
            -5.297866136008689e-05,
            3.021697445820034e-06,
            0.001165132408290936,
            -9.369547316796616e-05,
            0.00032708858200486066,
            4.166459940618686e-05,
            5.2358446775620585e-05,
            1.4207547277904874e-05,
            0.032158690863948056,
            0.00040878552437113684,
            3.844723233473895e-06,
            -8.206479942143158e-05
        ],
        [
            0.0001,
            0.0001,
            0.0011215676605650174,
            0.0001,
            0.0001,
            0.0001,
            0.0001,
            0.0001,
            0.0001,
            0.0009327166558840631,
            0.0001,
            0.0001,
            0.0007289864588213606,
            0.0001,
            0.0009687082304146053,
            0.0002702010457797216,
            0.0001,
            0.0001,
            0.0001,
            0.0001,
            0.0001,
            0.0001,
            0.0001,
            0.0001,
            0.0001,
            0.0001,
            0.0001,
            0.0003361161608624475,
            0.000619167602015839,
            0.0001,
            0.0001,
            0.0001,
            0.0001,
            0.0001,
            0.0001,
            0.0001,
            0.0001,
            0.0001,
            0.0001,
            0.0002780855944005681,
            0.0014433559836735809,
            0.00014951726009491782,
            0.0001,
            0.0001,
            0.0001,
            0.0001,
            0.0002634303342948194,
            0.0001,
            0.0001,
            0.0001,
            0.0001,
            0.0001,
            0.0001,
            0.0001,
            0.0001,
            0.0001,
            0.0001,
            0.0001,
            0.0001,
            0.0001,
            0.0001
        ],
        [
            23.667727444284438,
            23.438908965644302,
            23.209836683084088,
            22.98138886339898,
            22.75226962289205,
            22.523294656125497,
            22.293672799215905,
            22.06413866560102,
            21.833934502533467,
            21.603111631430213,
            21.37150853936583,
            21.139188263668125,
            20.906344195314624,
            20.672071413413125,
            20.436259599091127,
            20.20196145514522,
            19.963776753770304,
            19.72511369811458,
            19.48492203533765,
            19.243176618935443,
            18.9996772467697,
            18.754504587438056,
            18.50798959194551,
            18.257794003797528,
            18.006532918596637,
            17.751546198392703,
            17.49582490818624,
