{
    "T": [
        90.0,
        91.0,
        92.0,
        93.0,
        94.0,
        95.0,
        96.0,
        97.0,
        98.0,
        99.0,
        100.0,
        101.0,
        102.0,
        103.0,
        104.0,
        105.0,
        106.0,
        107.0,
        108.0,
        109.0,
        110.0,
        111.0,
        112.0,
        113.0,
        114.0,
        115.0,
        116.0,
        117.0,
        118.0,
        119.0,
        120.0,
        121.0,
        122.0,
        123.0,
        124.0,
        125.0,
        126.0,
        127.0,
        128.0,
        129.0,
        130.0,
        131.0,
        132.0,
        133.0,
        134.0,
        135.0,
        136.0,
        137.0,
        138.0,
        139.0,
        140.0,
        141.0,
        142.0,
        143.0,
        144.0,
        145.0,
        146.0,
        147.0,
        148.0,
        149.0,
        150.0
    ],
    "vevDepthReal": [
        -788067.1569146174,
        -766525.4921685687,
        -745363.020348259,
        -724576.0128965379,
        -704161.0578251209,
        -684115.0416127221,
        -664435.1288131649,
        -645118.7548299695,
        -626163.6074735738,
        -607567.6193252534,
        -589328.9666603707,
        -571446.0239873219,
        -553917.393908419,
        -536741.8802950929,
        -519918.4778442498,
        -503446.37070445815,
        -487324.92393245094,
        -471553.67369587603,
        -456132.32580664696,
        -441060.74843198067,
        -426338.9651143252,
        -411967.15753662505,
        -397945.65030646994,
        -384274.91710618313,
        -370955.57810359256,
        -357988.3897865202,
        -345374.25209691055,
        -333114.1967332086,
        -321209.40781983815,
        -309661.18656926363,
        -298470.990989293,
        -287640.4075875149,
        -277171.17164119805,
        -267065.15834886895,
        -257324.39594778934,
        -247951.06575290213,
        -238947.51226063343,
        -230316.2423591349,
        -222059.94396082524,
        -214181.52452794506,
        -206684.0417826209,
        -199570.82000779393,
        -192845.41766705379,
        -186511.66944221052,
        -180573.72085291136,
        -175036.07187348237,
        -169903.6324669641,
        -165181.80432337674,
        -160876.5767451478,
        -156994.66476438483,
        -153543.71038398772,
        -150532.5694224455,
        -147971.77367452552,
        -145874.26962018598,
        -144256.80910475593,
        -143142.81080579676,
        -142569.95857274794,
        -142679.19217320188,
        -143795.7781130011,
        -144984.2036030116,
        -146237.61115641712
    ],
    "vevDepthImag": [
        0.0,
        0.0,
        0.0,
        0.0,
        0.0,
        0.0,
        0.0,
        0.0,
        0.0,
        0.0,
        0.0,
        0.0,
        0.0,
        0.0,
        0.0,
        0.0,
        0.0,
        0.0,
        0.0,
        0.0,
        0.0,
        0.0,
        0.0,
        0.0,
        0.0,
        0.0,
        0.0,
        0.0,
        0.0,
        0.0,
        0.0,
        0.0,
        0.0,
        0.0,
        0.0,
        0.0,
        0.0,
        0.0,
        0.0,
        0.0,
        0.0,
        0.0,
        0.0,
        0.0,
        0.0,
        0.0,
        0.0,
        0.0,
        0.0,
        0.0,
        0.0,
        0.0,
        0.0,
        0.0,
        0.0,
        0.0,
        0.0,
        0.0,
        0.0,
        0.0,
        0.0
    ],
    "vevLocation": [
        [
            0.0002108318352457561,
            -0.0001947102334519668,
            0.0004261594592669697,
            0.00021966138838695748,
            -0.00032479164360081636,
            0.00014056594706368615,
            4.331355978319518e-06,
            -3.840068401747554e-06,
            -7.373629174260211e-05,
            0.0012860247522724938,
            0.0001600203159662951,
            1.7032283836864327e-05,
            0.0002554965647647723,
            4.7387798526310476e-05,
            -0.00019445486033450865,
            0.0002495075936832375,
            1.481576829291079e-05,
            -9.171246385379945e-05,
            -7.500608854530327e-05,
            8.326568387780813e-06,
            4.886263037842412e-05,
            -0.0001042492874492552,
            -8.593556734159957e-06,
            -0.00023644108499054628,
            4.026310744330297e-06,
            -1.437321518587783e-05,
            0.0001553347601521704,
            -0.0001936491330024881,
            4.904760086361926e-06,
            -0.00048243954309408563,
            0.0003084355997201912,
            0.00048913782242285,
            -6.017899622248919e-05,
            8.203830655861832e-06,
            -1.534351764227726e-05,
            0.0006267480141130613,
            2.260753017124806e-06,
            0.00016047366608883552,
            4.5321500332512477e-05,
            8.52071025534383e-06,
            -0.0002767042275997819,
            4.441063540981324e-05,
            7.614347479235895e-05,
            1.5378930073930985e-06,
            -1.9914485035330692e-05,
            7.594969290343186e-05,
            -0.00010006517555152285,
            -1.1003099746127037e-05,
            0.00015752128777599128,
            -5.179875181124394e-05,
            -7.392000710384344e-05,
            -0.00011378471366449427,
            -9.216415277993068e-05,
            -8.466049624395074e-05,
            -1.4478132950150515e-05,
            -0.0001047367726288162,
            -0.0008467186590148737,
            -3.648612882849872e-05,
            1.1207653562930002e-06,
            1.391425616231024e-06,
            -8.609536378060417e-05
        ],
        [
            0.0005237675132293057,
            0.0001,
            0.0001,
            0.00016398426938728922,
            0.0001,
            0.0001,
            0.0001,
            0.0001,
            0.0001,
            0.0001,
            0.0001,
            0.0001,
            0.0001,
            0.0001,
            0.0001,
            0.0001,
            0.0001,
            0.0001,
            0.0001,
            0.0001,
            0.0005377921604880391,
            0.0001,
            0.0001,
            0.0001,
            0.0001,
            0.0001,
            0.0001,
            0.0001,
            0.0001,
            0.0001,
            0.0001,
            0.0001,
            0.0001,
            0.0001,
            0.0001,
            0.0001,
            0.0001,
            0.0008425302847202194,
            0.0001,
            0.0001,
            0.0001,
            0.0001,
            0.0001,
            0.0001,
            0.0001,
            0.0001,
            0.00018451626369415778,
            0.0001,
            0.0001,
            0.0001,
            0.0001,
            0.00036140904924045203,
            0.0001,
            0.0001,
            0.0001,
            0.0001,
            0.0001,
            0.0001,
            0.0001,
            0.0001,
            0.0001
        ],
        [
            23.665918562903496,
            23.438044803714664,
            23.20943902550883,
            22.980729476523422,
            22.752486989095267,
            22.523507480858026,
            22.29394533329955,
            22.064405998717252,
            21.834007698305754,
            21.60368037899935,
            21.372457920350566,
            21.140576997274696,
            20.9078536115633,
            20.674002729262092,
            20.439017100745026,
            20.203286289785673,
            19.966113051523596,
            19.72767691291209,
            19.4877211166769,
            19.246065584306546,
            19.002771380046063,
            18.7580247996427,
            18.5105918184269,
            18.26167890925472,
            18.009909467421217,
            17.755948688844434,
            17.499539613333255,
            17.24096504991807,
            16.977723421172943,
