{
    "T": [
        50.0,
        60.0,
        70.0,
        80.0,
        90.0,
        100.0
    ],
    "vevDepthReal": [
        -2069420.231297407,
        -1648563.573926735,
        -1308025.8894752422,
        -1025016.0410974453,
        -787351.9872626037,
        -588668.7548089658
    ],
    "vevDepthImag": [
        -5.566229790596035e-12,
        -5.9541969496390274e-12,
        -5.393458565875735e-12,
        -8.070484594284655e-12,
        -6.131913653873778e-12,
        -4.009800897131977e-12
    ],
    "vevLocation": [
        [
            -0.00016114879753434397,
            -0.0002548713984665135,
            -7.006954180890923e-06,
            7.295218007741244e-05,
            9.45092656495089e-06,
            -1.8718858369667912e-05
        ],
        [
            0.0001,
            0.0001,
            0.0001,
            0.0001,
            0.0001,
            0.0001
        ],
        [
            34.02409477574004,
            31.01669165511746,
            28.384805841123736,
            25.96797881941469,
            23.657092141868056,
            21.36238027991841
        ]
    ],
    "bIsPerturbative": [
        true,
        true,
        true,
        true,
        true,
        true
    ],
    "failureReason": false
}