{
    "T": [
        50.0,
        60.0,
        70.0,
        80.0,
        90.0,
        100.0
    ],
    "vevDepthReal": [
        -2067181.7148180997,
        -1646472.819416886,
        -1305820.7531500775,
        -1022907.4535695787,
        -785459.7942330411,
        -587107.81051397
    ],
    "vevDepthImag": [
        -5.031545026415155e-12,
        -5.478127061865543e-12,
        -2.885813488956426e-12,
        -6.399007316644498e-12,
        -7.652550923599358e-12,
        -6.705785410821094e-12
    ],
    "vevLocation": [
        [
            0.00048710153463541513,
            -1.0017415021601906e-05,
            0.000299740004857673,
            -0.0003861372129988494,
            7.886053614871574e-06,
            4.441603376767033e-05
        ],
        [
            0.0001,
            0.0001,
            0.0001,
            0.0001,
            0.0001,
            0.0003901944463600704
        ],
        [
            34.01238221060708,
            31.00406137560121,
            28.368600236977546,
            25.947935803825388,
            23.633194285567985,
            21.33498721149939
        ]
    ],
    "bIsPerturbative": [
        true,
        true,
        true,
        true,
        true,
        true
    ],
    "failureReason": false
}