{
    "T": [
        90.0,
        91.0,
        92.0,
        93.0,
        94.0,
        95.0,
        96.0,
        97.0,
        98.0,
        99.0,
        100.0,
        101.0,
        102.0,
        103.0,
        104.0,
        105.0,
        106.0,
        107.0,
        108.0,
        109.0,
        110.0,
        111.0,
        112.0,
        113.0,
        114.0,
        115.0,
        116.0,
        117.0,
        118.0,
        119.0,
        120.0,
        121.0,
        122.0,
        123.0,
        124.0,
        125.0,
        126.0,
        127.0,
        128.0,
        129.0,
        130.0,
        131.0,
        132.0,
        133.0,
        134.0,
        135.0,
        136.0,
        137.0,
        138.0,
        139.0,
        140.0,
        141.0,
        142.0,
        143.0,
        144.0,
        145.0,
        146.0,
        147.0,
        148.0,
        149.0,
        150.0
    ],
    "vevDepthReal": [
        -787919.7751105119,
        -766377.735849938,
        -745214.951102366,
        -724427.6944066893,
        -704012.5555402066,
        -683966.4215912236,
        -664286.4575072897,
        -644970.0996179635,
        -626015.0424022968,
        -607419.2173955166,
        -589180.7919775096,
        -571298.1541620758,
        -553769.9071304378,
        -536594.8497789736,
        -519771.98484627646,
        -503300.4599548517,
        -487179.7447356025,
        -471409.2750531916,
        -455988.7921019744,
        -440918.165044128,
        -426197.4197487081,
        -411826.73865161475,
        -397806.44895263854,
        -384137.02621509874,
        -370819.0924082131,
        -357853.4035464084,
        -345240.8656705081,
        -332982.50741064805,
        -321079.5212731217,
        -309533.20666210767,
        -298345.0189291512,
        -287516.55769494595,
        -277049.5452045867,
        -266945.88169550523,
        -257207.57874110708,
        -247836.82793197766,
        -238835.9734601453,
        -230207.5304994262,
        -221954.1937309442,
        -214078.84571842145,
        -206584.58611526378,
        -199474.72567555745,
        -192752.82204841147,
        -186422.73886601822,
        -180488.60409982593,
        -174954.93214736858,
        -169826.6420130601,
        -165109.14707412463,
        -160808.44393098517,
        -156931.26485420286,
        -153485.2648063206,
        -150479.34196583988,
        -147924.04267140728,
        -145832.37202245236,
        -144221.1682631902,
        -143114.0018273729,
        -142548.93255919364,
        -142679.18646473606,
        -143795.77644120765,
        -144984.19861775724,
        -146237.60890274445
    ],
    "vevDepthImag": [
        0.0,
        0.0,
        0.0,
        0.0,
        0.0,
        0.0,
        0.0,
        0.0,
        0.0,
        0.0,
        0.0,
        0.0,
        0.0,
        0.0,
        0.0,
        0.0,
        0.0,
        0.0,
        0.0,
        0.0,
        0.0,
        0.0,
        0.0,
        0.0,
        0.0,
        0.0,
        0.0,
        0.0,
        0.0,
        0.0,
        0.0,
        0.0,
        0.0,
        0.0,
        0.0,
        0.0,
        0.0,
        0.0,
        0.0,
        0.0,
        0.0,
        0.0,
        0.0,
        0.0,
        0.0,
        0.0,
        0.0,
        0.0,
        0.0,
        0.0,
        0.0,
        0.0,
        0.0,
        0.0,
        0.0,
        0.0,
        0.0,
        0.0,
        0.0,
        0.0,
        0.0
    ],
    "vevLocation": [
        [
            -7.753733854037425e-06,
            -0.00021894450520493214,
            0.00015817652912816782,
            0.0003071070581650015,
            0.00013091738635645327,
            2.085424958039525e-05,
            5.016401882285571e-05,
            -0.00036579059624206045,
            0.00015230485758908202,
            -2.4295580202116085e-05,
            -0.0001894789885225935,
            -0.00024425019797013475,
            6.231550860203577e-07,
            6.766471628305223e-05,
            3.4548956695523714e-06,
            0.001426584097354272,
            1.3356026686753697e-05,
            -8.982855656006387e-05,
            -7.632156264864877e-05,
            4.891238469087824e-06,
            5.12864205674057e-05,
            0.00012246783749425387,
            3.177477311416821e-05,
            0.00023721801432294298,
            -1.8182700807230223e-05,
            -0.0006223775431534184,
            -2.3139915010881446e-05,
            0.0010225104115621879,
            -6.854497710439764e-05,
            -7.299640271447513e-06,
            0.00037533876112012116,
            -1.7334488233607115e-05,
            0.0007907495267137632,
            7.248131616732767e-06,
            0.00030383720582998776,
            2.8753890174471747e-05,
            -4.1643525836864564e-05,
            0.0002113575354836944,
            1.0428338416960947e-05,
            0.0007326272356439779,
            0.0004431218693923683,
            8.44388341125421e-05,
            0.0005629063524330846,
            -4.2834247368297995e-06,
            9.81078501227509e-06,
            -3.83464882618673e-05,
            -0.0005246719690718826,
            7.50418677808451e-07,
            -1.3757894864796505e-05,
            -1.333222278655441e-05,
            0.0008608047903060738,
            1.5077710448230253e-06,
            0.00020855451397629177,
            0.0008292020066290387,
            0.00043261115102256995,
            0.0001969018294217346,
            0.00028035060296275477,
            5.189015470690654e-05,
            5.189e-05,
            0.0002600209468613113,
            -5.260367447846442e-06
        ],
        [
            0.0001,
            0.0001,
            0.0004215768406364562,
            0.0001,
            0.0001,
            0.0001,
            0.0001,
            0.000490714122246715,
            0.0001,
            0.0001,
            0.0001,
            0.0001,
            0.0001,
            0.0001,
            0.0001,
            0.0001,
            0.0001,
            0.0001,
            0.0001,
            0.0001,
            0.0005365870271528312,
            0.0001,
            0.0001,
            0.0001,
            0.0001,
            0.0001,
            0.0001,
            0.0001,
            0.0001,
            0.0001,
            0.0001,
            0.0001,
            0.0001,
            0.0001,
            0.0001,
            0.0001,
            0.0001,
            0.0001,
            0.0001,
            0.0001,
            0.0001,
            0.0001,
            0.00010302837214343626,
            0.0001,
            0.0001,
            0.0001,
            0.0001,
            0.0001,
            0.0001,
            0.0001,
            0.0001,
            0.0001,
            0.0001,
            0.0001,
            0.0001,
            0.0001,
            0.0001,
            0.0001,
            0.0001,
            0.0001,
            0.0001
        ],
        [
            23.664853011468793,
            23.436732283452738,
            23.20767424378401,
            22.978842952172283,
            22.75110146604591,
            22.521756447906245,
            22.29257057500044,
            22.063044432858153,
            21.832872077576276,
            21.602314904759194,
            21.371178217528307,
            21.139441106544535,
            20.90607530064531,
            20.671765213715574,
            20.437469667857577,
            20.19878324787931,
            19.964287757895402,
            19.725742094412226,
            19.48573549557254,
            19.244026904392765,
            19.000681770582503,
            18.755527885960028,
            18.508462046448507,
            18.25865114724701,
            18.00761748216605,
            17.754013951040267,
            17.496741125741977,
            17.236762638189777,
            16.975070823014146,
            16.70950736719399,
