{
    "bmNumber": 1,
    "failureReason": false,
    "T": [
        90.0,
        91.0,
        92.0,
        93.0,
        94.0,
        95.0,
        96.0,
        97.0,
        98.0,
        99.0,
        100.0,
        101.0,
        102.0,
        103.0,
        104.0,
        105.0,
        106.0,
        107.0,
        108.0,
        109.0,
        110.0,
        111.0,
        112.0,
        113.0,
        114.0,
        115.0,
        116.0,
        117.0,
        118.0,
        119.0,
        120.0,
        121.0,
        122.0,
        123.0,
        124.0,
        125.0,
        126.0,
        127.0,
        128.0,
        129.0,
        130.0,
        131.0,
        132.0,
        133.0,
        134.0,
        135.0,
        136.0,
        137.0,
        138.0,
        139.0,
        140.0,
        141.0,
        142.0,
        143.0,
        144.0,
        145.0,
        146.0,
        147.0,
        148.0,
        149.0,
        150.0
    ],
    "vevDepthReal": [
        -786527.0719510987,
        -765004.0557029286,
        -743860.0276941953,
        -723091.3076325695,
        -702694.4890292896,
        -682666.4897071532,
        -663004.4960232059,
        -643705.9654143829,
        -624768.6159163846,
        -606190.3976302262,
        -587969.4996718158,
        -570104.3312705822,
        -552593.5138134365,
        -535435.8660966315,
        -518630.4123891009,
        -502176.35255430755,
        -486073.07174108375,
        -470320.12825268065,
        -454917.2476188028,
        -439864.31753613934,
        -425161.38321429957,
        -410808.6432422028,
        -396806.44540189614,
        -383155.2808000038,
        -369855.7941746568,
        -356908.7611427914,
        -344315.0976862674,
        -332075.8629076782,
        -320192.2524437342,
        -308665.60001973616,
        -297497.375486229,
        -286689.19083083316,
        -276242.8080762034,
        -266160.12083317636,
        -256443.18364474433,
        -247094.2013418945,
        -238115.54213744725,
        -229509.74742402407,
        -221279.53316165647,
        -213427.81402744722,
        -205957.70039407277,
        -198872.5642172902,
        -192175.9787995358,
        -185871.82800802717,
        -179964.3007447042,
        -174457.94824073822,
        -169357.7409530036,
        -164669.14627184495,
        -160398.23336895808,
        -156551.8168915946,
        -153137.661130378,
        -150164.78553168382,
        -147643.9395205615,
        -145588.40016989736,
        -144015.44281836526,
        -142949.47155409615,
        -142430.56832842782,
        -142670.34572702972,
        -143792.7589213231,
        -144986.16692348535,
        -146244.02321448526
    ],
    "vevDepthImag": [
        0.0,
        0.0,
        0.0,
        0.0,
        0.0,
        0.0,
        0.0,
        0.0,
        0.0,
        0.0,
        0.0,
        0.0,
        0.0,
        0.0,
        0.0,
        0.0,
        0.0,
        0.0,
        0.0,
        0.0,
        0.0,
        0.0,
        0.0,
        0.0,
        0.0,
        0.0,
        0.0,
        0.0,
        0.0,
        0.0,
        0.0,
        0.0,
        0.0,
        0.0,
        0.0,
        0.0,
        0.0,
        0.0,
        0.0,
        0.0,
        0.0,
        0.0,
        0.0,
        0.0,
        0.0,
        0.0,
        0.0,
        0.0,
        0.0,
        0.0,
        0.0,
        0.0,
        0.0,
        0.0,
        0.0,
        0.0,
        0.0,
        0.0,
        0.0,
        0.0,
        0.0
    ],
    "vevLocation": [
        [
            -1.2652625617559643e-05,
            4.6937889777748376e-05,
            -0.00023113636282124956,
            -6.442165243871617e-05,
            -0.0006302135352759253,
            5.384192052207415e-05,
            -1.7896594517563535e-05,
            0.00023538866625459967,
            -2.875827639081674e-07,
            0.0003047709007636158,
            0.0002611161455761679,
            0.0004126877733643952,
            2.644596891351284e-06,
            0.0005724175072202853,
            -0.0003301621950818484,
            -2.3208245597910755e-05,
            2.3025035840684906e-05,
            -6.898938554423659e-05,
            3.677055533165413e-06,
            4.844336239248046e-05,
            8.859580720545213e-05,
            5.178186422775598e-05,
            -3.890088725662377e-05,
            1.5070116543815237e-05,
            0.0006741806462595853,
            -0.0004032220487089483,
            -0.0002558119531839917,
            -0.00010481836033870377,
            0.0001753965632457083,
            -3.500867164331345e-05,
            0.0003578399028419457,
            0.0003172499037773502,
            -0.00011169422876772294,
            -7.765496761599766e-05,
            0.0001105624617682181,
            -7.465431411442063e-05,
            -0.0003039980653865293,
            8.497303907564844e-05,
            -8.090346851016839e-05,
            5.3761699954808784e-05,
            0.0005965832721416056,
            -2.2864049671507403e-06,
            0.0004754104360124734,
            -0.00010824464188169923,
            1.6292510439483432e-05,
            8.77570794314761e-06,
            1.689754499280098e-05,
            0.00014961824876330576,
            6.15364595382261e-05,
            -1.0629404906075529e-05,
            -9.112814765552257e-05,
            9.114577867289433e-05,
            -5.6105448434064925e-05,
            9.347075269740528e-05,
            1.7231212907860977e-05,
            -3.06339750008322e-05,
            -0.0001457878671058876,
            -0.004961301813513508,
            2.6344796787231006e-05,
            -9.262156495922023e-05,
            -9.262e-05
        ],
        [
            0.0001,
            0.0001,
            0.0014343111634560562,
            0.0001,
            0.0001,
            0.0001,
            0.0001,
            0.0007824485447486365,
            0.0001,
            0.0001,
            0.0001,
            0.0001,
            0.0001,
            0.00017013390660709782,
            0.0001,
            0.0001,
            0.0001,
            0.0001,
            0.0001,
            0.0001,
            0.0001,
            0.0001,
            0.0001,
            0.0003899773680882179,
            0.0001,
            0.0001,
            0.0001,
            0.0001,
            0.0001,
            0.0001,
            0.0001,
            0.0001,
            0.0001,
            0.0001,
            0.0001,
            0.0001,
            0.0001,
            0.0001,
            0.0001,
            0.0001,
            0.0001,
            0.0001,
            0.0001,
            0.0001,
            0.0001,
            0.0001,
            0.0001,
            0.0001,
            0.0001,
            0.0001,
            0.0001,
            0.0001,
            0.0001,
            0.0001,
            0.0001,
            0.0001,
            0.0001,
            0.0001,
            0.0001,
            0.0001,
            0.0001
        ],
        [
            23.661457592584135,
            23.433692081225644,
            23.204603481952446,
            22.97598248392073,
            22.74710455863494,
            22.51826105458836,
            22.28890360716241,
            22.0591537185719,
            21.82889718302391,
            21.598171291176214,
            21.36699872022972,
            21.134007402165356,
            20.90130171242561,
            20.666771156725805,
            20.43238123439333,
            20.19597783192772,
            19.958497189196425,
            19.71971258854163,
            19.4793892133991,
            19.237417988109428,
            18.993908589572055,
            18.748355064031525,
            18.500826133321144,
            18.25029927248254,
            17.999761974969562,
            17.744885748349876,
            17.4874283590682,
            17.22743264185886,
            16.964621986693036,
