{
    "T": [
        90.0,
        91.0,
        92.0,
        93.0,
        94.0,
        95.0,
        96.0,
        97.0,
        98.0,
        99.0,
        100.0,
        101.0,
        102.0,
        103.0,
        104.0,
        105.0,
        106.0,
        107.0,
        108.0,
        109.0,
        110.0,
        111.0,
        112.0,
        113.0,
        114.0,
        115.0,
        116.0,
        117.0,
        118.0,
        119.0,
        120.0,
        121.0,
        122.0,
        123.0,
        124.0,
        125.0,
        126.0,
        127.0,
        128.0,
        129.0,
        130.0,
        131.0,
        132.0,
        133.0,
        134.0,
        135.0,
        136.0,
        137.0,
        138.0,
        139.0,
        140.0,
        141.0,
        142.0,
        143.0,
        144.0,
        145.0,
        146.0,
        147.0,
        148.0,
        149.0,
        150.0
    ],
    "vevDepthReal": [
        -788067.3486442359,
        -766525.8910543467,
        -745363.6227770742,
        -724576.8161631506,
        -704162.0585318913,
        -684116.2307772698,
        -664436.499018862,
        -645120.2987894983,
        -626165.3171512893,
        -607569.4873838224,
        -589330.9731023385,
        -571448.1637959692,
        -553919.6546356186,
        -536744.2491916479,
        -519920.94297244324,
        -503448.9108791541,
        -487327.54420937673,
        -471556.3532088206,
        -456135.05191258097,
        -441063.50823403033,
        -426341.74665581994,
        -411969.94593287096,
        -397948.4382289733,
        -384277.69199525734,
        -370958.33030976995,
        -357991.1078452676,
        -345376.9249733761,
        -333116.8200826822,
        -321211.96035797615,
        -309663.65280376474,
        -298473.4031578835,
        -287642.737060534,
        -277173.41007970436,
        -267067.301679585,
        -257326.43957854298,
        -247953.00597313792,
        -238949.3443091473,
        -230317.96562666446,
        -222061.56623337296,
        -214183.0217601277,
        -206685.4144901362,
        -199572.09423536318,
        -192846.5811627141,
        -186512.72428642778,
        -180574.6691942495,
        -175036.91618537717,
        -169904.37743661556,
        -165182.45324943392,
        -160877.13557316866,
        -156995.13828731014,
        -153544.1026160951,
        -150532.8905798734,
        -147972.02686461256,
        -145874.46297128795,
        -144256.94897977734,
        -143142.9054781753,
        -142570.01462709054,
        -142679.19218602896,
        -143795.7815338997,
        -144984.20087777285,
        -146237.61270034875
    ],
    "vevDepthImag": [
        0.0,
        0.0,
        0.0,
        0.0,
        0.0,
        0.0,
        0.0,
        0.0,
        0.0,
        0.0,
        0.0,
        0.0,
        0.0,
        0.0,
        0.0,
        0.0,
        0.0,
        0.0,
        0.0,
        0.0,
        0.0,
        0.0,
        0.0,
        0.0,
        0.0,
        0.0,
        0.0,
        0.0,
        0.0,
        0.0,
        0.0,
        0.0,
        0.0,
        0.0,
        0.0,
        0.0,
        0.0,
        0.0,
        0.0,
        0.0,
        0.0,
        0.0,
        0.0,
        0.0,
        0.0,
        0.0,
        0.0,
        0.0,
        0.0,
        0.0,
        0.0,
        0.0,
        0.0,
        0.0,
        0.0,
        0.0,
        0.0,
        0.0,
        0.0,
        0.0,
        0.0
    ],
    "vevLocation": [
        [
            -0.0003318338444167346,
            -0.00019595682412265614,
            0.00042062368038160713,
            -8.775986527482377e-05,
            2.0016102963107962e-05,
            -0.00012376250340448425,
            0.0005086123440896963,
            -6.0576853731784605e-05,
            5.8416721559644e-05,
            3.898279332267829e-06,
            0.0006096974497145635,
            1.1248626632764935e-05,
            0.00015003934468877864,
            3.158380440994313e-06,
            3.4233611117429064e-05,
            0.0007460270717240744,
            0.00023238431775882357,
            -2.3138683643685737e-06,
            -1.605659165224496e-05,
            4.3637559190776165e-06,
            5.16648942012608e-05,
            0.00028316154948767464,
            0.00017764102681606248,
            -0.0006283900471719117,
            2.2383959563374023e-05,
            1.2192204544244668e-05,
            9.909607085560601e-05,
            0.00041052391074248434,
            8.46713983751891e-05,
            0.0002883891282209946,
            -0.0003754886905985022,
            -1.606529268129847e-05,
            8.825822966062116e-05,
            7.420203845087681e-06,
            -1.0152426581862967e-05,
            -6.755350323674322e-05,
            0.00026922988686201065,
            0.0005374204969449264,
            1.5114041066236449e-07,
            0.00060735544963262,
            -9.812858923366474e-05,
            0.00019899495314551399,
            9.836331141004854e-06,
            5.271794873987212e-06,
            1.0154088273157946e-06,
            -3.570675479948546e-05,
            -0.00013922580932264512,
            0.0005044578233208974,
            -0.00029373407079717404,
            -5.256631857294969e-05,
            0.0005657638091955304,
            -2.7678578098806403e-05,
            -9.056385881384046e-05,
            0.00032577540530043594,
            0.00040708386987736386,
            -2.7649070747072513e-05,
            0.0007495401262435362,
            0.0004620918004045668,
            1.4253269812955494e-05,
            1.425e-05,
            -7.395622183749978e-05
        ],
        [
            0.0001,
            0.0001,
            0.0001,
            0.000623722470099046,
            0.0001,
            0.0001,
            0.0001,
            0.0001,
            0.0001,
            0.0001,
            0.0001,
            0.0001,
            0.0001,
            0.0001,
            0.0001,
            0.00167630052792551,
            0.0001,
            0.0001,
            0.0001,
            0.0001,
            0.0005446357757331448,
            0.0001,
            0.0003674908388434858,
            0.0001,
            0.0001,
            0.0003885802577955396,
            0.0005180038485935144,
            0.0001,
            0.0005071896306897219,
            0.0001,
            0.0001,
            0.0001,
            0.0001,
            0.0001,
            0.0001,
            0.0001,
            0.0001,
            0.0001,
            0.0001,
            0.0001,
            0.0016044252318949425,
            0.0001,
            0.0001,
            0.0001,
            0.0001,
            0.0001,
            0.0001,
            0.0001,
            0.0001,
            0.0001,
            0.0001,
            0.0001,
            0.0001,
            0.0001,
            0.0001,
            0.0001,
            0.0001,
            0.0001,
            0.0001,
            0.0001,
            0.0001
        ],
        [
            23.665869318914563,
            23.43804722094466,
            23.20946153205704,
            22.9806380311591,
            22.752020370489255,
            22.522974930139046,
            22.29385461682957,
            22.064418784771316,
            21.834365454561386,
            21.60384661040635,
            21.372561209747083,
            21.14061078034188,
            20.907573224680473,
            20.674065486178037,
            20.43915566086724,
            20.20333936947472,
            19.966293351441063,
            19.7276838774198,
            19.487745420048086,
            19.246126411308918,
            19.002828128810748,
            18.756970119399007,
            18.510934251603825,
            18.26106982082084,
            18.010142871428823,
            17.755878152102863,
            17.49916877390272,
            17.240368105610592,
            16.979242225753197,
