{
    "T": [
        90.0,
        91.0,
        92.0,
        93.0,
        94.0,
        95.0,
        96.0,
        97.0,
        98.0,
        99.0,
        100.0,
        101.0,
        102.0,
        103.0,
        104.0,
        105.0,
        106.0,
        107.0,
        108.0,
        109.0,
        110.0,
        111.0,
        112.0,
        113.0,
        114.0,
        115.0,
        116.0,
        117.0,
        118.0,
        119.0,
        120.0,
        121.0,
        122.0,
        123.0,
        124.0,
        125.0,
        126.0,
        127.0,
        128.0,
        129.0,
        130.0,
        131.0,
        132.0,
        133.0,
        134.0,
        135.0,
        136.0,
        137.0,
        138.0,
        139.0,
        140.0,
        141.0,
        142.0,
        143.0,
        144.0,
        145.0,
        146.0,
        147.0,
        148.0,
        149.0,
        150.0
    ],
    "vevDepthReal": [
        -788067.1567838307,
        -766525.4926150141,
        -745363.0199512015,
        -724576.0122373375,
        -704161.058491059,
        -684115.041256543,
        -664435.1287830705,
        -645118.7541082269,
        -626163.606720914,
        -607567.6191929142,
        -589328.9586016835,
        -571446.0242566578,
        -553917.3862957124,
        -536741.8799708254,
        -519918.4724123331,
        -503446.34938800917,
        -487324.92383210675,
        -471553.6738951074,
        -456132.32632555196,
        -441060.74878954765,
        -426338.96551544656,
        -411967.1553152928,
        -397945.6497441916,
        -384274.91709450947,
        -370955.57808038464,
        -357988.3894069984,
        -345374.2503631267,
        -333114.1971627493,
        -321209.4028780461,
        -309661.18790633103,
        -298470.9911516594,
        -287640.4088397223,
        -277171.1718585723,
        -267065.15886211186,
        -257324.3953721921,
        -247951.066821069,
        -238947.51268014958,
        -230316.24413807443,
        -222059.95307596755,
        -214181.52462747737,
        -206684.04080385022,
        -199570.81968528428,
        -192845.40655494935,
        -186511.6694655619,
        -180573.7209191289,
        -175036.07136361222,
        -169903.63278774294,
        -165181.8050931449,
        -160876.57703124985,
        -156994.664786082,
        -153543.70924271745,
        -150532.51032883095,
        -147971.7733297908,
        -145874.26946308138,
        -144256.8083746545,
        -143142.8105072164,
        -142569.96081251767,
        -142679.18460760987,
        -143795.77646511336,
        -144984.200695889,
        -146237.6107601207
    ],
    "vevDepthImag": [
        0.0,
        0.0,
        0.0,
        0.0,
        0.0,
        0.0,
        0.0,
        0.0,
        0.0,
        0.0,
        0.0,
        0.0,
        0.0,
        0.0,
        0.0,
        0.0,
        0.0,
        0.0,
        0.0,
        0.0,
        0.0,
        0.0,
        0.0,
        0.0,
        0.0,
        0.0,
        0.0,
        0.0,
        0.0,
        0.0,
        0.0,
        0.0,
        0.0,
        0.0,
        0.0,
        0.0,
        0.0,
        0.0,
        0.0,
        0.0,
        0.0,
        0.0,
        0.0,
        0.0,
        0.0,
        0.0,
        0.0,
        0.0,
        0.0,
        0.0,
        0.0,
        0.0,
        0.0,
        0.0,
        0.0,
        0.0,
        0.0,
        0.0,
        0.0,
        0.0,
        0.0
    ],
    "vevLocation": [
        [
            0.00015412803424872702,
            -0.00019602518151884407,
            0.00042491625527707813,
            0.00022991886829826225,
            -0.0004134811409305609,
            0.0001495857902223127,
            1.8299069248287059e-06,
            7.978726091527333e-05,
            0.00023901957689211875,
            -0.001305986359002478,
            0.00040601865885286914,
            1.1293231980806853e-05,
            0.0009609150641964101,
            -0.00011149654352493599,
            0.00018408450287782374,
            0.00022088378392930152,
            3.24738192926759e-05,
            1.263463697959849e-05,
            7.814593526141059e-05,
            4.7268112992289863e-05,
            5.200071977090324e-05,
            0.000723574757632513,
            0.00011746748643080146,
            -0.0002469228107773169,
            2.3785005547750752e-06,
            -0.00030146120713610974,
            0.0006807637770691113,
            -0.0001948411125519134,
            0.0012517090145571438,
            0.0001952276618503541,
            0.0003536675628532304,
            -1.114353951365589e-06,
            -7.999304787575934e-05,
            7.417483071037179e-06,
            -0.00038948105039060543,
            0.00026075737974081033,
            3.6022187749340517e-06,
            0.0003957979583918206,
            -0.0005814999395820847,
            1.2377987773898314e-05,
            -0.00018573463895693674,
            4.362352514110032e-05,
            -0.0007971024253052971,
            5.187842032156054e-06,
            1.241344174226361e-06,
            2.7925352705865207e-05,
            5.2551006755365e-07,
            4.970326925381359e-05,
            -5.087658298552622e-05,
            -5.259884483538313e-05,
            7.623574185813711e-05,
            0.0014471097440011647,
            -9.035444729443409e-05,
            0.0003257078627559411,
            0.000407483656912284,
            -2.924331933148311e-05,
            8.140123461575222e-05,
            0.000894062771346963,
            -0.00014635040491355056,
            -0.00014635,
            -7.252383907677823e-05
        ],
        [
            0.0003818026311052613,
            0.0001,
            0.0001,
            0.0001,
            0.0001,
            0.0001,
            0.0001,
            0.0001,
            0.0001,
            0.0001,
            0.0017134481010677508,
            0.0001,
            0.0001,
            0.0001,
            0.0008585271136644568,
            0.0001,
            0.0001,
            0.0001,
            0.0001,
            0.0001,
            0.0005451190224522514,
            0.0001,
            0.0001,
            0.0001,
            0.0001,
            0.0002849901719141207,
            0.0001,
            0.0001,
            0.0001,
            0.0001,
            0.0001,
            0.0001,
            0.0001,
            0.0001,
            0.0001,
            0.0001,
            0.0001,
            0.0001,
            0.00041051986703191667,
            0.0001,
            0.0001,
            0.0001,
            0.0001,
            0.0001,
            0.0001,
            0.0001,
            0.0001,
            0.0001,
            0.0001,
            0.0001,
            0.00042671092171880573,
            0.0036145806037100334,
            0.0001,
            0.0001,
            0.0001,
            0.0001,
            0.0001,
            0.0001,
            0.0001,
            0.0001,
            0.0001
        ],
        [
            23.665955903837663,
            23.43804243084063,
            23.209441963831363,
            22.980119951437967,
            22.752171615809672,
            22.523506820401213,
            22.293946067204278,
            22.064417543245717,
            21.83386399566835,
            21.60366233216384,
            21.37261638350707,
            21.140577693759074,
            20.908966979445882,
            20.674271511718725,
            20.440137728134232,
            20.200987562683505,
            19.966138390271272,
            19.72762184725862,
            19.487722804155833,
            19.24606366521342,
            19.002773301996534,
            18.757293694145655,
            18.510604323962387,
            18.26166619707817,
            18.00990979411312,
            17.755708804922417,
            17.49955888816086,
            17.240962094235375,
            16.977964459526664,
