{
    "T": [
        90.0,
        91.0,
        92.0,
        93.0,
        94.0,
        95.0,
        96.0,
        97.0,
        98.0,
        99.0,
        100.0,
        101.0,
        102.0,
        103.0,
        104.0,
        105.0,
        106.0,
        107.0,
        108.0,
        109.0,
        110.0,
        111.0,
        112.0,
        113.0,
        114.0,
        115.0,
        116.0,
        117.0,
        118.0,
        119.0,
        120.0,
        121.0,
        122.0,
        123.0,
        124.0,
        125.0,
        126.0,
        127.0,
        128.0,
        129.0,
        130.0,
        131.0,
        132.0,
        133.0,
        134.0,
        135.0,
        136.0,
        137.0,
        138.0,
        139.0,
        140.0,
        141.0,
        142.0,
        143.0,
        144.0,
        145.0,
        146.0,
        147.0,
        148.0,
        149.0,
        150.0
    ],
    "vevDepthReal": [
        -787919.7751105143,
        -766377.7358499378,
        -745214.9511050128,
        -724427.694406691,
        -704012.5557333743,
        -683966.4213887986,
        -664286.45750729,
        -644970.1003471919,
        -626015.0424021872,
        -607419.2173943394,
        -589180.7919770326,
        -571298.1541620764,
        -553769.9058753351,
        -536594.8497789724,
        -519771.9848462751,
        -503300.4599548522,
        -487179.7447356023,
        -471409.27505319007,
        -455988.79210197297,
        -440918.16504412645,
        -426197.4197487079,
        -411826.7386516654,
        -397806.4489526375,
        -384137.0207632923,
        -370819.0924082135,
        -357853.38300860475,
        -345240.86340009863,
        -332982.50566981354,
        -321079.5212731121,
        -309533.2066621069,
        -298345.02048850246,
        -287516.557694953,
        -277049.54520822194,
        -266945.88169550337,
        -257207.57659510928,
        -247836.8279319769,
        -238835.9734851097,
        -230207.5305003942,
        -221954.19373094308,
        -214078.84816831825,
        -206584.58572908363,
        -199474.7256602138,
        -192752.8227385377,
        -186422.7388660176,
        -180488.60409982616,
        -174954.9321473681,
        -169826.64276785144,
        -165109.1470741245,
        -160808.44393133605,
        -156931.26485420318,
        -153485.26480631973,
        -150479.3419658309,
        -147924.04289333857,
        -145832.370203579,
        -144221.16826319013,
        -143114.00182464122,
        -142548.9325591933,
        -142679.18780047892,
        -143795.77653960724,
        -144984.19966211755,
        -146237.60888043971
    ],
    "vevDepthImag": [
        0.0,
        0.0,
        0.0,
        0.0,
        0.0,
        0.0,
        0.0,
        0.0,
        0.0,
        0.0,
        0.0,
        0.0,
        0.0,
        0.0,
        0.0,
        0.0,
        0.0,
        0.0,
        0.0,
        0.0,
        0.0,
        0.0,
        0.0,
        0.0,
        0.0,
        0.0,
        0.0,
        0.0,
        0.0,
        0.0,
        0.0,
        0.0,
        0.0,
        0.0,
        0.0,
        0.0,
        0.0,
        0.0,
        0.0,
        0.0,
        0.0,
        0.0,
        0.0,
        0.0,
        0.0,
        0.0,
        0.0,
        0.0,
        0.0,
        0.0,
        0.0,
        0.0,
        0.0,
        0.0,
        0.0,
        0.0,
        0.0,
        0.0,
        0.0,
        0.0,
        0.0
    ],
    "vevLocation": [
        [
            -7.753728374520032e-06,
            -0.00021894449618964362,
            0.00015687602888650454,
            0.0003071070367690887,
            9.063784265985267e-05,
            0.00017200042852637265,
            5.016400730076687e-05,
            0.0003616798730335935,
            0.00015243781423032732,
            -3.336620856741329e-05,
            -0.00018916226612288554,
            -0.00024425018921095387,
            -0.0006548315019398402,
            6.766474367564737e-05,
            3.454914268855025e-06,
            0.0014265840720138964,
            1.3373493787772531e-05,
            -8.98287969494453e-05,
            -7.632156327774803e-05,
            4.891246694220313e-06,
            5.128642517421613e-05,
            0.00012238932508424824,
            3.1774811296063354e-05,
            0.0004102082553933892,
            -1.8182815236350482e-05,
            -8.387274866866745e-05,
            0.0007760958641243043,
            0.0008999494751900684,
            -6.855418403716937e-05,
            -7.299630850369013e-06,
            0.0001352821408286617,
            -1.732632617956753e-05,
            -0.0005200830779763417,
            7.24813084440612e-06,
            0.0008077314484745551,
            2.8753911369437668e-05,
            9.352268290872823e-08,
            0.0002109917644451259,
            1.0428326774239438e-05,
            1.9516033073814108e-05,
            8.362997634514535e-05,
            0.00010832297249759038,
            -0.00033211755380310737,
            -4.283422806498904e-06,
            9.805342737293724e-06,
            -3.8346536727538446e-05,
            0.0003413106659429649,
            7.504218406256813e-07,
            -1.2644373246439855e-05,
            -1.3332226811560433e-05,
            0.0008608047842624741,
            1.605358361148057e-06,
            8.138629892472972e-05,
            0.000945757336372895,
            0.000432611141136641,
            0.00019601746397196994,
            0.00028035060089722993,
            5.1915840412466215e-05,
            5.192e-05,
            0.00025914406849794624,
            0.00025914
        ],
        [
            0.0001,
            0.0001,
            0.00042103360418696556,
            0.0001,
            0.0001,
            0.00026024688131998097,
            0.0001,
            0.0001,
            0.0001,
            0.0001,
            0.0001,
            0.0001,
            0.0001,
            0.0001,
            0.0001,
            0.0001,
            0.0001,
            0.0001,
            0.0001,
            0.0001,
            0.0005365870267283068,
            0.0001,
            0.0001,
            0.0001,
            0.0001,
            0.0027254370346124967,
            0.0001,
            0.0001,
            0.0001,
            0.0001,
            0.00048125677827626353,
            0.0001,
            0.0001,
            0.0001,
            0.0001,
            0.0001,
            0.0001,
            0.0001,
            0.0001,
            0.0002940770458316434,
            0.0005631832981969044,
            0.0001,
            0.0001032138742956162,
            0.0001,
            0.0001,
            0.0001,
            0.0001,
            0.0001,
            0.0001,
            0.0001,
            0.0001,
            0.0001,
            0.0001,
            0.0001,
            0.0001,
            0.0001,
            0.0001,
            0.0001,
            0.0001,
            0.0001,
            0.0001
        ],
        [
            23.66485301147138,
            23.436732283445583,
            23.20767457564279,
            22.978842952117787,
            22.751065593453617,
            22.52169385182387,
            22.292570574979177,
            22.062845492840083,
            21.832872083756353,
            21.602314445204765,
            21.371178635588244,
            21.139441106534786,
            20.90620292564243,
            20.67176521370504,
            20.43746966793717,
            20.19878324787374,
            19.96428774444494,
            19.72574209406143,
            19.48573549557411,
            19.244026904403757,
            19.000681770588237,
            18.755527873721206,
            18.508462046513756,
            18.26045546654056,
            18.007617482018542,
            17.75383785514429,
            17.496507918364127,
            17.238751733806023,
            16.97507081333526,
