{
    "T": [
        90.0,
        91.0,
        92.0,
        93.0,
        94.0,
        95.0,
        96.0,
        97.0,
        98.0,
        99.0,
        100.0,
        101.0,
        102.0,
        103.0,
        104.0,
        105.0,
        106.0,
        107.0,
        108.0,
        109.0,
        110.0,
        111.0,
        112.0,
        113.0,
        114.0,
        115.0,
        116.0,
        117.0,
        118.0,
        119.0,
        120.0,
        121.0,
        122.0,
        123.0,
        124.0,
        125.0,
        126.0,
        127.0,
        128.0,
        129.0,
        130.0,
        131.0,
        132.0,
        133.0,
        134.0,
        135.0,
        136.0,
        137.0,
        138.0,
        139.0,
        140.0,
        141.0,
        142.0,
        143.0,
        144.0,
        145.0,
        146.0,
        147.0,
        148.0,
        149.0,
        150.0
    ],
    "vevDepthReal": [
        -788067.5208927847,
        -766526.2711594116,
        -745364.2062322207,
        -724577.59780242,
        -704163.0350034595,
        -684117.3950067527,
        -664437.8447743892,
        -645121.8176549451,
        -626166.9996666809,
        -607571.3238228833,
        -589332.9538271559,
        -571450.2756645473,
        -553921.879030461,
        -536746.5894392137,
        -519923.3720830862,
        -503451.44128489925,
        -487330.13787891035,
        -471559.0059048898,
        -456137.75143786485,
        -441066.2423297145,
        -426344.50321517646,
        -411972.71386497107,
        -397951.2045804707,
        -384280.44454804476,
        -370961.06007261615,
        -357993.8063070594,
        -345379.5813325623,
        -333119.42452291324,
        -321214.51011127484,
        -309666.1497410808,
        -298475.8025704836,
        -287645.052845751,
        -277175.63620041095,
        -267069.4345192427,
        -257328.47362942007,
        -247954.93742760207,
        -238951.16964585075,
        -230319.68401464605,
        -222063.1725539492,
        -214184.51898732487,
        -206686.8128909503,
        -199573.36739687907,
        -192847.7443054134,
        -186513.7791371794,
        -180575.61814775295,
        -175037.76225449756,
        -169905.1246989351,
        -165183.10159159382,
        -160877.6972466595,
        -156995.614427477,
        -153544.50036493872,
        -150533.21382860368,
        -147972.2831293852,
        -145874.65939792487,
        -144257.09191023605,
        -143143.00242535243,
        -142570.07516832958,
        -142679.1005230653,
        -143795.76542233574,
        -144984.20276485579,
        -146237.61080866298
    ],
    "vevDepthImag": [
        0.0,
        0.0,
        0.0,
        0.0,
        0.0,
        0.0,
        0.0,
        0.0,
        0.0,
        0.0,
        0.0,
        0.0,
        0.0,
        0.0,
        0.0,
        0.0,
        0.0,
        0.0,
        0.0,
        0.0,
        0.0,
        0.0,
        0.0,
        0.0,
        0.0,
        0.0,
        0.0,
        0.0,
        0.0,
        0.0,
        0.0,
        0.0,
        0.0,
        0.0,
        0.0,
        0.0,
        0.0,
        0.0,
        0.0,
        0.0,
        0.0,
        0.0,
        0.0,
        0.0,
        0.0,
        0.0,
        0.0,
        0.0,
        0.0,
        0.0,
        0.0,
        0.0,
        0.0,
        0.0,
        0.0,
        0.0,
        0.0,
        0.0,
        0.0,
        0.0,
        0.0
    ],
    "vevLocation": [
        [
            2.9035790930109773e-05,
            -0.0004230718410600416,
            2.9388978610780936e-06,
            0.00022896341817010835,
            -3.152151555860065e-06,
            0.0001515942178765192,
            -0.0006054648170317916,
            8.023490806371991e-05,
            -0.0001999195805229212,
            -4.10726262944916e-07,
            5.071762330333129e-06,
            1.119444693725713e-05,
            0.000961559983842138,
            -0.00014052008982746306,
            0.0011928192023914486,
            9.747736376375382e-05,
            1.579857908796191e-05,
            -9.167047950271677e-05,
            -7.509582304909972e-05,
            4.947118739335833e-06,
            5.1705785201786614e-05,
            -0.0006788812026244581,
            0.0002232639620206446,
            0.0008226420720527754,
            -0.000768559193160258,
            -6.460593606622727e-05,
            3.3016623233286455e-05,
            -9.367419539621502e-06,
            -2.0978440214564076e-05,
            -0.0006582008222221908,
            -3.1421561008659893e-07,
            -2.951561367823055e-06,
            0.0004673290820485232,
            7.4229064759845365e-06,
            1.8916370674920344e-06,
            1.656197270211157e-05,
            0.0002985835827594191,
            0.00020694841108416517,
            3.5639132997561385e-05,
            0.0002969954497972103,
            2.097174657599097e-06,
            0.00019905877681253206,
            -6.569460640412639e-07,
            5.347342402817201e-06,
            8.0307423299536e-07,
            -3.564056412935044e-05,
            2.5006395886532917e-05,
            -0.0011532799314778498,
            1.660693605909369e-06,
            -5.2521171848507464e-05,
            5.069569107390981e-05,
            1.8722972776122337e-06,
            -9.077535688207421e-05,
            0.00010656433864275443,
            0.0004066768745181459,
            -2.344946580527807e-05,
            0.00018548568832892597,
            -0.0013700291422008067,
            -0.00137003,
            -0.00011791977324651301,
            -8.098863774638754e-05
        ],
        [
            0.0001,
            0.0001,
            0.0001,
            0.0001,
            0.0001,
            0.0001,
            0.0001,
            0.0001,
            0.0001,
            0.0001,
            0.0001,
            0.0001,
            0.0001,
            0.0001,
            0.0001,
            0.0001,
            0.0001,
            0.0001,
            0.0001,
            0.0001,
            0.0005454689444292532,
            0.0001,
            0.0001,
            0.0007050734862242626,
            0.0001,
            0.0001,
            0.0003985287923948098,
            0.0001,
            0.0001,
            0.0001,
            0.0001,
            0.0001,
            0.0001,
            0.0001,
            0.0001,
            0.0001,
            0.0001,
            0.0001,
            0.0001,
            0.0001,
            0.0001,
            0.0001,
            0.0001,
            0.0001,
            0.0001,
            0.0001,
            0.0001,
            0.0001,
            0.0001,
            0.0001,
            0.0001,
            0.0001,
            0.0001,
            0.0001,
            0.0001,
            0.0001,
            0.0001,
            0.0001,
            0.0001,
            0.0001,
            0.0001
        ],
        [
            23.665340804149118,
            23.43755744609764,
            23.209152176212548,
            22.980139195159488,
            22.751999668625064,
            22.52353966309306,
            22.293976605609387,
            22.064461962713406,
            21.834436420309228,
            21.603856317195223,
            21.372628262677896,
            21.140643434089444,
            20.90903803893406,
            20.673650504207238,
            20.440404822145865,
            20.20381727859953,
            19.966224977482604,
            19.727772457310014,
            19.48782113552078,
            19.246169483834244,
            19.002882459291957,
            18.757507753410987,
            18.511117552063396,
            18.261375141349095,
            18.01024546054901,
            17.756523555888343,
            17.49937564324225,
            17.240220761382893,
            16.97809012437493,
            16.711679041229978,
            16.443345038133963,
