{
    "T": [
        90.0,
        91.0,
        92.0,
        93.0,
        94.0,
        95.0,
        96.0,
        97.0,
        98.0,
        99.0,
        100.0,
        101.0,
        102.0,
        103.0,
        104.0,
        105.0,
        106.0,
        107.0,
        108.0,
        109.0,
        110.0,
        111.0,
        112.0,
        113.0,
        114.0,
        115.0,
        116.0,
        117.0,
        118.0,
        119.0,
        120.0,
        121.0,
        122.0,
        123.0,
        124.0,
        125.0,
        126.0,
        127.0,
        128.0,
        129.0,
        130.0,
        131.0,
        132.0,
        133.0,
        134.0,
        135.0,
        136.0,
        137.0,
        138.0,
        139.0,
        140.0,
        141.0,
        142.0,
        143.0,
        144.0,
        145.0,
        146.0,
        147.0,
        148.0,
        149.0,
        150.0
    ],
    "vevDepthReal": [
        -787919.7751105146,
        -766377.7358499372,
        -745214.9511065291,
        -724427.694406692,
        -704012.5544074038,
        -683966.4215932472,
        -664286.4575072885,
        -644970.0996179603,
        -626015.0424024777,
        -607419.217394051,
        -589180.7919774103,
        -571298.1541620783,
        -553769.9064517113,
        -536594.8497789728,
        -519771.98484627454,
        -503300.4599548521,
        -487179.74473560194,
        -471409.2750531923,
        -455988.7921263342,
        -440918.1650455926,
        -426197.4197500111,
        -411826.7386517719,
        -397806.44895263796,
        -384137.0259038444,
        -370819.0924082135,
        -357853.3830086104,
        -345240.86547115893,
        -332982.5056698136,
        -321079.5213026126,
        -309533.20666210854,
        -298345.0212162827,
        -287516.55769494723,
        -277049.5452106857,
        -266945.8816955044,
        -257207.57665409235,
        -247836.8279319778,
        -238835.9734603324,
        -230207.5304992319,
        -221954.19373094413,
        -214078.8482739872,
        -206584.5861195332,
        -199474.72563737346,
        -192752.82913975144,
        -186422.7388689991,
        -180488.60409982523,
        -174954.93215278562,
        -169826.64201340842,
        -165109.14707411622,
        -160808.44393108753,
        -156931.26485420312,
        -153485.26480632054,
        -150479.34196599683,
        -147924.04267140687,
        -145832.3711556378,
        -144221.1682631905,
        -143114.00182104923,
        -142548.93429783502,
        -142679.1883652009,
        -143795.77800792165,
        -144984.2001630486,
        -146237.60787532252
    ],
    "vevDepthImag": [
        0.0,
        0.0,
        0.0,
        0.0,
        0.0,
        0.0,
        0.0,
        0.0,
        0.0,
        0.0,
        0.0,
        0.0,
        0.0,
        0.0,
        0.0,
        0.0,
        0.0,
        0.0,
        0.0,
        0.0,
        0.0,
        0.0,
        0.0,
        0.0,
        0.0,
        0.0,
        0.0,
        0.0,
        0.0,
        0.0,
        0.0,
        0.0,
        0.0,
        0.0,
        0.0,
        0.0,
        0.0,
        0.0,
        0.0,
        0.0,
        0.0,
        0.0,
        0.0,
        0.0,
        0.0,
        0.0,
        0.0,
        0.0,
        0.0,
        0.0,
        0.0,
        0.0,
        0.0,
        0.0,
        0.0,
        0.0,
        0.0,
        0.0,
        0.0,
        0.0,
        0.0
    ],
    "vevLocation": [
        [
            -7.753709228295957e-06,
            -0.00021894447552200935,
            0.00015612669539441515,
            0.0003071070857289804,
            -0.0006460503985165518,
            -1.645505907901801e-05,
            5.01640816280317e-05,
            -0.0003657907762024126,
            0.0001520870425507359,
            -3.0443284751609234e-05,
            -0.0001894113718545233,
            -0.00024425020350224425,
            -0.0004896983051770748,
            6.76648048377887e-05,
            3.451266612067294e-06,
            0.001426584075295348,
            1.3366372875378733e-05,
            -8.982867559599479e-05,
            -4.098069195145396e-06,
            5.160228885598276e-06,
            5.1271393181047715e-05,
            0.0001222309933362302,
            3.1774806286320734e-05,
            -0.0003552896082499035,
            -1.8182822012881777e-05,
            -8.378199926956098e-05,
            -0.00011843217511114251,
            0.0008999494529259525,
            1.3077869956113451e-06,
            -7.299648507914577e-06,
            3.14098257436779e-06,
            -1.7332799497386808e-05,
            -0.0005199653727383617,
            7.248132758652659e-06,
            0.0007983194596377641,
            2.8753877843342573e-05,
            -4.149395478951143e-05,
            0.00021143093476752584,
            1.0428326705981539e-05,
            0.00012702445246659533,
            0.00044195659330890924,
            0.00013264495878093086,
            0.0004233586846082854,
            1.3121005895400106e-06,
            9.813594938051524e-06,
            1.2794267148438787e-06,
            -0.0005246401205099005,
            -3.0472793427493983e-07,
            -1.3440628398309062e-05,
            -1.333222115762131e-05,
            0.0008608047895133052,
            -4.5303655500650297e-07,
            0.00020855449852793043,
            9.42402192068946e-05,
            0.00043261114443165496,
            0.00019492800269096857,
            5.909078688677225e-07,
            -9.546849457753304e-06,
            -2.215766665601736e-05,
            1.2303606282130932e-06,
            -6.644908312024994e-05
        ],
        [
            0.0001,
            0.0001,
            0.00042072049295527325,
            0.0001,
            0.0001,
            0.0001,
            0.0001,
            0.0004907137114047134,
            0.0001,
            0.0001,
            0.0001,
            0.0001,
            0.0001,
            0.0001,
            0.0001,
            0.0001,
            0.0001,
            0.0001,
            0.0001,
            0.0001,
            0.0005361687524811932,
            0.0001,
            0.0001,
            0.0001,
            0.0001,
            0.002725277214512168,
            0.0001,
            0.0001,
            0.0001,
            0.0001,
            0.0001,
            0.0001,
            0.0001,
            0.0001,
            0.0001,
            0.0001,
            0.0001,
            0.0001,
            0.0001,
            0.0001,
            0.0001,
            0.0001,
            0.0001,
            0.0001,
            0.0001,
            0.0001,
            0.0001,
            0.0001,
            0.0001,
            0.0001,
            0.0001,
            0.0001,
            0.0001,
            0.0001,
            0.0001,
            0.0001,
            0.0001,
            0.0001,
            0.0001,
            0.0001,
            0.0001
        ],
        [
            23.664853011473312,
            23.436732283458472,
            23.207674764986287,
            22.978842952162196,
            22.75004065408976,
            22.52161015927754,
            22.292570574975734,
            22.06304443271934,
            21.83287206659082,
            21.60231553641276,
            21.371178305865154,
            21.139441106542147,
            20.906023397906498,
            20.671765213716217,
            20.43746967513696,
            20.19878324789364,
            19.96428774991714,
            19.725742094070615,
            19.485637934054484,
            19.244034324092766,
            19.000681790027272,
            18.755527849200238,
            18.50846204648142,
            18.25963271453192,
            18.007617481975874,
            17.753839449307137,
            17.496646662689777,
            17.238751733937285,
            16.97514065427349,
            16.709507367219278,
