{
    "bmNumber": 1,
    "failureReason": false,
    "T": [
        90.0,
        91.0,
        92.0,
        93.0,
        94.0,
        95.0,
        96.0,
        97.0,
        98.0,
        99.0,
        100.0,
        101.0,
        102.0,
        103.0,
        104.0,
        105.0,
        106.0,
        107.0,
        108.0,
        109.0,
        110.0,
        111.0,
        112.0,
        113.0,
        114.0,
        115.0,
        116.0,
        117.0,
        118.0,
        119.0,
        120.0,
        121.0,
        122.0,
        123.0,
        124.0,
        125.0,
        126.0,
        127.0,
        128.0,
        129.0,
        130.0,
        131.0,
        132.0,
        133.0,
        134.0,
        135.0,
        136.0,
        137.0,
        138.0,
        139.0,
        140.0,
        141.0,
        142.0,
        143.0,
        144.0,
        145.0,
        146.0,
        147.0,
        148.0,
        149.0,
        150.0
    ],
    "vevDepthReal": [
        -786527.0719510997,
        -765004.0557029262,
        -743860.0277250763,
        -723091.3076325693,
        -702694.4890350936,
        -682666.4889484809,
        -663004.4960232046,
        -643705.9654143845,
        -624768.615816429,
        -606190.3976302426,
        -587969.4996718063,
        -570104.3264133383,
        -552593.513813191,
        -535435.8678630359,
        -518630.4123891013,
        -502176.3525543064,
        -486073.0717410847,
        -470320.1282527184,
        -454917.2476188029,
        -439864.3175361398,
        -425161.3828927163,
        -410808.64325144526,
        -396806.4454018952,
        -383155.2808000048,
        -369855.7958040633,
        -356908.76097468234,
        -344315.0976861726,
        -332075.85950018064,
        -320192.25244984025,
        -308665.6000197251,
        -297497.3754331404,
        -286689.19083083246,
        -276242.8074522164,
        -266160.1208328591,
        -256443.1836460205,
        -247094.20133991953,
        -238115.54221476513,
        -229509.74731004113,
        -221279.5338387723,
        -213427.81420099203,
        -205957.7046980782,
        -198872.5619013538,
        -192175.9780220282,
        -185871.82800802562,
        -179964.30072991355,
        -174457.94589495892,
        -169357.74095300763,
        -164669.14627184477,
        -160398.2335381861,
        -156551.81688742738,
        -153137.66113492954,
        -150164.78556095308,
        -147643.9395205613,
        -145588.40016960853,
        -144015.44281834803,
        -142949.4715502239,
        -142430.56832842762,
        -142670.34564809556,
        -143792.75641580264,
        -144986.1659309095,
        -146244.022125947
    ],
    "vevDepthImag": [
        0.0,
        0.0,
        0.0,
        0.0,
        0.0,
        0.0,
        0.0,
        0.0,
        0.0,
        0.0,
        0.0,
        0.0,
        0.0,
        0.0,
        0.0,
        0.0,
        0.0,
        0.0,
        0.0,
        0.0,
        0.0,
        0.0,
        0.0,
        0.0,
        0.0,
        0.0,
        0.0,
        0.0,
        0.0,
        0.0,
        0.0,
        0.0,
        0.0,
        0.0,
        0.0,
        0.0,
        0.0,
        0.0,
        0.0,
        0.0,
        0.0,
        0.0,
        0.0,
        0.0,
        0.0,
        0.0,
        0.0,
        0.0,
        0.0,
        0.0,
        0.0,
        0.0,
        0.0,
        0.0,
        0.0,
        0.0,
        0.0,
        0.0,
        0.0,
        0.0,
        0.0
    ],
    "vevLocation": [
        [
            -1.2652626928399968e-05,
            4.693807843575426e-05,
            -0.00022986538984744718,
            -6.442165684302989e-05,
            -0.000629206615957778,
            0.0001408556426263978,
            -1.7896102748368725e-05,
            0.00023538865134867509,
            0.00015843326238954882,
            0.0003047653286355999,
            0.00026111780675963647,
            -6.278072946108671e-05,
            -2.2916688156293663e-06,
            -0.00027413376019289754,
            -0.00033016219675986724,
            -2.3208237145730393e-05,
            2.302506027748314e-05,
            -6.898740142680664e-05,
            3.6770318333455287e-06,
            4.8443361059916466e-05,
            0.00027063866424985317,
            4.033627675443808e-05,
            -3.8901468922415694e-05,
            1.5069355814845836e-05,
            -0.00018069278484721119,
            0.00045023628679429634,
            -0.0002628622929291072,
            -0.0005584663303332496,
            0.00017542319227663306,
            -3.506778401739241e-05,
            0.0001934895313226992,
            0.0003172499031830478,
            0.0003294147112756086,
            -7.770439703187748e-05,
            0.00010864599851280899,
            -7.788179809921619e-05,
            -0.0005037299476772089,
            5.761137290240595e-05,
            -1.3558416928278246e-06,
            0.00014001038539040534,
            1.880021993292194e-05,
            9.46845049215302e-05,
            -1.7641094674839247e-05,
            -0.00010824554358151821,
            6.805010065166848e-05,
            0.0002137300262214474,
            1.68783328714419e-05,
            0.00014961819754416572,
            1.6674892844787195e-06,
            -4.742428616472116e-05,
            -1.674693785386292e-05,
            -5.087449307298805e-06,
            -5.610544804496645e-05,
            9.367661273081834e-05,
            1.7473140370850848e-05,
            2.3917545802699947e-05,
            -0.00014578796915518978,
            -0.004963143601997455,
            -0.00012895386056078258,
            -0.00012895,
            5.80889698591165e-07
        ],
        [
            0.0001,
            0.0001,
            0.0014306409894040875,
            0.0001,
            0.0001,
            0.0001,
            0.0001,
            0.0007824484980601075,
            0.0001,
            0.0001,
            0.0001,
            0.0014147776935589669,
            0.0001,
            0.0001,
            0.0001,
            0.0001,
            0.0001,
            0.0001,
            0.0001,
            0.0001,
            0.0001,
            0.0001,
            0.0001,
            0.0003899773058596117,
            0.0001,
            0.0001,
            0.0001,
            0.0001,
            0.0001,
            0.0001,
            0.0001,
            0.0001,
            0.0001,
            0.0001,
            0.0001,
            0.0001,
            0.0001,
            0.0001,
            0.0001,
            0.0001,
            0.0008863334825044086,
            0.0010017659682087796,
            0.000715869671439773,
            0.0001,
            0.0001,
            0.0001,
            0.0001,
            0.0001,
            0.0001,
            0.0001,
            0.0001,
            0.0001,
            0.0001,
            0.0001,
            0.0001,
            0.0001,
            0.0001,
            0.0001,
            0.0001,
            0.0001,
            0.0001
        ],
        [
            23.661457592585716,
            23.433692082074096,
            23.204603956682213,
            22.97598248392629,
            22.747105650837746,
            22.51867706940522,
            22.288903606935666,
            22.059153718579843,
            21.828819792837294,
            21.5981712838934,
            21.366998721768283,
            21.134695267293598,
            20.901310339609065,
            20.667337910640317,
            20.432381234389695,
            20.19597783193072,
            19.958497189182278,
            19.719712452366824,
            19.47938921358689,
            19.23741798811276,
            18.99402640669907,
            18.748324116895663,
            18.500826133607767,
            18.250299272534217,
            17.999614824947905,
            17.74502547544966,
            17.487432325432,
