{
    "T": [
        90.0,
        91.0,
        92.0,
        93.0,
        94.0,
        95.0,
        96.0,
        97.0,
        98.0,
        99.0,
        100.0,
        101.0,
        102.0,
        103.0,
        104.0,
        105.0,
        106.0,
        107.0,
        108.0,
        109.0,
        110.0,
        111.0,
        112.0,
        113.0,
        114.0,
        115.0,
        116.0,
        117.0,
        118.0,
        119.0,
        120.0,
        121.0,
        122.0,
        123.0,
        124.0,
        125.0,
        126.0,
        127.0,
        128.0,
        129.0,
        130.0,
        131.0,
        132.0,
        133.0,
        134.0,
        135.0,
        136.0,
        137.0,
        138.0,
        139.0,
        140.0,
        141.0,
        142.0,
        143.0,
        144.0,
        145.0,
        146.0,
        147.0,
        148.0,
        149.0,
        150.0
    ],
    "vevDepthReal": [
        -788067.1567833422,
        -766525.4926150134,
        -745363.019951202,
        -724576.0122373387,
        -704161.0576681072,
        -684115.0412593847,
        -664435.1287830701,
        -645118.7541082262,
        -626163.60672081,
        -607567.6191928682,
        -589328.9586018027,
        -571446.0242566542,
        -553917.3862957135,
        -536741.879970856,
        -519918.4761896611,
        -503446.37055694265,
        -487324.92383236496,
        -471553.67389506125,
        -456132.326326137,
        -441060.7487895501,
        -426338.9655154415,
        -411967.1553742432,
        -397945.649744199,
        -384274.9170943504,
        -370955.57808038435,
        -357988.3895509754,
        -345374.2466221612,
        -333114.1971627506,
        -321209.40270733275,
        -309661.18790631037,
        -298470.9911516616,
        -287640.40883972315,
        -277171.1718585324,
        -267065.1588621113,
        -257324.3905396124,
        -247951.06593451984,
        -238947.5126801494,
        -230316.24213028015,
        -222059.953854043,
        -214181.52216523423,
        -206684.0408961049,
        -199570.81957458047,
        -192845.40655600192,
        -186511.6694655621,
        -180573.7209191292,
        -175036.0713636167,
        -169903.63278787964,
        -165181.80493265757,
        -160876.57624343887,
        -156994.66478608188,
        -153543.6883061512,
        -150532.51032884506,
        -147971.773355994,
        -145874.26962667124,
        -144256.80841833822,
        -143142.8105072167,
        -142569.9580020446,
        -142675.7435794321,
        -143795.77575886945,
        -144984.19933598867,
        -146237.60895923697
    ],
    "vevDepthImag": [
        0.0,
        0.0,
        0.0,
        0.0,
        0.0,
        0.0,
        0.0,
        0.0,
        0.0,
        0.0,
        0.0,
        0.0,
        0.0,
        0.0,
        0.0,
        0.0,
        0.0,
        0.0,
        0.0,
        0.0,
        0.0,
        0.0,
        0.0,
        0.0,
        0.0,
        0.0,
        0.0,
        0.0,
        0.0,
        0.0,
        0.0,
        0.0,
        0.0,
        0.0,
        0.0,
        0.0,
        0.0,
        0.0,
        0.0,
        0.0,
        0.0,
        0.0,
        0.0,
        0.0,
        0.0,
        0.0,
        0.0,
        0.0,
        0.0,
        0.0,
        0.0,
        0.0,
        0.0,
        0.0,
        0.0,
        0.0,
        0.0,
        0.0,
        0.0,
        0.0,
        0.0
    ],
    "vevLocation": [
        [
            0.0001542104688593733,
            -0.00019602513833721913,
            0.00042491613291336,
            0.00022991889438150892,
            -0.00031599828624540027,
            0.00014615673506171813,
            1.8298795160659465e-06,
            7.978725014334831e-05,
            0.00023907273790759712,
            -0.0013059920726433839,
            0.0004060311865984323,
            1.1293252426459403e-05,
            0.0009609150793323236,
            -0.00011150883594385208,
            -0.0003153210592879707,
            0.0003567923265666295,
            3.152684206381509e-05,
            1.1867002417252637e-05,
            7.681659976052657e-05,
            4.723951710528189e-05,
            5.200056615411375e-05,
            0.0007070659862915547,
            0.000117456077917924,
            -0.0002469812949070574,
            2.3785023610983953e-06,
            0.0004254680946261403,
            0.0010081830555739163,
            -0.00019484112261561326,
            0.0012690698881978255,
            0.00019523322624288852,
            0.00035366661895002175,
            -1.1145340663720488e-06,
            -8.004093495458942e-05,
            7.417482734195513e-06,
            -0.0002767042466493841,
            0.0006176701349890727,
            3.6022240348376755e-06,
            -1.500190029412804e-05,
            0.00039974462486558685,
            0.0007238524900106524,
            0.00017412048528776813,
            0.00019893101972723749,
            -0.0007970478041095172,
            5.187839858818155e-06,
            1.241340970768029e-06,
            2.7871199785783028e-05,
            6.112648152992173e-07,
            -0.00024189784239710133,
            0.00014591495605062628,
            -5.2598846134177535e-05,
            0.0019988255627809287,
            0.0014471099622867557,
            2.340605826892106e-06,
            5.926116043697763e-05,
            2.054160194455215e-05,
            -2.924333749524527e-05,
            0.0006872935628277194,
            0.028876356922417884,
            -0.0004388970042290552,
            0.00012810750534264503,
            6.606451213971194e-05
        ],
        [
            0.00038197406614933686,
            0.0001,
            0.0001,
            0.0001,
            0.0001,
            0.0001,
            0.0001,
            0.0001,
            0.0001,
            0.0001,
            0.0017134327145084706,
            0.0001,
            0.0001,
            0.0001,
            0.0001,
            0.0001,
            0.0001,
            0.0001,
            0.0001,
            0.0001,
            0.0005451206188012701,
            0.0001,
            0.0001,
            0.0001,
            0.0001,
            0.0001,
            0.0001,
            0.0001,
            0.0001,
            0.0001,
            0.0001,
            0.0001,
            0.0001,
            0.0001,
            0.0001,
            0.0001,
            0.0001,
            0.0009137431071251888,
            0.0001,
            0.0001,
            0.0001,
            0.0001,
            0.0001,
            0.0001,
            0.0001,
            0.0001,
            0.0001,
            0.0001,
            0.0004691390447871631,
            0.0001,
            0.0001,
            0.003614579749004614,
            0.0001,
            0.0001,
            0.0001,
            0.0001,
            0.00013915889128581388,
            0.0001,
            0.0001,
            0.0001,
            0.0001
        ],
        [
            23.665955853619124,
            23.43804243086875,
            23.2094419640226,
            22.980119951506577,
            22.75247865627701,
            22.523506771761763,
            22.293946067209475,
            22.064417543270654,
            21.833863987751013,
            21.60366233053804,
            21.372616383929564,
            21.140577693755798,
            20.90896697939477,
            20.674271493029146,
            20.438684321503132,
            20.203221380817567,
            19.966139029641127,
            19.72762129038262,
            19.487722771413424,
            19.246063642289457,
            19.002773301900586,
            18.757290518456998,
            18.510604324982108,
            18.261666238182013,
            18.009909794120627,
            17.75586455178458,
            17.500265439126554,
            17.24096209417896,
            16.97799434685988,
