{
    "T": [
        90.0,
        91.0,
        92.0,
        93.0,
        94.0,
        95.0,
        96.0,
        97.0,
        98.0,
        99.0,
        100.0,
        101.0,
        102.0,
        103.0,
        104.0,
        105.0,
        106.0,
        107.0,
        108.0,
        109.0,
        110.0,
        111.0,
        112.0,
        113.0,
        114.0,
        115.0,
        116.0,
        117.0,
        118.0,
        119.0,
        120.0,
        121.0,
        122.0,
        123.0,
        124.0,
        125.0,
        126.0,
        127.0,
        128.0,
        129.0,
        130.0,
        131.0,
        132.0,
        133.0,
        134.0,
        135.0,
        136.0,
        137.0,
        138.0,
        139.0,
        140.0,
        141.0,
        142.0,
        143.0,
        144.0,
        145.0,
        146.0,
        147.0,
        148.0,
        149.0,
        150.0
    ],
    "vevDepthReal": [
        -788205.7939538272,
        -766633.0463951251,
        -745440.3205156415,
        -724624.0713766607,
        -704180.9542142489,
        -684108.0776423245,
        -664402.7074494663,
        -645062.3245323335,
        -626084.7093188667,
        -607467.8979160864,
        -589210.0305110033,
        -571309.5973565811,
        -553765.3033759117,
        -536575.7384247419,
        -519740.1019426437,
        -503257.3643258903,
        -487127.10295023135,
        -471348.75744369027,
        -455921.9403924528,
        -440846.46934133756,
        -426122.3196168271,
        -411749.60951809195,
        -397728.5797945408,
        -384059.7053036728,
        -370743.47237785213,
        -357780.58068122074,
        -345171.8384855031,
        -332918.14139686036,
        -321020.5650006047,
        -309480.44423897663,
        -298298.9991632377,
        -287477.7766214814,
        -277018.4174919352,
        -266922.66945590335,
        -257192.50220693002,
        -247829.94752008494,
        -238837.27304159466,
        -230216.89155501808,
        -221971.4139594339,
        -214103.60109195946,
        -206616.47942334905,
        -199513.250056181,
        -192797.43240454135,
        -186472.75015714415,
        -180543.29929677577,
        -175013.51189573773,
        -169888.22998613585,
        -165172.8012455871,
        -160873.1860772128,
        -156996.0413580257,
        -153548.99739990183,
        -150540.87198971672,
        -147982.17073960754,
        -145885.82102379337,
        -144268.5557826624,
        -143153.75212424356,
        -142578.96453377398,
        -142811.5328002607,
        -143904.13153665187,
        -145614.1123467056,
        -146905.10509394796
    ],
    "vevDepthImag": [
        0.0,
        0.0,
        0.0,
        0.0,
        0.0,
        0.0,
        0.0,
        0.0,
        0.0,
        0.0,
        0.0,
        0.0,
        0.0,
        0.0,
        0.0,
        0.0,
        0.0,
        0.0,
        0.0,
        0.0,
        0.0,
        0.0,
        0.0,
        0.0,
        0.0,
        0.0,
        0.0,
        0.0,
        0.0,
        0.0,
        0.0,
        0.0,
        0.0,
        0.0,
        0.0,
        0.0,
        0.0,
        0.0,
        0.0,
        0.0,
        0.0,
        0.0,
        0.0,
        0.0,
        0.0,
        0.0,
        0.0,
        0.0,
        0.0,
        0.0,
        0.0,
        0.0,
        0.0,
        0.0,
        0.0,
        0.0,
        0.0,
        0.0,
        0.0,
        0.0,
        0.0
    ],
    "vevLocation": [
        [
            -0.00024138787276545282,
            0.0007815092730654727,
            -0.002555698757081978,
            0.00015060688608423134,
            -0.0008743686036291817,
            0.000577516549376356,
            -0.0010718154427920568,
            -0.0002393228883526546,
            2.423963655968659e-05,
            0.00036869285929560375,
            0.001432208755696919,
            0.0017358208224925262,
            -0.0007574619634421985,
            0.00023195496373087932,
            0.0006604905915374784,
            9.787288050494244e-05,
            0.0012812090861273745,
            -0.0011534582533572202,
            -0.0014535142577786764,
            0.0002458377771229949,
            0.0001257346174163997,
            0.0011338449550213608,
            0.0008583599480082235,
            2.722050061391805e-06,
            0.0002681193748719779,
            -0.00020163346932111637,
            0.0008980239945222124,
            -3.955652304288293e-05,
            -0.0008061567766023178,
            -1.0480804832346813e-05,
            0.00011769280447569697,
            0.00040726648447786395,
            0.0008196861893818852,
            0.0005871342565609283,
            -4.934519921005395e-05,
            0.000523245201839275,
            -0.0004525951133710626,
            -0.0006994411726409105,
            9.599479922791504e-05,
            4.072079485897828e-05,
            6.70271167652059e-05,
            -0.0001267962756809531,
            -0.0008168889341238425,
            -6.642938552256505e-05,
            -2.7582042301438348e-05,
            -1.0011279008598217e-05,
            4.805459121481198e-05,
            -6.072902529047353e-06,
            -0.0009179353054576448,
            -0.00014594534006581728,
            -0.0003435397083885461,
            -0.00017643719250840136,
            0.00033178130614922724,
            0.0003516811266081679,
            -0.0001306125463989838,
            -0.00037072357031979475,
            -0.0004573693583348635,
            0.015274546608571596,
            0.01527455,
            0.00618198593494225,
            0.00618199
        ],
        [
            0.0001,
            0.0001,
            0.003974525779862995,
            0.0001,
            0.0001,
            0.0001,
            0.0001,
            0.0002794243583277946,
            0.0001,
            0.0014519191199879988,
            0.0001,
            0.0001,
            0.0001,
            0.000836417431622189,
            0.0001,
            0.005523797778546826,
            0.002330915273632823,
            0.000600185960874559,
            0.0001,
            0.0001,
            0.0006828606663678168,
            0.0019681697333297716,
            0.0001,
            0.0001,
            0.0001,
            0.0001,
            0.0001,
            0.0001,
            0.00045807523977835094,
            0.0001,
            0.0001,
            0.0001,
            0.0001,
            0.0001,
            0.0001,
            0.0001,
            0.0001,
            0.0001,
            0.0001,
            0.0001,
            0.0001,
            0.0001,
            0.0001,
            0.0001,
            0.0001,
            0.0001,
            0.0001,
            0.0001,
            0.0006214742079420525,
            0.0001,
            0.0001,
            0.0011867807360609398,
            0.0001,
            0.0001,
            0.0008091930062259973,
            0.0001,
            0.0001,
            0.008415705437651064,
            0.0021789275,
            0.0001,
            0.0001
        ],
        [
            23.667607175089056,
            23.439977753594057,
            23.211781862149227,
            22.980955474084446,
            22.752992463536295,
            22.52315550708317,
            22.294190247451546,
            22.063455568221464,
            21.833450342873306,
            21.60198825491378,
            21.37121976568943,
            21.13783653146159,
            20.905407842704065,
            20.67100183016398,
            20.43625379845002,
            20.199880580926475,
            19.963231771340386,
            19.724171527141955,
            19.48279804710307,
            19.242550664176665,
            18.998604521644594,
            18.75282943429544,
            18.505358247199744,
            18.257206349896155,
            18.004968818400624,
            17.750759923555428,
