{
    "T": [
        90.0,
        91.0,
        92.0,
        93.0,
        94.0,
        95.0,
        96.0,
        97.0,
        98.0,
        99.0,
        100.0,
        101.0,
        102.0,
        103.0,
        104.0,
        105.0,
        106.0,
        107.0,
        108.0,
        109.0,
        110.0,
        111.0,
        112.0,
        113.0,
        114.0,
        115.0,
        116.0,
        117.0,
        118.0,
        119.0,
        120.0,
        121.0,
        122.0,
        123.0,
        124.0,
        125.0,
        126.0,
        127.0,
        128.0,
        129.0,
        130.0,
        131.0,
        132.0,
        133.0,
        134.0,
        135.0,
        136.0,
        137.0,
        138.0,
        139.0,
        140.0,
        141.0,
        142.0,
        143.0,
        144.0,
        145.0,
        146.0,
        147.0,
        148.0,
        149.0,
        150.0,
        151.0,
        152.0,
        153.0,
        154.0,
        155.0,
        156.0,
        157.0,
        158.0,
        159.0,
        160.0,
        161.0,
        162.0,
        163.0,
        164.0,
        165.0,
        166.0,
        167.0,
        168.0,
        169.0,
        170.0,
        171.0,
        172.0,
        173.0,
        174.0,
        175.0,
        176.0,
        177.0,
        178.0,
        179.0
    ],
    "vevDepthReal": [
        -531923.4109183168,
        -518886.22492934373,
        -506110.2640150071,
        -493589.4551116887,
        -481318.4065361247,
        -469291.79984787107,
        -457504.7079732462,
        -445951.7220491402,
        -434630.36099663586,
        -423534.3137748078,
        -412660.2333137509,
        -402004.17808665335,
        -391562.4751752797,
        -381331.60747806984,
        -371308.2507003529,
        -361489.2165970657,
        -351871.4596187751,
        -342452.1905125617,
        -333228.5844126214,
        -324198.0858286822,
        -315358.2221928594,
        -306706.645879453,
        -298241.1342601389,
        -289959.5751132873,
        -281859.96819645056,
        -273940.41045912256,
        -266199.11183942325,
        -258634.36344034312,
        -251244.54263906443,
        -244028.17564622095,
        -236983.78164489593,
        -230110.02097857997,
        -223405.62650901944,
        -216869.39754250337,
        -210500.21255138417,
        -204297.01964574985,
        -198258.83682917609,
        -192384.75262259826,
        -186673.90558281777,
        -181125.528115139,
        -175738.87567397256,
        -170513.28520236202,
        -165448.14678440292,
        -160542.9055643046,
        -155797.06343683344,
        -151210.17221085873,
        -146781.83824951478,
        -142511.71767241112,
        -138399.51817986337,
        -134444.99497193683,
        -130647.95274991677,
        -127008.2401149333,
        -123525.74905147744,
        -120200.47353170447,
        -117032.3500857658,
        -114021.44276237756,
        -111167.82383244205,
        -108471.6589597156,
        -105933.09776328389,
        -103552.37961459739,
        -101329.78093851286,
        -99265.62792203673,
        -97360.29602686237,
        -95614.22442365238,
        -94027.88703663903,
        -92601.82968470703,
        -91336.64814817428,
        -90233.02952929423,
        -89291.67868325116,
        -88513.42707189899,
        -87899.14365189245,
        -87449.81735745771,
        -87166.5155989805,
        -87050.42963252704,
        -87102.86551246064,
        -87325.28547478293,
        -87719.32309268713,
        -88286.82144424613,
        -89029.88115725704,
        -89950.82878269603,
        -91052.82089711424,
        -92338.99478829619,
        -93813.69927594467,
        -95482.46216233227,
        -97352.93443652483,
        -99437.03863645723,
        -101773.87889650682,
        -104662.25373854437,
        -107625.2247210853,
        -110661.66108840927
    ],
    "vevDepthImag": [
        0.0,
        0.0,
        0.0,
        0.0,
        0.0,
        0.0,
        0.0,
        0.0,
        0.0,
        0.0,
        0.0,
        0.0,
        0.0,
        0.0,
        0.0,
        0.0,
        0.0,
        0.0,
        0.0,
        0.0,
        0.0,
        0.0,
        0.0,
        0.0,
        0.0,
        0.0,
        0.0,
        0.0,
        0.0,
        0.0,
        0.0,
        0.0,
        0.0,
        0.0,
        0.0,
        0.0,
        0.0,
        0.0,
        0.0,
        0.0,
        0.0,
        0.0,
        0.0,
        0.0,
        0.0,
        0.0,
        0.0,
        0.0,
        0.0,
        0.0,
        0.0,
        0.0,
        0.0,
        0.0,
        0.0,
        0.0,
        0.0,
        0.0,
        0.0,
        0.0,
        0.0,
        0.0,
        0.0,
        0.0,
        0.0,
        0.0,
        0.0,
        0.0,
        0.0,
        0.0,
        0.0,
        0.0,
        0.0,
        0.0,
        0.0,
        0.0,
        0.0,
        0.0,
        0.0,
        0.0,
        0.0,
        0.0,
        0.0,
        0.0,
        0.0,
        0.0,
        0.0,
        0.0,
        0.0,
        0.0
    ],