{
    "T": [
        90.0,
        91.0,
        92.0,
        93.0,
        94.0,
        95.0,
        96.0,
        97.0,
        98.0,
        99.0,
        100.0,
        101.0,
        102.0,
        103.0,
        104.0,
        105.0,
        106.0,
        107.0,
        108.0,
        109.0,
        110.0,
        111.0,
        112.0,
        113.0,
        114.0,
        115.0,
        116.0,
        117.0,
        118.0,
        119.0,
        120.0,
        121.0,
        122.0,
        123.0,
        124.0,
        125.0,
        126.0,
        127.0,
        128.0,
        129.0,
        130.0,
        131.0,
        132.0,
        133.0,
        134.0,
        135.0,
        136.0,
        137.0,
        138.0,
        139.0,
        140.0,
        141.0,
        142.0,
        143.0,
        144.0,
        145.0,
        146.0,
        147.0,
        148.0,
        149.0,
        150.0,
        151.0,
        152.0,
        153.0,
        154.0,
        155.0,
        156.0,
        157.0,
        158.0,
        159.0,
        160.0,
        161.0,
        162.0,
        163.0,
        164.0,
        165.0,
        166.0,
        167.0,
        168.0,
        169.0,
        170.0,
        171.0,
        172.0,
        173.0,
        174.0,
        175.0,
        176.0,
        177.0,
        178.0,
        179.0
    ],
    "vevDepthReal": [
        -531815.7982967753,
        -518778.16806769604,
        -506001.5150402845,
        -493480.1889621483,
        -481208.5651845599,
        -469181.3694360786,
        -457393.8864618,
        -445840.7416261196,
        -434516.76048635546,
        -423422.24553789705,
        -412547.68289157195,
        -401891.27891440084,
        -391449.1736879557,
        -381211.048023975,
        -371194.5397597695,
        -361375.2709264947,
        -351757.32633026945,
        -342337.84030525066,
        -333114.0926306738,
        -324083.4681881974,
        -315243.50728053367,
        -306591.86683217407,
        -298126.3221910579,
        -289844.75247297605,
        -281745.18330997945,
        -273825.6916775048,
        -266084.4858187515,
        -258519.86557874113,
        -251130.22209440454,
        -243914.03570013904,
        -236869.8720246924,
        -229996.37900475203,
        -223292.2843808715,
        -216756.39231166994,
        -210387.58125671197,
        -204184.80001895383,
        -198147.04552968327,
        -192273.45864905196,
        -186563.1544678197,
        -181015.3334265486,
        -175629.28951928808,
        -170404.34298673065,
        -165339.89159146257,
        -160435.38381926506,
        -155690.31322036672,
        -151104.23764100164,
        -146676.76125170357,
        -142407.54675908925,
        -138296.29650076228,
        -134342.7690240887,
        -130546.76546586167,
        -126908.15116858568,
        -123426.81549027166,
        -120102.70783105968,
        -116935.8258804342,
        -113926.2074420578,
        -111073.93526968564,
        -108379.16129517084,
        -105842.05393429447,
        -103462.84271561337,
        -101241.80805891851,
        -99179.278263642,
        -97275.6318621453,
        -95531.30064733226,
        -93946.77086529811,
        -92522.58602485986,
        -91259.34116413214,
        -90157.73048546028,
        -89218.46079663631,
        -88442.35892836943,
        -87830.30862767462,
        -87383.28586917672,
        -87102.38068865641,
        -86988.77492316988,
        -87043.78479317106,
        -87268.87719923422,
        -87665.67222330954,
        -88236.08520182534,
        -88982.16658894447,
        -89906.37551803103,
        -91011.58135316095,
        -92301.24979878016,
        -93779.67184077254,
        -95452.43490938544,
        -97327.30682263228,
        -99416.40690837806,
        -101773.87919642939,
        -104662.24839664133,
        -107625.22474387349,
        -110661.66670523964
    ],
    "vevDepthImag": [
        0.0,
        0.0,
        0.0,
        0.0,
        0.0,
        0.0,
        0.0,
        0.0,
        0.0,
        0.0,
        0.0,
        0.0,
        0.0,
        0.0,
        0.0,
        0.0,
        0.0,
        0.0,
        0.0,
        0.0,
        0.0,
        0.0,
        0.0,
        0.0,
        0.0,
        0.0,
        0.0,
        0.0,
        0.0,
        0.0,
        0.0,
        0.0,
        0.0,
        0.0,
        0.0,
        0.0,
        0.0,
        0.0,
        0.0,
        0.0,
        0.0,
        0.0,
        0.0,
        0.0,
        0.0,
        0.0,
        0.0,
        0.0,
        0.0,
        0.0,
        0.0,
        0.0,
        0.0,
        0.0,
        0.0,
        0.0,
        0.0,
        0.0,
        0.0,
        0.0,
        0.0,
        0.0,
        0.0,
        0.0,
        0.0,
        0.0,
        0.0,
        0.0,
        0.0,
        0.0,
        0.0,
        0.0,
        0.0,
        0.0,
        0.0,
        0.0,
        0.0,
        0.0,
        0.0,
        0.0,
        0.0,
        0.0,
        0.0,
        0.0,
        0.0,
        0.0,
        0.0,
        0.0,
        0.0,
        0.0
    ],