{
    "T": [
        90.0,
        91.0,
        92.0,
        93.0,
        94.0,
        95.0,
        96.0,
        97.0,
        98.0,
        99.0,
        100.0,
        101.0,
        102.0,
        103.0,
        104.0,
        105.0,
        106.0,
        107.0,
        108.0,
        109.0,
        110.0,
        111.0,
        112.0,
        113.0,
        114.0,
        115.0,
        116.0,
        117.0,
        118.0,
        119.0,
        120.0,
        121.0,
        122.0,
        123.0,
        124.0,
        125.0,
        126.0,
        127.0,
        128.0,
        129.0,
        130.0,
        131.0,
        132.0,
        133.0,
        134.0,
        135.0,
        136.0,
        137.0,
        138.0,
        139.0,
        140.0,
        141.0,
        142.0,
        143.0,
        144.0,
        145.0,
        146.0,
        147.0,
        148.0,
        149.0,
        150.0,
        151.0,
        152.0,
        153.0,
        154.0,
        155.0,
        156.0,
        157.0,
        158.0,
        159.0,
        160.0,
        161.0,
        162.0,
        163.0,
        164.0,
        165.0,
        166.0,
        167.0,
        168.0,
        169.0,
        170.0,
        171.0,
        172.0,
        173.0,
        174.0,
        175.0,
        176.0,
        177.0,
        178.0,
        179.0
    ],
    "vevDepthReal": [
        -531922.7026781267,
        -518886.2249429935,
        -506110.24745591974,
        -493589.4551116893,
        -481317.98331370216,
        -469291.77837699646,
        -457504.61585462,
        -445951.72204583226,
        -434490.12991856056,
        -423527.0262262651,
        -412553.5161438824,
        -401559.93193428393,
        -391562.47517527896,
        -381259.4435312952,
        -371308.25131001155,
        -361488.80756832636,
        -351871.2495404585,
        -342346.5884420632,
        -332812.45325540495,
        -324197.9341694244,
        -315357.77140251035,
        -306597.7599490003,
        -297832.2094880698,
        -289060.6663064572,
        -280282.7091278108,
        -271497.981542586,
        -266199.0992020472,
        -258634.33828978572,
        -251244.53537589856,
        -244028.1753048247,
        -236983.781645773,
        -230110.01397252094,
        -223405.62518010882,
        -216869.39322352543,
        -210499.99370241354,
        -204297.01843927734,
        -198258.8381717196,
        -192384.738850975,
        -186673.9119788972,
        -181125.42371665352,
        -175698.47496913845,
        -170513.27913030976,
        -165448.0620523175,
        -160472.40255391094,
        -155797.06343683554,
        -151210.17234127645,
        -146781.83757928162,
        -142511.68402246782,
        -138359.2422569339,
        -134444.99496839708,
        -130609.29763390379,
        -127008.22322256767,
        -123525.74905153271,
        -120200.47351053455,
        -117023.53387757028,
        -114021.43483208542,
        -111167.82220813193,
        -108471.65439957203,
        -105933.05680962023,
        -103491.47824626803,
        -101329.73876026244,
        -99265.62358168303,
        -97360.29501873656,
        -95614.21829677721,
        -94027.88169969284,
        -92601.78734933509,
        -91336.58197418075,
        -90233.02952929407,
        -89291.6786832514,
        -88513.42707189913,
        -87899.14647405142,
        -87449.8179538899,
        -87166.5155989693,
        -87050.42963252688,
        -87102.86551246113,
        -87325.2854747825,
        -87719.3218217801,
        -88286.82144306577,
        -89029.88115687149,
        -89950.82878299321,
        -91052.82089711489,
        -92338.99377338104,
        -93813.69927593676,
        -95482.46216231842,
        -97352.942876669,
        -99437.03863645693,
        -101773.87886997646,
        -104662.25242832044,
        -107625.22886162286,
        -110661.6696018657
    ],
    "vevDepthImag": [
        0.0,
        0.0,
        0.0,
        0.0,
        0.0,
        0.0,
        0.0,
        0.0,
        0.0,
        0.0,
        0.0,
        0.0,
        0.0,
        0.0,
        0.0,
        0.0,
        0.0,
        0.0,
        0.0,
        0.0,
        0.0,
        0.0,
        0.0,
        0.0,
        0.0,
        0.0,
        0.0,
        0.0,
        0.0,
        0.0,
        0.0,
        0.0,
        0.0,
        0.0,
        0.0,
        0.0,
        0.0,
        0.0,
        0.0,
        0.0,
        0.0,
        0.0,
        0.0,
        0.0,
        0.0,
        0.0,
        0.0,
        0.0,
        0.0,
        0.0,
        0.0,
        0.0,
        0.0,
        0.0,
        0.0,
        0.0,
        0.0,
        0.0,
        0.0,
        0.0,
        0.0,
        0.0,
        0.0,
        0.0,
        0.0,
        0.0,
        0.0,
        0.0,
        0.0,
        0.0,
        0.0,
        0.0,
        0.0,
        0.0,
        0.0,
        0.0,
        0.0,
        0.0,
        0.0,
        0.0,
        0.0,
        0.0,
        0.0,
        0.0,
        0.0,
        0.0,
        0.0,
        0.0,
        0.0,
        0.0
    ],