{
    "T": [
        90.0,
        91.0,
        92.0,
        93.0,
        94.0,
        95.0,
        96.0,
        97.0,
        98.0,
        99.0,
        100.0,
        101.0,
        102.0,
        103.0,
        104.0,
        105.0,
        106.0,
        107.0,
        108.0,
        109.0,
        110.0,
        111.0,
        112.0,
        113.0,
        114.0,
        115.0,
        116.0,
        117.0,
        118.0,
        119.0,
        120.0,
        121.0,
        122.0,
        123.0,
        124.0,
        125.0,
        126.0,
        127.0,
        128.0,
        129.0,
        130.0,
        131.0,
        132.0,
        133.0,
        134.0,
        135.0,
        136.0,
        137.0,
        138.0,
        139.0,
        140.0,
        141.0,
        142.0,
        143.0,
        144.0,
        145.0,
        146.0,
        147.0,
        148.0,
        149.0,
        150.0,
        151.0,
        152.0,
        153.0,
        154.0,
        155.0,
        156.0,
        157.0,
        158.0,
        159.0,
        160.0,
        161.0,
        162.0,
        163.0,
        164.0,
        165.0,
        166.0,
        167.0,
        168.0,
        169.0,
        170.0,
        171.0,
        172.0,
        173.0,
        174.0,
        175.0,
        176.0,
        177.0,
        178.0,
        179.0
    ],
    "vevDepthReal": [
        -531815.7982967873,
        -518778.1680681334,
        -506001.5343580073,
        -493480.18909366924,
        -481208.56518456177,
        -469181.3615171636,
        -457393.88646178896,
        -445840.7416261163,
        -434516.7604742936,
        -423422.2049706914,
        -412547.6828915776,
        -401891.27891711774,
        -391449.1736866406,
        -381211.048024379,
        -371194.5397836814,
        -361375.27092649316,
        -351757.3263400228,
        -342337.76166272524,
        -333114.0926306742,
        -324083.4682524279,
        -315243.50727824186,
        -306591.8668337558,
        -298126.3221908762,
        -289844.75247297453,
        -281745.1833105834,
        -273825.65457529825,
        -266084.4858187214,
        -258519.86562791807,
        -251130.22061473544,
        -243914.03295150844,
        -236869.87208508415,
        -229996.37900476367,
        -223292.28424405184,
        -216756.3923116743,
        -210387.58116945252,
        -204184.77367379147,
        -198147.06057407617,
        -192273.46186316718,
        -186563.15446782217,
        -181015.33663841235,
        -175629.28886944804,
        -170404.34526294313,
        -165339.89426150243,
        -160435.38381926445,
        -155690.31336667342,
        -151104.23760172265,
        -146676.76125300772,
        -142407.5448723116,
        -138296.29650076173,
        -134342.76910713286,
        -130546.76546586044,
        -126908.15168498697,
        -123426.81546541413,
        -120102.70803432049,
        -116935.82253867819,
        -113926.20062984627,
        -111073.9352696864,
        -108379.163594511,
        -105842.05391262838,
        -103462.84250398842,
        -101241.80806049927,
        -99179.27826364194,
        -97275.63186214493,
        -95531.2948389736,
        -93946.77085941046,
        -92522.58602485937,
        -91259.34116413235,
        -90157.73047358476,
        -89218.46079680353,
        -88442.35892837058,
        -87830.30862767441,
        -87383.28586917742,
        -87102.38068864938,
        -86988.77492316942,
        -87043.78166521089,
        -87268.87842792763,
        -87665.6722233099,
        -88236.08491683209,
        -88982.16658894443,
        -89906.37551798623,
        -91011.58135316851,
        -92301.24169581039,
        -93779.67184077241,
        -95452.4349093853,
        -97327.3084254265,
        -99416.40690837833,
        -101773.87908942049,
        -104662.24900199904,
        -107625.22466569097,
        -110661.66289259035
    ],
    "vevDepthImag": [
        0.0,
        0.0,
        0.0,
        0.0,
        0.0,
        0.0,
        0.0,
        0.0,
        0.0,
        0.0,
        0.0,
        0.0,
        0.0,
        0.0,
        0.0,
        0.0,
        0.0,
        0.0,
        0.0,
        0.0,
        0.0,
        0.0,
        0.0,
        0.0,
        0.0,
        0.0,
        0.0,
        0.0,
        0.0,
        0.0,
        0.0,
        0.0,
        0.0,
        0.0,
        0.0,
        0.0,
        0.0,
        0.0,
        0.0,
        0.0,
        0.0,
        0.0,
        0.0,
        0.0,
        0.0,
        0.0,
        0.0,
        0.0,
        0.0,
        0.0,
        0.0,
        0.0,
        0.0,
        0.0,
        0.0,
        0.0,
        0.0,
        0.0,
        0.0,
        0.0,
        0.0,
        0.0,
        0.0,
        0.0,
        0.0,
        0.0,
        0.0,
        0.0,
        0.0,
        0.0,
        0.0,
        0.0,
        0.0,
        0.0,
        0.0,
        0.0,
        0.0,
        0.0,
        0.0,
        0.0,
        0.0,
        0.0,
        0.0,
        0.0,
        0.0,
        0.0,
        0.0,
        0.0,
        0.0,
        0.0
    ],