{
    "T": [
        90.0,
        91.0,
        92.0,
        93.0,
        94.0,
        95.0,
        96.0,
        97.0,
        98.0,
        99.0,
        100.0,
        101.0,
        102.0,
        103.0,
        104.0,
        105.0,
        106.0,
        107.0,
        108.0,
        109.0,
        110.0,
        111.0,
        112.0,
        113.0,
        114.0,
        115.0,
        116.0,
        117.0,
        118.0,
        119.0,
        120.0,
        121.0,
        122.0,
        123.0,
        124.0,
        125.0,
        126.0,
        127.0,
        128.0,
        129.0,
        130.0,
        131.0,
        132.0,
        133.0,
        134.0,
        135.0,
        136.0,
        137.0,
        138.0,
        139.0,
        140.0,
        141.0,
        142.0,
        143.0,
        144.0,
        145.0,
        146.0,
        147.0,
        148.0,
        149.0,
        150.0,
        151.0,
        152.0,
        153.0,
        154.0,
        155.0,
        156.0,
        157.0,
        158.0,
        159.0,
        160.0,
        161.0,
        162.0,
        163.0,
        164.0,
        165.0,
        166.0,
        167.0,
        168.0,
        169.0,
        170.0,
        171.0,
        172.0,
        173.0,
        174.0,
        175.0,
        176.0,
        177.0,
        178.0,
        179.0
    ],
    "vevDepthReal": [
        -531917.9760578766,
        -518881.6598823952,
        -506106.4309292486,
        -493586.3556395056,
        -481316.11369171226,
        -469290.3223457979,
        -457504.07928160846,
        -445952.5938800812,
        -434630.78866620985,
        -423535.833296193,
        -412662.85588986543,
        -402007.6078997534,
        -391566.69618253876,
        -381336.5652332647,
        -371313.9372516036,
        -361495.62738715793,
        -351878.5699652139,
        -342459.9047260182,
        -333236.8989379027,
        -324206.9535045152,
        -315367.5980866542,
        -306716.48712738586,
        -298251.3922051856,
        -289970.18812391313,
        -281870.9044128296,
        -273951.61396037956,
        -266210.51501994894,
        -258645.91936248585,
        -251256.2052174364,
        -244039.85570629357,
        -236995.4317304169,
        -230121.58967109944,
        -223417.0472408166,
        -216880.61236980447,
        -210511.16024797183,
        -204307.6454282699,
        -198269.08227991412,
        -192394.55837302172,
        -186683.22439272236,
        -181134.29324164594,
        -175747.0432800288,
        -170520.8071176769,
        -165454.97598138353,
        -160548.99936167826,
        -155802.3794109068,
        -151214.6763462329,
        -146785.49800116502,
        -142514.50438831045,
        -138401.40763239315,
        -134445.9684305748,
        -130647.99665038528,
        -127007.34799110102,
        -123523.93386285343,
        -120197.70170100039,
        -117028.652802465,
        -114016.83408120471,
        -111162.33864751842,
        -108465.30632778813,
        -105925.92520398909,
        -103544.44411511051,
        -101321.13106013223,
        -99256.32699634088,
        -97350.42002692628,
        -95603.84742284795,
        -94017.10384654714,
        -92590.7336241574,
        -91325.36757162541,
        -90221.66353046458,
        -89280.3682042431,
        -88502.30429054576,
        -87888.36534100297,
        -87439.53914769519,
        -87156.9095522522,
        -87041.60684340748,
        -87094.84484150943,
        -87318.07050728863,
        -87712.91163200448,
        -88281.19777424158,
        -89025.03449746124,
        -89946.8198876776,
        -91049.41726422966,
        -92336.22933225629,
        -93811.52427544071,
        -95480.79841749207,
        -97351.70916980407,
        -99436.13965315631,
        -101773.37098520748,
        -104661.7906903759,
        -107624.7831251832,
        -110661.23635514907
    ],
    "vevDepthImag": [
        0.0,
        0.0,
        0.0,
        0.0,
        0.0,
        0.0,
        0.0,
        0.0,
        0.0,
        0.0,
        0.0,
        0.0,
        0.0,
        0.0,
        0.0,
        0.0,
        0.0,
        0.0,
        0.0,
        0.0,
        0.0,
        0.0,
        0.0,
        0.0,
        0.0,
        0.0,
        0.0,
        0.0,
        0.0,
        0.0,
        0.0,
        0.0,
        0.0,
        0.0,
        0.0,
        0.0,
        0.0,
        0.0,
        0.0,
        0.0,
        0.0,
        0.0,
        0.0,
        0.0,
        0.0,
        0.0,
        0.0,
        0.0,
        0.0,
        0.0,
        0.0,
        0.0,
        0.0,
        0.0,
        0.0,
        0.0,
        0.0,
        0.0,
        0.0,
        0.0,
        0.0,
        0.0,
        0.0,
        0.0,
        0.0,
        0.0,
        0.0,
        0.0,
        0.0,
        0.0,
        0.0,
        0.0,
        0.0,
        0.0,
        0.0,
        0.0,
        0.0,
        0.0,
        0.0,
        0.0,
        0.0,
        0.0,
        0.0,
        0.0,
        0.0,
        0.0,
        0.0,
        0.0,
        0.0,
        0.0
    ],