{
    "T": [
        90.0,
        91.0,
        92.0,
        93.0,
        94.0,
        95.0,
        96.0,
        97.0,
        98.0,
        99.0,
        100.0,
        101.0,
        102.0,
        103.0,
        104.0,
        105.0,
        106.0,
        107.0,
        108.0,
        109.0,
        110.0,
        111.0,
        112.0,
        113.0,
        114.0,
        115.0,
        116.0,
        117.0,
        118.0,
        119.0,
        120.0,
        121.0,
        122.0,
        123.0,
        124.0,
        125.0,
        126.0,
        127.0,
        128.0,
        129.0,
        130.0,
        131.0,
        132.0,
        133.0,
        134.0,
        135.0,
        136.0,
        137.0,
        138.0,
        139.0,
        140.0,
        141.0,
        142.0,
        143.0,
        144.0,
        145.0,
        146.0,
        147.0,
        148.0,
        149.0,
        150.0,
        151.0,
        152.0,
        153.0,
        154.0,
        155.0,
        156.0,
        157.0,
        158.0,
        159.0,
        160.0,
        161.0,
        162.0,
        163.0,
        164.0,
        165.0,
        166.0,
        167.0,
        168.0,
        169.0,
        170.0,
        171.0,
        172.0,
        173.0,
        174.0,
        175.0,
        176.0,
        177.0,
        178.0,
        179.0
    ],
    "vevDepthReal": [
        -531923.3956003757,
        -518886.36691332434,
        -506110.3233045214,
        -493589.45513850404,
        -481318.4053449184,
        -469291.79792117624,
        -457504.6390345836,
        -445952.3903497661,
        -434630.3747625778,
        -423534.3395861014,
        -412660.2404483853,
        -402004.0798698226,
        -391562.47555392224,
        -381331.6037838665,
        -371308.24968842405,
        -361489.21964971855,
        -351871.4711349116,
        -342452.1742200897,
        -333228.58147041244,
        -324198.0863684959,
        -315358.22337036754,
        -306706.6464550787,
        -298241.13388367085,
        -289959.5761095602,
        -281859.96081194485,
        -273940.41122365603,
        -266199.11112173076,
        -258634.35988881596,
        -251244.5576914929,
        -244028.1502730935,
        -236983.69817932785,
        -230110.0219976241,
        -223405.6279417119,
        -216869.3990393724,
        -210500.21115297225,
        -204297.0208528492,
        -198258.83761328977,
        -192384.75315592033,
        -186673.91023037126,
        -181125.52909248296,
        -175738.87626005322,
        -170513.2852525242,
        -165448.14748076428,
        -160542.90656441866,
        -155797.0633143229,
        -151210.17305665856,
        -146781.8381098995,
        -142511.7174363163,
        -138399.51883743424,
        -134444.9956417966,
        -130647.95364886336,
        -127008.2319584549,
        -123525.76097562337,
        -120200.47392546434,
        -117032.3521536693,
        -114021.44322929886,
        -111167.83165814047,
        -108471.6554634432,
        -105933.09970019017,
        -103552.38117644752,
        -101329.78136894303,
        -99265.62779934173,
        -97360.2957559138,
        -95614.21669507018,
        -94027.88811954853,
        -92601.83199100138,
        -91336.64964545483,
        -90233.02988334498,
        -89291.68384133866,
        -88513.42535098344,
        -87899.1478484216,
        -87449.81331614773,
        -87166.51499676939,
        -87050.42953709888,
        -87102.86624428892,
        -87325.28473240188,
        -87719.32245947204,
        -88286.82273242265,
        -89029.88107686995,
        -89950.82956381844,
        -91052.82064928318,
        -92338.96627761623,
        -93813.70029600829,
        -95482.46145278508,
        -97352.94487148507,
        -99437.03813913104,
        -101773.87805078719,
        -104662.24368905909,
        -107625.2259281587,
        -110661.65843488892
    ],
    "vevDepthImag": [
        0.0,
        0.0,
        0.0,
        0.0,
        0.0,
        0.0,
        0.0,
        0.0,
        0.0,
        0.0,
        0.0,
        0.0,
        0.0,
        0.0,
        0.0,
        0.0,
        0.0,
        0.0,
        0.0,
        0.0,
        0.0,
        0.0,
        0.0,
        0.0,
        0.0,
        0.0,
        0.0,
        0.0,
        0.0,
        0.0,
        0.0,
        0.0,
        0.0,
        0.0,
        0.0,
        0.0,
        0.0,
        0.0,
        0.0,
        0.0,
        0.0,
        0.0,
        0.0,
        0.0,
        0.0,
        0.0,
        0.0,
        0.0,
        0.0,
        0.0,
        0.0,
        0.0,
        0.0,
        0.0,
        0.0,
        0.0,
        0.0,
        0.0,
        0.0,
        0.0,
        0.0,
        0.0,
        0.0,
        0.0,
        0.0,
        0.0,
        0.0,
        0.0,
        0.0,
        0.0,
        0.0,
        0.0,
        0.0,
        0.0,
        0.0,
        0.0,
        0.0,
        0.0,
        0.0,
        0.0,
        0.0,
        0.0,
        0.0,
        0.0,
        0.0,
        0.0,
        0.0,
        0.0,
        0.0,
        0.0
    ],