{
    "T": [
        90.0,
        91.0,
        92.0,
        93.0,
        94.0,
        95.0,
        96.0,
        97.0,
        98.0,
        99.0,
        100.0,
        101.0,
        102.0,
        103.0,
        104.0,
        105.0,
        106.0,
        107.0,
        108.0,
        109.0,
        110.0,
        111.0,
        112.0,
        113.0,
        114.0,
        115.0,
        116.0,
        117.0,
        118.0,
        119.0,
        120.0,
        121.0,
        122.0,
        123.0,
        124.0,
        125.0,
        126.0,
        127.0,
        128.0,
        129.0,
        130.0,
        131.0,
        132.0,
        133.0,
        134.0,
        135.0,
        136.0,
        137.0,
        138.0,
        139.0,
        140.0,
        141.0,
        142.0,
        143.0,
        144.0,
        145.0,
        146.0,
        147.0,
        148.0,
        149.0,
        150.0,
        151.0,
        152.0,
        153.0,
        154.0,
        155.0,
        156.0,
        157.0,
        158.0,
        159.0,
        160.0,
        161.0,
        162.0,
        163.0,
        164.0,
        165.0,
        166.0,
        167.0,
        168.0,
        169.0,
        170.0,
        171.0,
        172.0,
        173.0,
        174.0,
        175.0,
        176.0,
        177.0,
        178.0,
        179.0
    ],
    "vevDepthReal": [
        -531917.9760578766,
        -518881.6598823934,
        -506106.4309292486,
        -493586.3556395056,
        -481316.11369171226,
        -469290.3223457979,
        -457504.07928160846,
        -445952.59387948114,
        -434630.7886680367,
        -423535.833296193,
        -412662.85591247433,
        -402007.6078998006,
        -391566.6961164521,
        -381336.5652330299,
        -371313.93725159595,
        -361495.62738715793,
        -351878.56996521866,
        -342459.90472601994,
        -333236.8989379638,
        -324206.9535045137,
        -315367.5980866545,
        -306716.4871273856,
        -298251.39220518584,
        -289970.18812391185,
        -281870.90441282984,
        -273951.61396037875,
        -266210.5172980831,
        -258645.91936250287,
        -251256.20523381702,
        -244039.85570594497,
        -236995.43172960076,
        -230121.58967109962,
        -223417.04724081626,
        -216880.6123698044,
        -210511.16175652438,
        -204307.64542826763,
        -198269.08227991362,
        -192394.55837302233,
        -186683.2243925248,
        -181134.2917369965,
        -175747.04328002516,
        -170520.80711767712,
        -165454.97598138457,
        -160548.9993616798,
        -155802.37922632048,
        -151214.6763462571,
        -146785.49800116528,
        -142514.50252371532,
        -138401.40763078086,
        -134445.96843057548,
        -130647.99667522186,
        -127007.34799110102,
        -123523.93415810568,
        -120197.70170348654,
        -117028.65287779315,
        -114016.83407843177,
        -111162.33864751842,
        -108465.30632776814,
        -105925.92520519764,
        -103544.44411511051,
        -101321.13106013188,
        -99256.32699634088,
        -97350.42002692628,
        -95603.84742284763,
        -94017.10384654677,
        -92590.7336241574,
        -91325.36757162592,
        -90221.66353046458,
        -89280.36816363246,
        -88502.30413495476,
        -87888.36534100847,
        -87439.53914769519,
        -87156.9095522522,
        -87041.60684340724,
        -87094.84484150943,
        -87318.07049914051,
        -87712.90904967919,
        -88281.20299186883,
        -89025.03438108708,
        -89946.8198876776,
        -91049.41726422966,
        -92336.22934143418,
        -93811.52427544071,
        -95480.79841749238,
        -97351.70916980407,
        -99436.13965315631,
        -101773.37098520748,
        -104661.790116171,
        -107624.78214160763,
        -110661.2353615575
    ],
    "vevDepthImag": [
        0.0,
        0.0,
        0.0,
        0.0,
        0.0,
        0.0,
        0.0,
        0.0,
        0.0,
        0.0,
        0.0,
        0.0,
        0.0,
        0.0,
        0.0,
        0.0,
        0.0,
        0.0,
        0.0,
        0.0,
        0.0,
        0.0,
        0.0,
        0.0,
        0.0,
        0.0,
        0.0,
        0.0,
        0.0,
        0.0,
        0.0,
        0.0,
        0.0,
        0.0,
        0.0,
        0.0,
        0.0,
        0.0,
        0.0,
        0.0,
        0.0,
        0.0,
        0.0,
        0.0,
        0.0,
        0.0,
        0.0,
        0.0,
        0.0,
        0.0,
        0.0,
        0.0,
        0.0,
        0.0,
        0.0,
        0.0,
        0.0,
        0.0,
        0.0,
        0.0,
        0.0,
        0.0,
        0.0,
        0.0,
        0.0,
        0.0,
        0.0,
        0.0,
        0.0,
        0.0,
        0.0,
        0.0,
        0.0,
        0.0,
        0.0,
        0.0,
        0.0,
        0.0,
        0.0,
        0.0,
        0.0,
        0.0,
        0.0,
        0.0,
        0.0,
        0.0,
        0.0,
        0.0,
        0.0,
        0.0
    ],