{
    "T": [
        90.0,
        91.0,
        92.0,
        93.0,
        94.0,
        95.0,
        96.0,
        97.0,
        98.0,
        99.0,
        100.0,
        101.0,
        102.0,
        103.0,
        104.0,
        105.0,
        106.0,
        107.0,
        108.0,
        109.0,
        110.0,
        111.0,
        112.0,
        113.0,
        114.0,
        115.0,
        116.0,
        117.0,
        118.0,
        119.0,
        120.0,
        121.0,
        122.0,
        123.0,
        124.0,
        125.0,
        126.0,
        127.0,
        128.0,
        129.0,
        130.0,
        131.0,
        132.0,
        133.0,
        134.0,
        135.0,
        136.0,
        137.0,
        138.0,
        139.0,
        140.0,
        141.0,
        142.0,
        143.0,
        144.0,
        145.0,
        146.0,
        147.0,
        148.0,
        149.0,
        150.0,
        151.0,
        152.0,
        153.0,
        154.0,
        155.0,
        156.0,
        157.0,
        158.0,
        159.0,
        160.0,
        161.0,
        162.0,
        163.0,
        164.0,
        165.0,
        166.0,
        167.0,
        168.0,
        169.0,
        170.0,
        171.0,
        172.0,
        173.0,
        174.0,
        175.0,
        176.0,
        177.0,
        178.0,
        179.0
    ],
    "vevDepthReal": [
        -531917.2184916375,
        -518881.2494249037,
        -506106.3672462859,
        -493586.62562900735,
        -481316.675307757,
        -469291.2228837558,
        -457505.2578167896,
        -445954.0586524838,
        -434633.1065780235,
        -423537.72963385214,
        -412664.9723510874,
        -402010.1663605855,
        -391569.4677877752,
        -381339.3549544676,
        -371317.1494922294,
        -361499.0304551135,
        -351882.12715496053,
        -342463.5943955385,
        -333240.6960303997,
        -324210.8479132698,
        -315371.5776396613,
        -306720.48894587735,
        -298255.4084648791,
        -289974.21996385395,
        -281874.88331215875,
        -273955.53451999504,
        -266214.4185207158,
        -258649.70487810113,
        -251259.86581778157,
        -244043.37536191376,
        -236998.74479431484,
        -230124.7222695097,
        -223419.961094486,
        -216883.28836862044,
        -210513.5584494699,
        -204309.74162375228,
        -198270.88297505875,
        -192396.05815475277,
        -186684.414854491,
        -181135.1513705434,
        -175747.52906798746,
        -170520.93762636633,
        -165454.69631998136,
        -160548.34089849264,
        -155801.35858469515,
        -151213.2724881424,
        -146783.7232817928,
        -142512.35620109393,
        -138398.90928415788,
        -134443.1158791716,
        -130644.81638990794,
        -127003.85385706564,
        -123520.1331539254,
        -120193.63319490103,
        -117024.34710627749,
        -114012.33160557697,
        -111157.7000505732,
        -108460.55461948294,
        -105921.11686235534,
        -103539.61757042354,
        -101316.35684327864,
        -99251.6527423363,
        -97345.92230160144,
        -95599.6082950184,
        -94013.18710756705,
        -92587.23757450802,
        -91322.35368512206,
        -90219.23799515645,
        -89278.52436253575,
        -88500.93721017522,
        -87887.32345008042,
        -87438.76855864574,
        -87156.26080802738,
        -87040.99441290871,
        -87094.23602142156,
        -87317.4682009574,
        -87712.33261891728,
        -88280.64728165245,
        -89024.51948136408,
        -89946.31887869663,
        -91048.95194241591,
        -92335.78130421943,
        -93811.08510716882,
        -95480.41378560122,
        -97351.36335357111,
        -99435.82794999282,
        -101842.28709517747,
        -104729.87667217983,
        -107784.55870226264,
        -110694.77048093855
    ],
    "vevDepthImag": [
        0.0,
        0.0,
        0.0,
        0.0,
        0.0,
        0.0,
        0.0,
        0.0,
        0.0,
        0.0,
        0.0,
        0.0,
        0.0,
        0.0,
        0.0,
        0.0,
        0.0,
        0.0,
        0.0,
        0.0,
        0.0,
        0.0,
        0.0,
        0.0,
        0.0,
        0.0,
        0.0,
        0.0,
        0.0,
        0.0,
        0.0,
        0.0,
        0.0,
        0.0,
        0.0,
        0.0,
        0.0,
        0.0,
        0.0,
        0.0,
        0.0,
        0.0,
        0.0,
        0.0,
        0.0,
        0.0,
        0.0,
        0.0,
        0.0,
        0.0,
        0.0,
        0.0,
        0.0,
        0.0,
        0.0,
        0.0,
        0.0,
        0.0,
        0.0,
        0.0,
        0.0,
        0.0,
        0.0,
        0.0,
        0.0,
        0.0,
        0.0,
        0.0,
        0.0,
        0.0,
        0.0,
        0.0,
        0.0,
        0.0,
        0.0,
        0.0,
        0.0,
        0.0,
        0.0,
        0.0,
        0.0,
        0.0,
        0.0,
        0.0,
        0.0,
        0.0,
        0.0,
        0.0,
        0.0,
        0.0
    ],