{
    "T": [
        90.0,
        91.0,
        92.0,
        93.0,
        94.0,
        95.0,
        96.0,
        97.0,
        98.0,
        99.0,
        100.0,
        101.0,
        102.0,
        103.0,
        104.0,
        105.0,
        106.0,
        107.0,
        108.0,
        109.0,
        110.0,
        111.0,
        112.0,
        113.0,
        114.0,
        115.0,
        116.0,
        117.0,
        118.0,
        119.0,
        120.0,
        121.0,
        122.0,
        123.0,
        124.0,
        125.0,
        126.0,
        127.0,
        128.0,
        129.0,
        130.0,
        131.0,
        132.0,
        133.0,
        134.0,
        135.0,
        136.0,
        137.0,
        138.0,
        139.0,
        140.0,
        141.0,
        142.0,
        143.0,
        144.0,
        145.0,
        146.0,
        147.0,
        148.0,
        149.0,
        150.0,
        151.0,
        152.0,
        153.0,
        154.0,
        155.0,
        156.0,
        157.0,
        158.0,
        159.0,
        160.0,
        161.0,
        162.0,
        163.0,
        164.0,
        165.0,
        166.0,
        167.0,
        168.0,
        169.0,
        170.0,
        171.0,
        172.0,
        173.0,
        174.0,
        175.0,
        176.0,
        177.0,
        178.0,
        179.0
    ],
    "vevDepthReal": [
        -531923.4109183257,
        -518886.2249311162,
        -506110.32006800495,
        -493589.4551116905,
        -481318.4065361742,
        -469291.79155287956,
        -457504.6289851013,
        -445951.7220296707,
        -434630.3609965745,
        -423534.31377506186,
        -412660.2333137389,
        -402004.1781356182,
        -391562.47517527925,
        -381331.6074786776,
        -371308.2507003519,
        -361489.2165954119,
        -351871.45961886965,
        -342452.19051256205,
        -333228.5826955262,
        -324198.0858286889,
        -315358.2221928613,
        -306706.64587945276,
        -298241.1342601391,
        -289959.57511341677,
        -281859.96819645126,
        -273940.4104591228,
        -266199.11159142666,
        -258634.36075362004,
        -251244.53822591613,
        -244028.1718911426,
        -236983.78164627726,
        -230110.02277718182,
        -223405.62500044057,
        -216869.3977617929,
        -210500.2124956701,
        -204297.00183406932,
        -198258.83701429702,
        -192384.75262259739,
        -186673.9055828224,
        -181125.52811567308,
        -175738.8756739721,
        -170513.2852023683,
        -165448.14677549934,
        -160542.90411660532,
        -155797.06343689788,
        -151210.1722074497,
        -146781.83773688693,
        -142511.71719003867,
        -138399.51817321248,
        -134444.99496980093,
        -130647.95237301129,
        -127008.24034112859,
        -123525.74904795845,
        -120200.47353170496,
        -117032.35010544064,
        -114021.44276231568,
        -111167.8222081295,
        -108471.65895971976,
        -105933.09794795782,
        -103552.3796170053,
        -101329.78093851256,
        -99265.62802804488,
        -97360.28069703093,
        -95614.2235771226,
        -94027.88717719805,
        -92601.8311286743,
        -91336.64767535441,
        -90233.02952929378,
        -89291.67868325207,
        -88513.42707189894,
        -87899.14365189336,
        -87449.81735730614,
        -87166.51559898502,
        -87050.42963252724,
        -87102.86551246108,
        -87325.28534245763,
        -87719.32182178099,
        -88286.82144379232,
        -89029.88115710902,
        -89950.89744060923,
        -91052.82089711408,
        -92338.99418824987,
        -93813.69927594443,
        -95482.4621623303,
        -97352.94442821012,
        -99437.03863645713,
        -101773.8787338574,
        -104662.2524637221,
        -107625.2244519453,
        -110661.66402787983
    ],
    "vevDepthImag": [
        0.0,
        0.0,
        0.0,
        0.0,
        0.0,
        0.0,
        0.0,
        0.0,
        0.0,
        0.0,
        0.0,
        0.0,
        0.0,
        0.0,
        0.0,
        0.0,
        0.0,
        0.0,
        0.0,
        0.0,
        0.0,
        0.0,
        0.0,
        0.0,
        0.0,
        0.0,
        0.0,
        0.0,
        0.0,
        0.0,
        0.0,
        0.0,
        0.0,
        0.0,
        0.0,
        0.0,
        0.0,
        0.0,
        0.0,
        0.0,
        0.0,
        0.0,
        0.0,
        0.0,
        0.0,
        0.0,
        0.0,
        0.0,
        0.0,
        0.0,
        0.0,
        0.0,
        0.0,
        0.0,
        0.0,
        0.0,
        0.0,
        0.0,
        0.0,
        0.0,
        0.0,
        0.0,
        0.0,
        0.0,
        0.0,
        0.0,
        0.0,
        0.0,
        0.0,
        0.0,
        0.0,
        0.0,
        0.0,
        0.0,
        0.0,
        0.0,
        0.0,
        0.0,
        0.0,
        0.0,
        0.0,
        0.0,
        0.0,
        0.0,
        0.0,
        0.0,
        0.0,
        0.0,
        0.0,
        0.0
    ],