{
    "T": [
        90.0,
        91.0,
        92.0,
        93.0,
        94.0,
        95.0,
        96.0,
        97.0,
        98.0,
        99.0,
        100.0,
        101.0,
        102.0,
        103.0,
        104.0,
        105.0,
        106.0,
        107.0,
        108.0,
        109.0,
        110.0,
        111.0,
        112.0,
        113.0,
        114.0,
        115.0,
        116.0,
        117.0,
        118.0,
        119.0,
        120.0,
        121.0,
        122.0,
        123.0,
        124.0,
        125.0,
        126.0,
        127.0,
        128.0,
        129.0,
        130.0,
        131.0,
        132.0,
        133.0,
        134.0,
        135.0,
        136.0,
        137.0,
        138.0,
        139.0,
        140.0,
        141.0,
        142.0,
        143.0,
        144.0,
        145.0,
        146.0,
        147.0,
        148.0,
        149.0,
        150.0,
        151.0,
        152.0,
        153.0,
        154.0,
        155.0,
        156.0,
        157.0,
        158.0,
        159.0,
        160.0,
        161.0,
        162.0,
        163.0,
        164.0,
        165.0,
        166.0,
        167.0,
        168.0,
        169.0,
        170.0,
        171.0,
        172.0,
        173.0,
        174.0,
        175.0,
        176.0,
        177.0,
        178.0,
        179.0
    ],
    "vevDepthReal": [
        -531923.4109183195,
        -518886.22492934373,
        -506110.2640150071,
        -493589.45511168847,
        -481318.4078210045,
        -469291.79984787,
        -457504.7082386886,
        -445951.72204791877,
        -434630.36099663615,
        -423534.3137748743,
        -412660.2333137509,
        -402004.17808596726,
        -391562.4751752778,
        -381331.60747806984,
        -371308.25070035266,
        -361489.2165969649,
        -351871.4596188419,
        -342452.19051256217,
        -333228.5826955258,
        -324198.0858286822,
        -315358.2221928594,
        -306706.645879453,
        -298241.13426013995,
        -289959.5751132878,
        -281859.9681964513,
        -273940.41045912355,
        -266199.11183942243,
        -258634.3607536109,
        -251244.54263906556,
        -244028.17564623413,
        -236983.78164491113,
        -230110.0209786011,
        -223405.626509032,
        -216869.3975425025,
        -210500.21255138482,
        -204297.00246215056,
        -198258.83682945216,
        -192384.75262259835,
        -186673.90558281797,
        -181125.5281151393,
        -175738.87567397262,
        -170513.28520236243,
        -165448.1467843427,
        -160542.90622462326,
        -155797.06343683324,
        -151210.1722110237,
        -146781.83826668534,
        -142511.71766789578,
        -138399.51817986072,
        -134444.99497193628,
        -130647.95274991692,
        -127008.24011545439,
        -123525.74905147769,
        -120200.47321791017,
        -117032.35008576637,
        -114021.44276237836,
        -111167.83256988779,
        -108471.65895971618,
        -105933.09776328332,
        -103552.37966883273,
        -101329.78093851222,
        -99265.6279220143,
        -97360.29602686313,
        -95614.22442365193,
        -94027.88703663826,
        -92601.82968470828,
        -91336.64814817467,
        -90233.02952929385,
        -89291.67868325162,
        -88513.42707189896,
        -87899.14365189263,
        -87449.81735744677,
        -87166.51559897739,
        -87050.42963252735,
        -87102.86551246092,
        -87325.28547478293,
        -87719.32309268731,
        -88286.82144424602,
        -89029.88115725704,
        -89950.82878269594,
        -91052.82089711424,
        -92338.993773514,
        -93813.6992759366,
        -95482.46216233264,
        -97352.93443652449,
        -99437.03863645675,
        -101773.8786568338,
        -104662.24833925627,
        -107625.22431305762,
        -110661.66313335676
    ],
    "vevDepthImag": [
        0.0,
        0.0,
        0.0,
        0.0,
        0.0,
        0.0,
        0.0,
        0.0,
        0.0,
        0.0,
        0.0,
        0.0,
        0.0,
        0.0,
        0.0,
        0.0,
        0.0,
        0.0,
        0.0,
        0.0,
        0.0,
        0.0,
        0.0,
        0.0,
        0.0,
        0.0,
        0.0,
        0.0,
        0.0,
        0.0,
        0.0,
        0.0,
        0.0,
        0.0,
        0.0,
        0.0,
        0.0,
        0.0,
        0.0,
        0.0,
        0.0,
        0.0,
        0.0,
        0.0,
        0.0,
        0.0,
        0.0,
        0.0,
        0.0,
        0.0,
        0.0,
        0.0,
        0.0,
        0.0,
        0.0,
        0.0,
        0.0,
        0.0,
        0.0,
        0.0,
        0.0,
        0.0,
        0.0,
        0.0,
        0.0,
        0.0,
        0.0,
        0.0,
        0.0,
        0.0,
        0.0,
        0.0,
        0.0,
        0.0,
        0.0,
        0.0,
        0.0,
        0.0,
        0.0,
        0.0,
        0.0,
        0.0,
        0.0,
        0.0,
        0.0,
        0.0,
        0.0,
        0.0,
        0.0,
        0.0
    ],