{
    "T": [
        90.0,
        91.0,
        92.0,
        93.0,
        94.0,
        95.0,
        96.0,
        97.0,
        98.0,
        99.0,
        100.0,
        101.0,
        102.0,
        103.0,
        104.0,
        105.0,
        106.0,
        107.0,
        108.0,
        109.0,
        110.0,
        111.0,
        112.0,
        113.0,
        114.0,
        115.0,
        116.0,
        117.0,
        118.0,
        119.0,
        120.0,
        121.0,
        122.0,
        123.0,
        124.0,
        125.0,
        126.0,
        127.0,
        128.0,
        129.0,
        130.0,
        131.0,
        132.0,
        133.0,
        134.0,
        135.0,
        136.0,
        137.0,
        138.0,
        139.0,
        140.0,
        141.0,
        142.0,
        143.0,
        144.0,
        145.0,
        146.0,
        147.0,
        148.0,
        149.0,
        150.0,
        151.0,
        152.0,
        153.0,
        154.0,
        155.0,
        156.0,
        157.0,
        158.0,
        159.0,
        160.0,
        161.0,
        162.0,
        163.0,
        164.0,
        165.0,
        166.0,
        167.0,
        168.0,
        169.0,
        170.0,
        171.0,
        172.0,
        173.0,
        174.0,
        175.0,
        176.0,
        177.0,
        178.0,
        179.0
    ],
    "vevDepthReal": [
        -531917.1290649872,
        -518881.2511562168,
        -506106.3478943867,
        -493586.63839165494,
        -481316.6611443943,
        -469291.21806554066,
        -457505.257882537,
        -445954.0568211855,
        -434632.5463128585,
        -423538.14554272115,
        -412665.01990064775,
        -402010.1069630412,
        -391569.442136387,
        -381339.5799664927,
        -371317.1585287384,
        -361499.0253165417,
        -351882.01050287834,
        -342463.5675831439,
        -333240.7157281037,
        -324210.84792635706,
        -315371.5729726201,
        -306720.47157217213,
        -298255.3963620816,
        -289974.2410048476,
        -281874.93525240314,
        -273955.5621311813,
        -266214.3942085427,
        -258649.69268331636,
        -251259.8180749569,
        -244043.35959890328,
        -236998.75889803763,
        -230124.70322598913,
        -223419.95388075348,
        -216883.28258878342,
        -210513.54651600262,
        -204309.7580940373,
        -198270.88743693262,
        -192396.07937342324,
        -186684.414854491,
        -181135.12100467208,
        -175747.5253827953,
        -170520.91480750073,
        -165454.71106407605,
        -160548.3242732577,
        -155801.34719463985,
        -151213.2678771601,
        -146783.7231644774,
        -142512.36110115473,
        -138398.9156673672,
        -134443.11274249942,
        -130644.81045778928,
        -127003.86089592315,
        -123520.14116835278,
        -120193.64037342863,
        -117024.37584017687,
        -114012.34772325665,
        -111157.71793306399,
        -108460.55467747936,
        -105921.1177533661,
        -103539.61773892488,
        -101316.35370046554,
        -99251.65854860937,
        -97345.92566091416,
        -95599.6062653065,
        -94013.18081682405,
        -92587.2308574947,
        -91322.34628125912,
        -90219.24172759155,
        -89278.51855579404,
        -88500.93945747055,
        -87887.30850067608,
        -87438.7789955877,
        -87156.25392229723,
        -87040.98209046134,
        -87094.23619592613,
        -87317.46366200224,
        -87712.3311258821,
        -88280.63206324606,
        -89024.51610741578,
        -89946.31461130289,
        -91048.9415421662,
        -92335.79317750964,
        -93811.1063231023,
        -95480.41846747416,
        -97351.3623697605,
        -99435.82713746747,
        -101841.685736516,
        -104830.87175465128,
        -107784.45159436352,
        -110897.330156568
    ],
    "vevDepthImag": [
        0.0,
        0.0,
        0.0,
        0.0,
        0.0,
        0.0,
        0.0,
        0.0,
        0.0,
        0.0,
        0.0,
        0.0,
        0.0,
        0.0,
        0.0,
        0.0,
        0.0,
        0.0,
        0.0,
        0.0,
        0.0,
        0.0,
        0.0,
        0.0,
        0.0,
        0.0,
        0.0,
        0.0,
        0.0,
        0.0,
        0.0,
        0.0,
        0.0,
        0.0,
        0.0,
        0.0,
        0.0,
        0.0,
        0.0,
        0.0,
        0.0,
        0.0,
        0.0,
        0.0,
        0.0,
        0.0,
        0.0,
        0.0,
        0.0,
        0.0,
        0.0,
        0.0,
        0.0,
        0.0,
        0.0,
        0.0,
        0.0,
        0.0,
        0.0,
        0.0,
        0.0,
        0.0,
        0.0,
        0.0,
        0.0,
        0.0,
        0.0,
        0.0,
        0.0,
        0.0,
        0.0,
        0.0,
        0.0,
        0.0,
        0.0,
        0.0,
        0.0,
        0.0,
        0.0,
        0.0,
        0.0,
        0.0,
        0.0,
        0.0,
        0.0,
        0.0,
        0.0,
        0.0,
        0.0,
        0.0
    ],