{
    "T": [
        90.0,
        91.0,
        92.0,
        93.0,
        94.0,
        95.0,
        96.0,
        97.0,
        98.0,
        99.0,
        100.0,
        101.0,
        102.0,
        103.0,
        104.0,
        105.0,
        106.0,
        107.0,
        108.0,
        109.0,
        110.0,
        111.0,
        112.0,
        113.0,
        114.0,
        115.0,
        116.0,
        117.0,
        118.0,
        119.0,
        120.0,
        121.0,
        122.0,
        123.0,
        124.0,
        125.0,
        126.0,
        127.0,
        128.0,
        129.0,
        130.0,
        131.0,
        132.0,
        133.0,
        134.0,
        135.0,
        136.0,
        137.0,
        138.0,
        139.0,
        140.0,
        141.0,
        142.0,
        143.0,
        144.0,
        145.0,
        146.0,
        147.0,
        148.0,
        149.0,
        150.0,
        151.0,
        152.0,
        153.0,
        154.0,
        155.0,
        156.0,
        157.0,
        158.0,
        159.0,
        160.0,
        161.0,
        162.0,
        163.0,
        164.0,
        165.0,
        166.0,
        167.0,
        168.0,
        169.0,
        170.0,
        171.0,
        172.0,
        173.0,
        174.0,
        175.0,
        176.0,
        177.0,
        178.0,
        179.0
    ],
    "vevDepthReal": [
        -531815.7982967964,
        -518778.16806809534,
        -506001.5150402839,
        -493480.1407370582,
        -481208.56524391397,
        -469181.4565689151,
        -457393.88646179787,
        -445840.74162611313,
        -434516.7604921546,
        -423422.24393771833,
        -412547.6828916064,
        -401891.2789256554,
        -391449.17369048,
        -381211.04802820325,
        -371194.5397650701,
        -361375.27092672285,
        -351757.3263449028,
        -342337.84735639574,
        -333114.0926306747,
        -324083.468188198,
        -315243.50728053384,
        -306591.86683217454,
        -298126.322191042,
        -289844.7524729747,
        -281745.18330989796,
        -273825.69186062267,
        -266084.4858187341,
        -258519.86557883405,
        -251130.21817404186,
        -243914.03532069808,
        -236869.87099798204,
        -229996.37915914587,
        -223292.28401787547,
        -216756.3923116849,
        -210387.57956463908,
        -204184.79684891296,
        -198147.01368239181,
        -192273.46846787762,
        -186563.15447010926,
        -181015.33622041554,
        -175629.28886944707,
        -170404.34537254847,
        -165339.8947957518,
        -160435.38381926442,
        -155690.31321790547,
        -151104.23764061416,
        -146676.7612527194,
        -142407.54490468302,
        -138296.29650076223,
        -134342.76902412713,
        -130546.76546585918,
        -126908.1513008725,
        -123426.81545324172,
        -120102.708771677,
        -116935.82587208849,
        -113926.20062701886,
        -111073.93526968602,
        -108379.16368586449,
        -105842.05393479862,
        -103462.84250384136,
        -101241.80805767048,
        -99179.2782636419,
        -97275.6318621444,
        -95531.29483783814,
        -93946.7708594109,
        -92522.58602485957,
        -91259.34618917017,
        -90157.73047358461,
        -89218.46079675292,
        -88442.35892837128,
        -87830.30862767463,
        -87383.28586917667,
        -87102.38068864935,
        -86988.77492317016,
        -87043.78170471903,
        -87268.87719936071,
        -87665.67222331003,
        -88236.08567662127,
        -88982.1665889553,
        -89906.35277238178,
        -91011.58135316407,
        -92301.24839373397,
        -93779.67184077193,
        -95452.43490938649,
        -97327.30603197326,
        -99416.40690837796,
        -101773.8790161146,
        -104662.25687905692,
        -107625.22746305937,
        -110661.66145736397
    ],
    "vevDepthImag": [
        0.0,
        0.0,
        0.0,
        0.0,
        0.0,
        0.0,
        0.0,
        0.0,
        0.0,
        0.0,
        0.0,
        0.0,
        0.0,
        0.0,
        0.0,
        0.0,
        0.0,
        0.0,
        0.0,
        0.0,
        0.0,
        0.0,
        0.0,
        0.0,
        0.0,
        0.0,
        0.0,
        0.0,
        0.0,
        0.0,
        0.0,
        0.0,
        0.0,
        0.0,
        0.0,
        0.0,
        0.0,
        0.0,
        0.0,
        0.0,
        0.0,
        0.0,
        0.0,
        0.0,
        0.0,
        0.0,
        0.0,
        0.0,
        0.0,
        0.0,
        0.0,
        0.0,
        0.0,
        0.0,
        0.0,
        0.0,
        0.0,
        0.0,
        0.0,
        0.0,
        0.0,
        0.0,
        0.0,
        0.0,
        0.0,
        0.0,
        0.0,
        0.0,
        0.0,
        0.0,
        0.0,
        0.0,
        0.0,
        0.0,
        0.0,
        0.0,
        0.0,
        0.0,
        0.0,
        0.0,
        0.0,
        0.0,
        0.0,
        0.0,
        0.0,
        0.0,
        0.0,
        0.0,
        0.0,
        0.0
    ],