{
    "T": [
        90.0,
        91.0,
        92.0,
        93.0,
        94.0,
        95.0,
        96.0,
        97.0,
        98.0,
        99.0,
        100.0,
        101.0,
        102.0,
        103.0,
        104.0,
        105.0,
        106.0,
        107.0,
        108.0,
        109.0,
        110.0,
        111.0,
        112.0,
        113.0,
        114.0,
        115.0,
        116.0,
        117.0,
        118.0,
        119.0,
        120.0,
        121.0,
        122.0,
        123.0,
        124.0,
        125.0,
        126.0,
        127.0,
        128.0,
        129.0,
        130.0,
        131.0,
        132.0,
        133.0,
        134.0,
        135.0,
        136.0,
        137.0,
        138.0,
        139.0,
        140.0,
        141.0,
        142.0,
        143.0,
        144.0,
        145.0,
        146.0,
        147.0,
        148.0,
        149.0,
        150.0,
        151.0,
        152.0,
        153.0,
        154.0,
        155.0,
        156.0,
        157.0,
        158.0,
        159.0,
        160.0,
        161.0,
        162.0,
        163.0,
        164.0,
        165.0,
        166.0,
        167.0,
        168.0,
        169.0,
        170.0,
        171.0,
        172.0,
        173.0,
        174.0,
        175.0,
        176.0,
        177.0,
        178.0,
        179.0
    ],
    "vevDepthReal": [
        -531917.2342442985,
        -518881.2563982691,
        -506106.3447553935,
        -493586.60662100516,
        -481316.68834107573,
        -469291.2023033738,
        -457505.2565815751,
        -445954.0659413256,
        -434633.1593365094,
        -423538.2211871205,
        -412664.9727933758,
        -402010.16146661836,
        -391569.04844841035,
        -381339.5790526455,
        -371317.1368007134,
        -361499.00833197095,
        -351882.092001627,
        -342463.59914218885,
        -333240.68503129785,
        -324210.8606852664,
        -315371.5765635898,
        -306720.49025369337,
        -298255.3771289668,
        -289974.2179985878,
        -281874.9241432228,
        -273955.5537336385,
        -266214.4081312543,
        -258649.67945068478,
        -251259.84406972918,
        -244043.36702438662,
        -236998.76858610217,
        -230124.72738993578,
        -223419.948002252,
        -216883.28099388652,
        -210513.55574965573,
        -204309.7661535585,
        -198270.88243796048,
        -192396.05974134867,
        -186684.392203857,
        -181135.1254449115,
        -175747.53414199944,
        -170520.92545162054,
        -165454.71416719796,
        -160548.32125615023,
        -155801.33396033235,
        -151213.27090622322,
        -146783.69683805743,
        -142512.37643083432,
        -138398.90428252428,
        -134443.1244213298,
        -130644.8137155483,
        -127003.8637313644,
        -123520.12775109705,
        -120193.64968800859,
        -117024.35491619434,
        -114012.27833842249,
        -111157.70464002645,
        -108460.56041729222,
        -105921.1249595987,
        -103539.63384263824,
        -101316.36662869489,
        -99251.66025386298,
        -97345.91988700593,
        -95599.60324560513,
        -94013.18042722432,
        -92587.24004218417,
        -91322.35043188841,
        -90219.24589300391,
        -89278.52983407969,
        -88500.89924911017,
        -87887.36110113018,
        -87438.77931582337,
        -87156.26349623699,
        -87040.98616162318,
        -87094.23396635226,
        -87317.46983643861,
        -87712.34225261163,
        -88280.65317564574,
        -89024.51380917824,
        -89946.32280301763,
        -91048.94648303642,
        -92335.78156697417,
        -93811.10744327221,
        -95480.41915012209,
        -97351.35953871153,
        -99435.82913692154,
        -101812.03930384404,
        -104805.79586183705,
        -107735.40960566782,
        -110761.85133109834
    ],
    "vevDepthImag": [
        0.0,
        0.0,
        0.0,
        0.0,
        0.0,
        0.0,
        0.0,
        0.0,
        0.0,
        0.0,
        0.0,
        0.0,
        0.0,
        0.0,
        0.0,
        0.0,
        0.0,
        0.0,
        0.0,
        0.0,
        0.0,
        0.0,
        0.0,
        0.0,
        0.0,
        0.0,
        0.0,
        0.0,
        0.0,
        0.0,
        0.0,
        0.0,
        0.0,
        0.0,
        0.0,
        0.0,
        0.0,
        0.0,
        0.0,
        0.0,
        0.0,
        0.0,
        0.0,
        0.0,
        0.0,
        0.0,
        0.0,
        0.0,
        0.0,
        0.0,
        0.0,
        0.0,
        0.0,
        0.0,
        0.0,
        0.0,
        0.0,
        0.0,
        0.0,
        0.0,
        0.0,
        0.0,
        0.0,
        0.0,
        0.0,
        0.0,
        0.0,
        0.0,
        0.0,
        0.0,
        0.0,
        0.0,
        0.0,
        0.0,
        0.0,
        0.0,
        0.0,
        0.0,
        0.0,
        0.0,
        0.0,
        0.0,
        0.0,
        0.0,
        0.0,
        0.0,
        0.0,
        0.0,
        0.0,
        0.0
    ],