{
    "T": [
        90.0,
        91.0,
        92.0,
        93.0,
        94.0,
        95.0,
        96.0,
        97.0,
        98.0,
        99.0,
        100.0,
        101.0,
        102.0,
        103.0,
        104.0,
        105.0,
        106.0,
        107.0,
        108.0,
        109.0,
        110.0,
        111.0,
        112.0,
        113.0,
        114.0,
        115.0,
        116.0,
        117.0,
        118.0,
        119.0,
        120.0,
        121.0,
        122.0,
        123.0,
        124.0,
        125.0,
        126.0,
        127.0,
        128.0,
        129.0,
        130.0,
        131.0,
        132.0,
        133.0,
        134.0,
        135.0,
        136.0,
        137.0,
        138.0,
        139.0,
        140.0,
        141.0,
        142.0,
        143.0,
        144.0,
        145.0,
        146.0,
        147.0,
        148.0,
        149.0,
        150.0,
        151.0,
        152.0,
        153.0,
        154.0,
        155.0,
        156.0,
        157.0,
        158.0,
        159.0,
        160.0,
        161.0,
        162.0,
        163.0,
        164.0,
        165.0,
        166.0,
        167.0,
        168.0,
        169.0,
        170.0,
        171.0,
        172.0,
        173.0,
        174.0,
        175.0,
        176.0,
        177.0,
        178.0,
        179.0
    ],
    "vevDepthReal": [
        -531923.4109183279,
        -518886.22494193696,
        -506110.2474559185,
        -493589.45511169004,
        -481318.4065361074,
        -469291.7962514768,
        -457504.708245634,
        -445951.7220652368,
        -434630.3609965945,
        -423534.31377389265,
        -412660.2333137466,
        -402004.17809586006,
        -391562.4751752787,
        -381331.60747828946,
        -371308.2507003514,
        -361489.21659601683,
        -351871.4596187537,
        -342452.19051256275,
        -333228.58269552595,
        -324198.08582868235,
        -315358.22219286044,
        -306706.64587945305,
        -298241.1342601398,
        -289959.57511308027,
        -281859.96819644934,
        -273940.41103631275,
        -266199.1006718548,
        -258634.36075361437,
        -251244.54274288402,
        -244028.17506733062,
        -236983.7816461383,
        -230110.02312683914,
        -223405.62736176085,
        -216869.3975423652,
        -210500.21194674866,
        -204297.01895031935,
        -198258.8385043966,
        -192384.75262259727,
        -186673.90558283258,
        -181125.52811555925,
        -175738.87567397286,
        -170513.28520237416,
        -165448.146851837,
        -160542.90391565376,
        -155797.06343686365,
        -151210.16923380192,
        -146781.83773652778,
        -142511.70922811743,
        -138399.51816670754,
        -134444.99496700522,
        -130647.95287227392,
        -127008.24295898018,
        -123525.74905887127,
        -120200.47353170437,
        -117032.35001507319,
        -114021.44276232488,
        -111167.83410723224,
        -108471.65895977318,
        -105933.09780440183,
        -103552.37961456088,
        -101329.78093851265,
        -99265.61091910383,
        -97360.29767733533,
        -95614.22442358664,
        -94027.88717698371,
        -92601.83112852549,
        -91336.64767584608,
        -90233.02952929339,
        -89291.67868325203,
        -88513.4270718994,
        -87899.14365189381,
        -87449.81735730456,
        -87166.51559897489,
        -87050.42963252703,
        -87102.86551246111,
        -87325.28547478223,
        -87719.32182178037,
        -88286.82144332565,
        -89029.88115695804,
        -89950.82878268388,
        -91052.82089711422,
        -92338.99377332542,
        -93813.69927591915,
        -95482.46216233633,
        -97352.93443659444,
        -99437.03863645712,
        -101773.87876758113,
        -104662.24957399565,
        -107625.22632769558,
        -110661.66049183418
    ],
    "vevDepthImag": [
        0.0,
        0.0,
        0.0,
        0.0,
        0.0,
        0.0,
        0.0,
        0.0,
        0.0,
        0.0,
        0.0,
        0.0,
        0.0,
        0.0,
        0.0,
        0.0,
        0.0,
        0.0,
        0.0,
        0.0,
        0.0,
        0.0,
        0.0,
        0.0,
        0.0,
        0.0,
        0.0,
        0.0,
        0.0,
        0.0,
        0.0,
        0.0,
        0.0,
        0.0,
        0.0,
        0.0,
        0.0,
        0.0,
        0.0,
        0.0,
        0.0,
        0.0,
        0.0,
        0.0,
        0.0,
        0.0,
        0.0,
        0.0,
        0.0,
        0.0,
        0.0,
        0.0,
        0.0,
        0.0,
        0.0,
        0.0,
        0.0,
        0.0,
        0.0,
        0.0,
        0.0,
        0.0,
        0.0,
        0.0,
        0.0,
        0.0,
        0.0,
        0.0,
        0.0,
        0.0,
        0.0,
        0.0,
        0.0,
        0.0,
        0.0,
        0.0,
        0.0,
        0.0,
        0.0,
        0.0,
        0.0,
        0.0,
        0.0,
        0.0,
        0.0,
        0.0,
        0.0,
        0.0,
        0.0,
        0.0
    ],