{
    "T": [
        90.0,
        91.0,
        92.0,
        93.0,
        94.0,
        95.0,
        96.0,
        97.0,
        98.0,
        99.0,
        100.0,
        101.0,
        102.0,
        103.0,
        104.0,
        105.0,
        106.0,
        107.0,
        108.0,
        109.0,
        110.0,
        111.0,
        112.0,
        113.0,
        114.0,
        115.0,
        116.0,
        117.0,
        118.0,
        119.0,
        120.0,
        121.0,
        122.0,
        123.0,
        124.0,
        125.0,
        126.0,
        127.0,
        128.0,
        129.0,
        130.0,
        131.0,
        132.0,
        133.0,
        134.0,
        135.0,
        136.0,
        137.0,
        138.0,
        139.0,
        140.0,
        141.0,
        142.0,
        143.0,
        144.0,
        145.0,
        146.0,
        147.0,
        148.0,
        149.0,
        150.0,
        151.0,
        152.0,
        153.0,
        154.0,
        155.0,
        156.0,
        157.0,
        158.0,
        159.0,
        160.0,
        161.0,
        162.0,
        163.0,
        164.0,
        165.0,
        166.0,
        167.0,
        168.0,
        169.0,
        170.0,
        171.0,
        172.0,
        173.0,
        174.0,
        175.0,
        176.0,
        177.0,
        178.0,
        179.0
    ],
    "vevDepthReal": [
        -531923.2155405087,
        -518886.29800923396,
        -506110.24019926076,
        -493589.3553950096,
        -481318.28837467794,
        -469291.6641738451,
        -457504.5539855038,
        -445952.225740897,
        -434629.97851429845,
        -423534.059853407,
        -412660.01105247997,
        -402003.9254468213,
        -391562.205120888,
        -381331.2984967817,
        -371307.9484829066,
        -361488.89846411295,
        -351871.1472733981,
        -342451.8359543885,
        -333228.218862087,
        -324197.700566264,
        -315357.82434047875,
        -306706.23426612874,
        -298240.70099754387,
        -289959.1385558011,
        -281859.5183541996,
        -273939.9556445537,
        -266198.64834173233,
        -258633.89330135466,
        -251244.08288927068,
        -244027.69608589218,
        -236983.29866333105,
        -230109.53682075007,
        -223405.1384595941,
        -216868.91312704896,
        -210499.72391155196,
        -204296.54061467195,
        -198258.3639577194,
        -192384.28186797776,
        -186673.4509442917,
        -181125.07489355587,
        -175738.43379381724,
        -170512.85300102786,
        -165447.72918117393,
        -160542.502560622,
        -155796.67488296836,
        -151209.80014405804,
        -146781.48350965808,
        -142511.3809190109,
        -138399.19984333043,
        -134444.69761424963,
        -130647.67783124391,
        -127007.98185528116,
        -123525.53842593486,
        -120200.26619733818,
        -117032.1674849778,
        -114021.28154228828,
        -111167.69882193221,
        -108471.54871294872,
        -105933.01224017396,
        -103552.3187132448,
        -101329.74429324524,
        -99265.6156481073,
        -97360.3058288602,
        -95614.25492681604,
        -94027.94314983596,
        -92601.90584575111,
        -91336.75284724998,
        -90233.14319507437,
        -89291.81204327196,
        -88513.57353514845,
        -87899.3072228066,
        -87449.98835336413,
        -87166.69989852692,
        -87050.618194995,
        -87103.04378830195,
        -87325.47971566897,
        -87719.51611840725,
        -88287.0096157042,
        -89030.0616013477,
        -89951.07994235818,
        -91052.97493587066,
        -92338.71880921371,
        -93813.81109126093,
        -95482.54232023969,
        -97352.99303240047,
        -99437.05662994346,
        -101773.86294807256,
        -104662.19383278271,
        -107625.16732188119,
        -110661.60230726463
    ],
    "vevDepthImag": [
        0.0,
        0.0,
        0.0,
        0.0,
        0.0,
        0.0,
        0.0,
        0.0,
        0.0,
        0.0,
        0.0,
        0.0,
        0.0,
        0.0,
        0.0,
        0.0,
        0.0,
        0.0,
        0.0,
        0.0,
        0.0,
        0.0,
        0.0,
        0.0,
        0.0,
        0.0,
        0.0,
        0.0,
        0.0,
        0.0,
        0.0,
        0.0,
        0.0,
        0.0,
        0.0,
        0.0,
        0.0,
        0.0,
        0.0,
        0.0,
        0.0,
        0.0,
        0.0,
        0.0,
        0.0,
        0.0,
        0.0,
        0.0,
        0.0,
        0.0,
        0.0,
        0.0,
        0.0,
        0.0,
        0.0,
        0.0,
        0.0,
        0.0,
        0.0,
        0.0,
        0.0,
        0.0,
        0.0,
        0.0,
        0.0,
        0.0,
        0.0,
        0.0,
        0.0,
        0.0,
        0.0,
        0.0,
        0.0,
        0.0,
        0.0,
        0.0,
        0.0,
        0.0,
        0.0,
        0.0,
        0.0,
        0.0,
        0.0,
        0.0,
        0.0,
        0.0,
        0.0,
        0.0,
        0.0,
        0.0
    ],