{
    "T": [
        90.0,
        91.0,
        92.0,
        93.0,
        94.0,
        95.0,
        96.0,
        97.0,
        98.0,
        99.0,
        100.0,
        101.0,
        102.0,
        103.0,
        104.0,
        105.0,
        106.0,
        107.0,
        108.0,
        109.0,
        110.0,
        111.0,
        112.0,
        113.0,
        114.0,
        115.0,
        116.0,
        117.0,
        118.0,
        119.0,
        120.0,
        121.0,
        122.0,
        123.0,
        124.0,
        125.0,
        126.0,
        127.0,
        128.0,
        129.0,
        130.0,
        131.0,
        132.0,
        133.0,
        134.0,
        135.0,
        136.0,
        137.0,
        138.0,
        139.0,
        140.0,
        141.0,
        142.0,
        143.0,
        144.0,
        145.0,
        146.0,
        147.0,
        148.0,
        149.0,
        150.0,
        151.0,
        152.0,
        153.0,
        154.0,
        155.0,
        156.0,
        157.0,
        158.0,
        159.0,
        160.0,
        161.0,
        162.0,
        163.0,
        164.0,
        165.0,
        166.0,
        167.0,
        168.0,
        169.0,
        170.0,
        171.0,
        172.0,
        173.0,
        174.0,
        175.0,
        176.0,
        177.0,
        178.0,
        179.0
    ],
    "vevDepthReal": [
        -531923.3374775416,
        -518886.18304910127,
        -506110.2820006788,
        -493589.4047713809,
        -481318.34643049137,
        -469291.7191608866,
        -457504.6223557572,
        -445952.31272473675,
        -434630.2606442555,
        -423534.2391720937,
        -412660.12549931573,
        -402004.04609095055,
        -391562.33817228675,
        -381331.4434299341,
        -371308.09836265794,
        -361489.04010781675,
        -351871.3203016373,
        -342451.95459235425,
        -333228.40376381594,
        -324197.85865917173,
        -315358.02259118314,
        -306706.43940289447,
        -298240.9098535128,
        -289959.31752023107,
        -281859.7214316993,
        -273940.1822496842,
        -266198.8797875447,
        -258634.12732285654,
        -251244.31934194974,
        -244027.93533794995,
        -236983.53938921663,
        -230109.7800238616,
        -223405.38057650824,
        -216869.15000326888,
        -210499.96557813502,
        -204296.7799072866,
        -198258.60077447083,
        -192384.51674655307,
        -186673.67924463784,
        -181125.30228960107,
        -175738.6545220906,
        -170513.0692718075,
        -165447.9351634241,
        -160542.70437205458,
        -155796.86936478002,
        -151209.98612909942,
        -146781.65605566927,
        -142511.54988804454,
        -138399.35623805664,
        -134444.8471860766,
        -130647.81356548601,
        -127008.11802690978,
        -123525.64945291239,
        -120200.36921700848,
        -117032.26035196737,
        -114021.36271239129,
        -111167.76746014251,
        -108471.60391146124,
        -105933.05568973043,
        -103552.34784362598,
        -101329.76347955254,
        -99265.62257545693,
        -97360.29055982675,
        -95614.2416620025,
        -94027.91576355135,
        -92601.87025398633,
        -91336.70557571811,
        -90233.08781243459,
        -89291.74580099387,
        -88513.48959484065,
        -87899.22164761864,
        -87449.90558739155,
        -87166.609588814,
        -87050.52364620559,
        -87102.96217078483,
        -87325.38175073933,
        -87719.41966531212,
        -88286.91557383374,
        -89029.97192198927,
        -89951.01588496669,
        -91052.90161936097,
        -92339.06139657997,
        -93813.7541486874,
        -95482.50222044264,
        -97352.95921117341,
        -99437.045887892,
        -101773.86921539977,
        -104662.22008903664,
        -107625.19549543457,
        -110661.63129585625
    ],
    "vevDepthImag": [
        0.0,
        0.0,
        0.0,
        0.0,
        0.0,
        0.0,
        0.0,
        0.0,
        0.0,
        0.0,
        0.0,
        0.0,
        0.0,
        0.0,
        0.0,
        0.0,
        0.0,
        0.0,
        0.0,
        0.0,
        0.0,
        0.0,
        0.0,
        0.0,
        0.0,
        0.0,
        0.0,
        0.0,
        0.0,
        0.0,
        0.0,
        0.0,
        0.0,
        0.0,
        0.0,
        0.0,
        0.0,
        0.0,
        0.0,
        0.0,
        0.0,
        0.0,
        0.0,
        0.0,
        0.0,
        0.0,
        0.0,
        0.0,
        0.0,
        0.0,
        0.0,
        0.0,
        0.0,
        0.0,
        0.0,
        0.0,
        0.0,
        0.0,
        0.0,
        0.0,
        0.0,
        0.0,
        0.0,
        0.0,
        0.0,
        0.0,
        0.0,
        0.0,
        0.0,
        0.0,
        0.0,
        0.0,
        0.0,
        0.0,
        0.0,
        0.0,
        0.0,
        0.0,
        0.0,
        0.0,
        0.0,
        0.0,
        0.0,
        0.0,
        0.0,
        0.0,
        0.0,
        0.0,
        0.0,
        0.0
    ],