{
    "T": [
        90.0,
        91.0,
        92.0,
        93.0,
        94.0,
        95.0,
        96.0,
        97.0,
        98.0,
        99.0,
        100.0,
        101.0,
        102.0,
        103.0,
        104.0,
        105.0,
        106.0,
        107.0,
        108.0,
        109.0,
        110.0,
        111.0,
        112.0,
        113.0,
        114.0,
        115.0,
        116.0,
        117.0,
        118.0,
        119.0,
        120.0,
        121.0,
        122.0,
        123.0,
        124.0,
        125.0,
        126.0,
        127.0,
        128.0,
        129.0,
        130.0,
        131.0,
        132.0,
        133.0,
        134.0,
        135.0,
        136.0,
        137.0,
        138.0,
        139.0,
        140.0,
        141.0,
        142.0,
        143.0,
        144.0,
        145.0,
        146.0,
        147.0,
        148.0,
        149.0,
        150.0,
        151.0,
        152.0,
        153.0,
        154.0,
        155.0,
        156.0,
        157.0,
        158.0,
        159.0,
        160.0,
        161.0,
        162.0,
        163.0,
        164.0,
        165.0,
        166.0,
        167.0,
        168.0,
        169.0,
        170.0,
        171.0,
        172.0,
        173.0,
        174.0,
        175.0,
        176.0,
        177.0,
        178.0,
        179.0
    ],
    "vevDepthReal": [
        -531815.7982967561,
        -518778.1680678242,
        -506001.53415576275,
        -493480.17400662985,
        -481208.5651845603,
        -469181.452492852,
        -457393.8864617926,
        -445840.7416261222,
        -434516.76045815204,
        -423422.2147374483,
        -412547.6828915839,
        -401891.2789143157,
        -391449.1736883623,
        -381211.0480246353,
        -371194.53975115815,
        -361375.27092672116,
        -351757.32634226454,
        -342337.35685985774,
        -333114.092630676,
        -324083.4681881983,
        -315243.5072805343,
        -306591.86683217424,
        -298126.32219101215,
        -289844.75247297564,
        -281745.1833097091,
        -273825.68923804566,
        -266084.48581872956,
        -258519.86557144683,
        -251130.22215147043,
        -243914.03544305835,
        -236869.8702362088,
        -229996.37900504802,
        -223292.2841690926,
        -216756.39231167943,
        -210387.58125988883,
        -204184.79773892605,
        -198147.06747173055,
        -192273.46869203748,
        -186563.15447010845,
        -181015.33367754624,
        -175629.28886944728,
        -170404.34298659864,
        -165339.89480806259,
        -160435.38381926387,
        -155690.31321790477,
        -151104.23764010094,
        -146676.7612522397,
        -142407.54495194653,
        -138296.29650076194,
        -134342.7691127611,
        -130546.7654658604,
        -126908.15100757316,
        -123426.8154904636,
        -120102.70877146522,
        -116935.82112725684,
        -113926.20763745949,
        -111073.93526968565,
        -108379.16307350506,
        -105842.05393456765,
        -103462.84250425125,
        -101241.8080608715,
        -99179.27826364164,
        -97275.63186214432,
        -95531.29483572257,
        -93946.77085941054,
        -92522.58602485892,
        -91259.34979888242,
        -90157.73047358394,
        -89218.46079668107,
        -88442.35892837102,
        -87830.30862767411,
        -87383.2858691769,
        -87102.38068865465,
        -86988.77492316975,
        -87043.78483469653,
        -87268.87719862521,
        -87665.67222330977,
        -88236.08513783464,
        -88982.1665889609,
        -89906.37551798574,
        -91011.58135316413,
        -92301.25371910898,
        -93779.67184077228,
        -95452.43490938673,
        -97327.30603199777,
        -99416.40690837838,
        -101773.87925775429,
        -104662.24901445338,
        -107625.22605996377,
        -110661.66180607978
    ],
    "vevDepthImag": [
        0.0,
        0.0,
        0.0,
        0.0,
        0.0,
        0.0,
        0.0,
        0.0,
        0.0,
        0.0,
        0.0,
        0.0,
        0.0,
        0.0,
        0.0,
        0.0,
        0.0,
        0.0,
        0.0,
        0.0,
        0.0,
        0.0,
        0.0,
        0.0,
        0.0,
        0.0,
        0.0,
        0.0,
        0.0,
        0.0,
        0.0,
        0.0,
        0.0,
        0.0,
        0.0,
        0.0,
        0.0,
        0.0,
        0.0,
        0.0,
        0.0,
        0.0,
        0.0,
        0.0,
        0.0,
        0.0,
        0.0,
        0.0,
        0.0,
        0.0,
        0.0,
        0.0,
        0.0,
        0.0,
        0.0,
        0.0,
        0.0,
        0.0,
        0.0,
        0.0,
        0.0,
        0.0,
        0.0,
        0.0,
        0.0,
        0.0,
        0.0,
        0.0,
        0.0,
        0.0,
        0.0,
        0.0,
        0.0,
        0.0,
        0.0,
        0.0,
        0.0,
        0.0,
        0.0,
        0.0,
        0.0,
        0.0,
        0.0,
        0.0,
        0.0,
        0.0,
        0.0,
        0.0,
        0.0,
        0.0
    ],