{
    "T": [
        90.0,
        91.0,
        92.0,
        93.0,
        94.0,
        95.0,
        96.0,
        97.0,
        98.0,
        99.0,
        100.0,
        101.0,
        102.0,
        103.0,
        104.0,
        105.0,
        106.0,
        107.0,
        108.0,
        109.0,
        110.0,
        111.0,
        112.0,
        113.0,
        114.0,
        115.0,
        116.0,
        117.0,
        118.0,
        119.0,
        120.0,
        121.0,
        122.0,
        123.0,
        124.0,
        125.0,
        126.0,
        127.0,
        128.0,
        129.0,
        130.0,
        131.0,
        132.0,
        133.0,
        134.0,
        135.0,
        136.0,
        137.0,
        138.0,
        139.0,
        140.0,
        141.0,
        142.0,
        143.0,
        144.0,
        145.0,
        146.0,
        147.0,
        148.0,
        149.0,
        150.0,
        151.0,
        152.0,
        153.0,
        154.0,
        155.0,
        156.0,
        157.0,
        158.0,
        159.0,
        160.0,
        161.0,
        162.0,
        163.0,
        164.0,
        165.0,
        166.0,
        167.0,
        168.0,
        169.0,
        170.0,
        171.0,
        172.0,
        173.0,
        174.0,
        175.0,
        176.0,
        177.0,
        178.0,
        179.0
    ],
    "vevDepthReal": [
        -531917.227657935,
        -518881.247529952,
        -506106.33018009906,
        -493586.6087956827,
        -481316.60684595344,
        -469291.1926254943,
        -457505.2441051805,
        -445954.06441012095,
        -434632.53724046977,
        -423538.22480660456,
        -412664.9749037441,
        -402010.1762453265,
        -391569.4745261626,
        -381339.58838774834,
        -371317.15278860746,
        -361499.0029982802,
        -351882.10139301216,
        -342463.5749625756,
        -333240.6857954218,
        -324210.83129302185,
        -315371.5501476929,
        -306720.48606049054,
        -298255.4130532837,
        -289974.2196280756,
        -281874.8985930508,
        -273955.5218855861,
        -266214.37787205627,
        -258649.68295901178,
        -251259.84051147892,
        -244043.3409519531,
        -236998.74756106533,
        -230124.7049373082,
        -223419.94342138822,
        -216883.26686570782,
        -210513.5541817491,
        -204309.75681358651,
        -198270.89434042462,
        -192396.05442721344,
        -186684.38815571726,
        -181135.11545787647,
        -175747.50905959046,
        -170520.90514536685,
        -165454.6960543707,
        -160548.34896330914,
        -155801.35123395993,
        -151213.26637024034,
        -146783.71337461434,
        -142512.34976712384,
        -138398.89194357034,
        -134443.09944985108,
        -130644.8000512821,
        -127003.83806224413,
        -123520.13507548672,
        -120193.6390404606,
        -117024.35939870632,
        -114012.34095192813,
        -111157.69235399226,
        -108460.54787325673,
        -105921.10450024519,
        -103539.60726787022,
        -101316.3419665995,
        -99251.64795855773,
        -97345.91771387233,
        -95599.59541791234,
        -94013.1732857871,
        -92587.22824778101,
        -91322.35663828418,
        -90219.24164762851,
        -89278.5192158018,
        -88500.92950392536,
        -87887.36063334405,
        -87438.74604304583,
        -87156.26180244822,
        -87040.97573389173,
        -87094.22956717631,
        -87317.47342995623,
        -87712.18067471562,
        -88280.65022472334,
        -89024.50588956023,
        -89946.3213875506,
        -91048.94147957726,
        -92335.78764044934,
        -93811.10548940575,
        -95480.4151000394,
        -97351.35987729765,
        -99435.82910141943,
        -101773.17651444486,
        -104661.6068646697,
        -107624.60975497066,
        -110661.07661260074
    ],
    "vevDepthImag": [
        0.0,
        0.0,
        0.0,
        0.0,
        0.0,
        0.0,
        0.0,
        0.0,
        0.0,
        0.0,
        0.0,
        0.0,
        0.0,
        0.0,
        0.0,
        0.0,
        0.0,
        0.0,
        0.0,
        0.0,
        0.0,
        0.0,
        0.0,
        0.0,
        0.0,
        0.0,
        0.0,
        0.0,
        0.0,
        0.0,
        0.0,
        0.0,
        0.0,
        0.0,
        0.0,
        0.0,
        0.0,
        0.0,
        0.0,
        0.0,
        0.0,
        0.0,
        0.0,
        0.0,
        0.0,
        0.0,
        0.0,
        0.0,
        0.0,
        0.0,
        0.0,
        0.0,
        0.0,
        0.0,
        0.0,
        0.0,
        0.0,
        0.0,
        0.0,
        0.0,
        0.0,
        0.0,
        0.0,
        0.0,
        0.0,
        0.0,
        0.0,
        0.0,
        0.0,
        0.0,
        0.0,
        0.0,
        0.0,
        0.0,
        0.0,
        0.0,
        0.0,
        0.0,
        0.0,
        0.0,
        0.0,
        0.0,
        0.0,
        0.0,
        0.0,
        0.0,
        0.0,
        0.0,
        0.0,
        0.0
    ],