{
    "T": [
        90.0,
        91.0,
        92.0,
        93.0,
        94.0,
        95.0,
        96.0,
        97.0,
        98.0,
        99.0,
        100.0,
        101.0,
        102.0,
        103.0,
        104.0,
        105.0,
        106.0,
        107.0,
        108.0,
        109.0,
        110.0,
        111.0,
        112.0,
        113.0,
        114.0,
        115.0,
        116.0,
        117.0,
        118.0,
        119.0,
        120.0,
        121.0,
        122.0,
        123.0,
        124.0,
        125.0,
        126.0,
        127.0,
        128.0,
        129.0,
        130.0,
        131.0,
        132.0,
        133.0,
        134.0,
        135.0,
        136.0,
        137.0,
        138.0,
        139.0,
        140.0,
        141.0,
        142.0,
        143.0,
        144.0,
        145.0,
        146.0,
        147.0,
        148.0,
        149.0,
        150.0,
        151.0,
        152.0,
        153.0,
        154.0,
        155.0,
        156.0,
        157.0,
        158.0,
        159.0,
        160.0,
        161.0,
        162.0,
        163.0,
        164.0,
        165.0,
        166.0,
        167.0,
        168.0,
        169.0,
        170.0,
        171.0,
        172.0,
        173.0,
        174.0,
        175.0,
        176.0,
        177.0,
        178.0,
        179.0
    ],
    "vevDepthReal": [
        -531923.4109183274,
        -518886.2249410522,
        -506110.2474559186,
        -493589.45511169045,
        -481318.40653616714,
        -469291.7956864587,
        -457504.6926219857,
        -445951.72208371025,
        -434630.36099667125,
        -423534.31377448956,
        -412660.2333137521,
        -402004.17808553623,
        -391562.47517527797,
        -381331.6074783342,
        -371308.25121924974,
        -361489.21659637784,
        -351871.4596186728,
        -342452.19051256316,
        -333228.5892412026,
        -324198.0858286776,
        -315358.2221928602,
        -306706.64587945404,
        -298241.13426013826,
        -289959.5751130422,
        -281859.96819644934,
        -273940.41045912413,
        -266199.1102496406,
        -258634.3607536189,
        -251244.53811447532,
        -244028.17381855403,
        -236983.78164566858,
        -230110.02315085355,
        -223405.61739097117,
        -216869.3975419688,
        -210500.20867332022,
        -204297.0194908465,
        -198258.83850440293,
        -192384.75262259744,
        -186673.91102461933,
        -181125.52811533038,
        -175738.87567397204,
        -170513.28520237334,
        -165448.14685183507,
        -160542.9049784604,
        -155797.06343692617,
        -151210.1723207104,
        -146781.8377364752,
        -142511.7169639093,
        -138399.51817956014,
        -134444.99496976312,
        -130647.95280984924,
        -127008.24295880973,
        -123525.74905888904,
        -120200.47353170413,
        -117032.35001495719,
        -114021.4427623251,
        -111167.83360439788,
        -108471.6589597656,
        -105933.097947956,
        -103552.37961700499,
        -101329.7809385126,
        -99265.61066689464,
        -97360.28310581675,
        -95614.22442365167,
        -94027.88717735575,
        -92601.83112852834,
        -91336.64767583653,
        -90233.0295292939,
        -89291.67868325155,
        -88513.4270718992,
        -87899.14365189367,
        -87449.81735805418,
        -87166.5155989599,
        -87050.4296325274,
        -87102.8655124612,
        -87325.28547478287,
        -87719.32182178041,
        -88286.82144332526,
        -89029.88115695787,
        -89950.82878277627,
        -91052.82089711213,
        -92338.99377336731,
        -93813.6992759329,
        -95482.46216232928,
        -97352.93443662135,
        -99437.0386364565,
        -101773.87874893905,
        -104662.24950647724,
        -107625.2249406669,
        -110661.66112845622
    ],
    "vevDepthImag": [
        0.0,
        0.0,
        0.0,
        0.0,
        0.0,
        0.0,
        0.0,
        0.0,
        0.0,
        0.0,
        0.0,
        0.0,
        0.0,
        0.0,
        0.0,
        0.0,
        0.0,
        0.0,
        0.0,
        0.0,
        0.0,
        0.0,
        0.0,
        0.0,
        0.0,
        0.0,
        0.0,
        0.0,
        0.0,
        0.0,
        0.0,
        0.0,
        0.0,
        0.0,
        0.0,
        0.0,
        0.0,
        0.0,
        0.0,
        0.0,
        0.0,
        0.0,
        0.0,
        0.0,
        0.0,
        0.0,
        0.0,
        0.0,
        0.0,
        0.0,
        0.0,
        0.0,
        0.0,
        0.0,
        0.0,
        0.0,
        0.0,
        0.0,
        0.0,
        0.0,
        0.0,
        0.0,
        0.0,
        0.0,
        0.0,
        0.0,
        0.0,
        0.0,
        0.0,
        0.0,
        0.0,
        0.0,
        0.0,
        0.0,
        0.0,
        0.0,
        0.0,
        0.0,
        0.0,
        0.0,
        0.0,
        0.0,
        0.0,
        0.0,
        0.0,
        0.0,
        0.0,
        0.0,
        0.0,
        0.0
    ],