{
    "bmNumber": 2,
    "failureReason": false,
    "T": [
        90.0,
        91.0,
        92.0,
        93.0,
        94.0,
        95.0,
        96.0,
        97.0,
        98.0,
        99.0,
        100.0,
        101.0,
        102.0,
        103.0,
        104.0,
        105.0,
        106.0,
        107.0,
        108.0,
        109.0,
        110.0,
        111.0,
        112.0,
        113.0,
        114.0,
        115.0,
        116.0,
        117.0,
        118.0,
        119.0,
        120.0,
        121.0,
        122.0,
        123.0,
        124.0,
        125.0,
        126.0,
        127.0,
        128.0,
        129.0,
        130.0,
        131.0,
        132.0,
        133.0,
        134.0,
        135.0,
        136.0,
        137.0,
        138.0,
        139.0,
        140.0,
        141.0,
        142.0,
        143.0,
        144.0,
        145.0,
        146.0,
        147.0,
        148.0,
        149.0,
        150.0,
        151.0,
        152.0,
        153.0,
        154.0,
        155.0,
        156.0,
        157.0,
        158.0,
        159.0,
        160.0,
        161.0,
        162.0,
        163.0,
        164.0,
        165.0,
        166.0,
        167.0,
        168.0,
        169.0,
        170.0,
        171.0,
        172.0,
        173.0,
        174.0,
        175.0,
        176.0,
        177.0,
        178.0,
        179.0
    ],
    "vevDepthReal": [
        -531890.3132302365,
        -518853.94043718895,
        -506078.4294275495,
        -493558.1611301552,
        -481287.6112627493,
        -469261.6019608607,
        -457475.101393615,
        -445923.4257675943,
        -434602.0201295196,
        -423506.6912787244,
        -412632.98731459316,
        -401977.8913920883,
        -391536.9470098783,
        -381306.81272707693,
        -371284.2534840528,
        -361466.00229008903,
        -351849.10892083135,
        -342430.6552757069,
        -333207.90950358013,
        -324178.30924453895,
        -315339.3633528011,
        -306688.7273849055,
        -298224.179650986,
        -289943.60233148217,
        -281845.02027094155,
        -273926.5072210889,
        -266186.2501674116,
        -258622.61753689445,
        -251233.93446587792,
        -244018.6999101781,
        -236975.48034770982,
        -230102.92452100542,
        -223399.75911551845,
        -216864.78690730096,
        -210496.89127584,
        -204295.0157476567,
        -198258.18049312898,
        -192385.4581666299,
        -186676.03610130056,
        -181129.09000672345,
        -175743.90484179763,
        -170519.81373747857,
        -165456.2023865705,
        -160552.52909456633,
        -155808.28214388248,
        -151223.0202096261,
        -146796.34856984444,
        -142527.91146039288,
        -138417.45576388726,
        -134464.69833123535,
        -130669.45663575389,
        -127031.58578501154,
        -123550.98204437757,
        -120227.59662536749,
        -117061.42480632625,
        -114052.50220236396,
        -111200.91788731668,
        -108506.8069416871,
        -105970.35033589636,
        -103591.77670976592,
        -101371.36424817302,
        -99309.4390756604,
        -97406.38218292498,
        -95662.62215449165,
        -94078.64495132855,
        -92654.99347297188,
        -91392.27218436335,
        -90291.14281873593,
        -89352.34041360392,
        -88576.69234587286,
        -87965.03888554445,
        -87518.43574888862,
        -87237.90186134525,
        -87124.63261471657,
        -87179.94332884553,
        -87405.31016010353,
        -87802.35709927007,
        -88372.93516054543,
        -89119.15276523806,
        -90043.43945539484,
        -91148.6686593379,
        -92438.27451460858,
        -93916.53810033425,
        -95589.00842809837,
        -97463.40154096678,
        -99551.73110615491,
        -101900.35713746194,
        -104790.4330807157,
        -107755.09511463682,
        -110793.21129007825
    ],
    "vevDepthImag": [
        0.0,
        0.0,
        0.0,
        0.0,
        0.0,
        0.0,
        0.0,
        0.0,
        0.0,
        0.0,
        0.0,
        0.0,
        0.0,
        0.0,
        0.0,
        0.0,
        0.0,
        0.0,
        0.0,
        0.0,
        0.0,
        0.0,
        0.0,
        0.0,
        0.0,
        0.0,
        0.0,
        0.0,
        0.0,
        0.0,
        0.0,
        0.0,
        0.0,
        0.0,
        0.0,
        0.0,
        0.0,
        0.0,
        0.0,
        0.0,
        0.0,
        0.0,
        0.0,
        0.0,
        0.0,
        0.0,
        0.0,
        0.0,
        0.0,
        0.0,
        0.0,
        0.0,
        0.0,
        0.0,
        0.0,
        0.0,
        0.0,
        0.0,
        0.0,
        0.0,
        0.0,
        0.0,
        0.0,
        0.0,
        0.0,
        0.0,
        0.0,
        0.0,
        0.0,
        0.0,
        0.0,
        0.0,
        0.0,
        0.0,
        0.0,
        0.0,
        0.0,
        0.0,
        0.0,
        0.0,
        0.0,
        0.0,
        0.0,
        0.0,
        0.0,
        0.0,
        0.0,
        0.0,
        0.0,
        0.0
    ],