{
    "T": [
        90.0,
        91.0,
        92.0,
        93.0,
        94.0,
        95.0,
        96.0,
        97.0,
        98.0,
        99.0,
        100.0,
        101.0,
        102.0,
        103.0,
        104.0,
        105.0,
        106.0,
        107.0,
        108.0,
        109.0,
        110.0,
        111.0,
        112.0,
        113.0,
        114.0,
        115.0,
        116.0,
        117.0,
        118.0,
        119.0,
        120.0,
        121.0,
        122.0,
        123.0,
        124.0,
        125.0,
        126.0,
        127.0,
        128.0,
        129.0,
        130.0,
        131.0,
        132.0,
        133.0,
        134.0,
        135.0,
        136.0,
        137.0,
        138.0,
        139.0,
        140.0,
        141.0,
        142.0,
        143.0,
        144.0,
        145.0,
        146.0,
        147.0,
        148.0,
        149.0,
        150.0,
        151.0,
        152.0,
        153.0,
        154.0,
        155.0,
        156.0,
        157.0,
        158.0,
        159.0,
        160.0,
        161.0,
        162.0,
        163.0,
        164.0,
        165.0,
        166.0,
        167.0,
        168.0,
        169.0,
        170.0,
        171.0,
        172.0,
        173.0,
        174.0,
        175.0,
        176.0,
        177.0,
        178.0,
        179.0
    ],
    "vevDepthReal": [
        -531917.7887646577,
        -518881.48105943075,
        -506106.20854968013,
        -493586.16301490914,
        -481315.8654796494,
        -469290.0654676552,
        -457503.7854712036,
        -445952.2912376293,
        -434630.49152771325,
        -423535.8536391302,
        -412662.54127454653,
        -402007.26014680177,
        -391566.3153123262,
        -381335.82883969846,
        -371313.5351156575,
        -361495.212868912,
        -351878.0803450282,
        -342459.47347050306,
        -333236.4600579695,
        -324206.51105640683,
        -315367.1520463517,
        -306716.0388764829,
        -298250.8917608309,
        -289969.75254348095,
        -281870.46191217203,
        -273951.1704074363,
        -266210.0746925779,
        -258645.4866180518,
        -251255.78048298878,
        -244039.43840821838,
        -236995.0218762256,
        -230121.1936940316,
        -223416.66657556526,
        -216880.24574434315,
        -210510.80982828487,
        -204307.31094254882,
        -198268.7656489654,
        -192394.2608974045,
        -186682.93259154283,
        -181134.0373931248,
        -175746.80892599956,
        -170520.59422451234,
        -165454.7859867327,
        -160548.83267892685,
        -155802.23598159043,
        -151214.55800145413,
        -146785.4029390228,
        -142514.4330550317,
        -138401.3601898936,
        -134445.94435294953,
        -130647.99428820363,
        -127007.36728138468,
        -123523.97423589017,
        -120197.68639864752,
        -117028.73236367793,
        -114016.93088234194,
        -111162.4517556358,
        -108465.43520741932,
        -105926.05961491527,
        -103544.59020408933,
        -101321.28309133873,
        -99256.4648508091,
        -97350.57510674965,
        -95603.98716432363,
        -94017.24806853177,
        -92590.87172120246,
        -91325.47701629836,
        -90221.76123864428,
        -89280.43825688542,
        -88502.3473867182,
        -87888.37288920158,
        -87439.5040505165,
        -87156.82037764574,
        -87041.5151909373,
        -87094.75526809307,
        -87317.98308578596,
        -87712.82669221247,
        -88281.0614321919,
        -89024.95063392622,
        -89946.72929915703,
        -91049.34054092618,
        -92336.07938287884,
        -93811.45079193884,
        -95480.72782409121,
        -97351.64101388333,
        -99436.07453425741,
        -101773.3180538473,
        -104661.73741226151,
        -107624.72980274064,
        -110661.1825785201
    ],
    "vevDepthImag": [
        0.0,
        0.0,
        0.0,
        0.0,
        0.0,
        0.0,
        0.0,
        0.0,
        0.0,
        0.0,
        0.0,
        0.0,
        0.0,
        0.0,
        0.0,
        0.0,
        0.0,
        0.0,
        0.0,
        0.0,
        0.0,
        0.0,
        0.0,
        0.0,
        0.0,
        0.0,
        0.0,
        0.0,
        0.0,
        0.0,
        0.0,
        0.0,
        0.0,
        0.0,
        0.0,
        0.0,
        0.0,
        0.0,
        0.0,
        0.0,
        0.0,
        0.0,
        0.0,
        0.0,
        0.0,
        0.0,
        0.0,
        0.0,
        0.0,
        0.0,
        0.0,
        0.0,
        0.0,
        0.0,
        0.0,
        0.0,
        0.0,
        0.0,
        0.0,
        0.0,
        0.0,
        0.0,
        0.0,
        0.0,
        0.0,
        0.0,
        0.0,
        0.0,
        0.0,
        0.0,
        0.0,
        0.0,
        0.0,
        0.0,
        0.0,
        0.0,
        0.0,
        0.0,
        0.0,
        0.0,
        0.0,
        0.0,
        0.0,
        0.0,
        0.0,
        0.0,
        0.0,
        0.0,
        0.0,
        0.0
    ],