{
    "T": [
        90.0,
        91.0,
        92.0,
        93.0,
        94.0,
        95.0,
        96.0,
        97.0,
        98.0,
        99.0,
        100.0,
        101.0,
        102.0,
        103.0,
        104.0,
        105.0,
        106.0,
        107.0,
        108.0,
        109.0,
        110.0,
        111.0,
        112.0,
        113.0,
        114.0,
        115.0,
        116.0,
        117.0,
        118.0,
        119.0,
        120.0,
        121.0,
        122.0,
        123.0,
        124.0,
        125.0,
        126.0,
        127.0,
        128.0,
        129.0,
        130.0,
        131.0,
        132.0,
        133.0,
        134.0,
        135.0,
        136.0,
        137.0,
        138.0,
        139.0,
        140.0,
        141.0,
        142.0,
        143.0,
        144.0,
        145.0,
        146.0,
        147.0,
        148.0,
        149.0,
        150.0,
        151.0,
        152.0,
        153.0,
        154.0,
        155.0,
        156.0,
        157.0,
        158.0,
        159.0,
        160.0,
        161.0,
        162.0,
        163.0,
        164.0,
        165.0,
        166.0,
        167.0,
        168.0,
        169.0,
        170.0,
        171.0,
        172.0,
        173.0,
        174.0,
        175.0,
        176.0,
        177.0,
        178.0,
        179.0
    ],
    "vevDepthReal": [
        -531815.7982967638,
        -518778.168068074,
        -506001.51504028373,
        -493480.1890447314,
        -481208.5651845608,
        -469181.361529558,
        -457393.8864618035,
        -445840.74162612716,
        -434516.76045006776,
        -423422.2230019623,
        -412547.6828915662,
        -401891.27892420505,
        -391449.17368827865,
        -381211.04802338465,
        -371194.53973975754,
        -361375.27092672326,
        -351757.326340404,
        -342337.845552051,
        -333114.09263067646,
        -324083.4681881982,
        -315243.5072805334,
        -306591.8668321748,
        -298126.32219111064,
        -289844.75247297535,
        -281745.1833102755,
        -273825.691867976,
        -266084.4858187402,
        -258519.86557081647,
        -251130.22210100506,
        -243914.03544404014,
        -236869.87141388122,
        -229996.37916208056,
        -223292.28437817335,
        -216756.39231168103,
        -210387.58092971664,
        -204184.78535697894,
        -198147.0400342476,
        -192273.46894881706,
        -186563.1544678289,
        -181015.33352762673,
        -175629.28918814106,
        -170404.3429860604,
        -165339.89480808325,
        -160435.38381926436,
        -155690.31336671917,
        -151104.23759752768,
        -146676.76125446655,
        -142407.54486707633,
        -138296.2965569248,
        -134342.76902312462,
        -130546.76546585986,
        -126908.15093854503,
        -123426.81259703753,
        -120102.70860067756,
        -116935.82588063239,
        -113926.20062779017,
        -111073.94109421526,
        -108379.16360313309,
        -105842.05391974082,
        -103462.84250473678,
        -101241.80806729103,
        -99179.27826364229,
        -97275.631862145,
        -95531.29753068788,
        -93946.77086528558,
        -92522.58602485943,
        -91259.34744658199,
        -90157.73047358518,
        -89218.46079703102,
        -88442.35892836936,
        -87830.30862767417,
        -87383.28586917695,
        -87102.38068865018,
        -86988.77492316967,
        -87043.78535019295,
        -87268.87719927425,
        -87665.67222331007,
        -88236.08511568123,
        -88982.16658894441,
        -89906.3755179907,
        -91011.58135316336,
        -92301.24159594152,
        -93779.67184077275,
        -95452.43490938481,
        -97327.30603191954,
        -99416.40690837853,
        -101773.88019871622,
        -104662.25120635235,
        -107625.22389991904,
        -110661.66248102662
    ],
    "vevDepthImag": [
        0.0,
        0.0,
        0.0,
        0.0,
        0.0,
        0.0,
        0.0,
        0.0,
        0.0,
        0.0,
        0.0,
        0.0,
        0.0,
        0.0,
        0.0,
        0.0,
        0.0,
        0.0,
        0.0,
        0.0,
        0.0,
        0.0,
        0.0,
        0.0,
        0.0,
        0.0,
        0.0,
        0.0,
        0.0,
        0.0,
        0.0,
        0.0,
        0.0,
        0.0,
        0.0,
        0.0,
        0.0,
        0.0,
        0.0,
        0.0,
        0.0,
        0.0,
        0.0,
        0.0,
        0.0,
        0.0,
        0.0,
        0.0,
        0.0,
        0.0,
        0.0,
        0.0,
        0.0,
        0.0,
        0.0,
        0.0,
        0.0,
        0.0,
        0.0,
        0.0,
        0.0,
        0.0,
        0.0,
        0.0,
        0.0,
        0.0,
        0.0,
        0.0,
        0.0,
        0.0,
        0.0,
        0.0,
        0.0,
        0.0,
        0.0,
        0.0,
        0.0,
        0.0,
        0.0,
        0.0,
        0.0,
        0.0,
        0.0,
        0.0,
        0.0,
        0.0,
        0.0,
        0.0,
        0.0,
        0.0
    ],