{
    "bmNumber": 2,
    "failureReason": false,
    "T": [
        90.0,
        91.0,
        92.0,
        93.0,
        94.0,
        95.0,
        96.0,
        97.0,
        98.0,
        99.0,
        100.0,
        101.0,
        102.0,
        103.0,
        104.0,
        105.0,
        106.0,
        107.0,
        108.0,
        109.0,
        110.0,
        111.0,
        112.0,
        113.0,
        114.0,
        115.0,
        116.0,
        117.0,
        118.0,
        119.0,
        120.0,
        121.0,
        122.0,
        123.0,
        124.0,
        125.0,
        126.0,
        127.0,
        128.0,
        129.0,
        130.0,
        131.0,
        132.0,
        133.0,
        134.0,
        135.0,
        136.0,
        137.0,
        138.0,
        139.0,
        140.0,
        141.0,
        142.0,
        143.0,
        144.0,
        145.0,
        146.0,
        147.0,
        148.0,
        149.0,
        150.0,
        151.0,
        152.0,
        153.0,
        154.0,
        155.0,
        156.0,
        157.0,
        158.0,
        159.0,
        160.0,
        161.0,
        162.0,
        163.0,
        164.0,
        165.0,
        166.0,
        167.0,
        168.0,
        169.0,
        170.0,
        171.0,
        172.0,
        173.0,
        174.0,
        175.0,
        176.0,
        177.0,
        178.0,
        179.0
    ],
    "vevDepthReal": [
        -531890.3132307759,
        -518853.9404371893,
        -506078.4294275489,
        -493558.1611301538,
        -481287.6112627504,
        -469261.5970108651,
        -457475.1013936131,
        -445923.425767624,
        -434602.0201302668,
        -423506.691278725,
        -412632.98732641747,
        -401977.8913920899,
        -391536.9405652417,
        -381306.81272705185,
        -371284.2521828949,
        -361466.0182682748,
        -351849.10892083315,
        -342430.65527570713,
        -333207.9203896819,
        -324178.30924456916,
        -315339.36335280177,
        -306688.72738490574,
        -298224.1796509872,
        -289943.6021138927,
        -281845.0056589965,
        -273926.5072874776,
        -266186.27385678026,
        -258622.61751746028,
        -251233.93397750182,
        -244018.69991295814,
        -236975.48057162578,
        -230102.924618618,
        -223399.7594625935,
        -216864.78908213775,
        -210496.89128008063,
        -204295.01570940253,
        -198258.1804932163,
        -192385.46593501235,
        -186676.03628374336,
        -181129.09000657103,
        -175743.90484180232,
        -170519.81373125143,
        -165456.20238051677,
        -160552.5290945614,
        -155808.28214389578,
        -151223.02020962627,
        -146796.34856984392,
        -142527.9231769511,
        -138417.45576388773,
        -134464.69833125293,
        -130669.45654237145,
        -127031.58574465242,
        -123550.9820443753,
        -120227.59663760415,
        -117061.42362944195,
        -114052.50220236386,
        -111200.91788731904,
        -108506.80726763947,
        -105970.35039498398,
        -103591.773812184,
        -101371.36419195759,
        -99309.43098395913,
        -97406.38218211824,
        -95662.62245230982,
        -94078.64494709103,
        -92654.99346989329,
        -91392.27223004434,
        -90291.14281870493,
        -89352.34044488771,
        -88576.69234587261,
        -87965.03888554378,
        -87518.43574889046,
        -87237.90186135769,
        -87124.6326145166,
        -87179.94332884213,
        -87405.31016010308,
        -87802.35709926779,
        -88372.93515878786,
        -89119.1527652755,
        -90043.44306795971,
        -91148.6686593423,
        -92438.27451460852,
        -93916.53810033367,
        -95589.00842781608,
        -97463.40154103804,
        -99551.73110615928,
        -101900.34558467231,
        -104790.43297806996,
        -107755.09314690983,
        -110793.21424895203
    ],
    "vevDepthImag": [
        0.0,
        0.0,
        0.0,
        0.0,
        0.0,
        0.0,
        0.0,
        0.0,
        0.0,
        0.0,
        0.0,
        0.0,
        0.0,
        0.0,
        0.0,
        0.0,
        0.0,
        0.0,
        0.0,
        0.0,
        0.0,
        0.0,
        0.0,
        0.0,
        0.0,
        0.0,
        0.0,
        0.0,
        0.0,
        0.0,
        0.0,
        0.0,
        0.0,
        0.0,
        0.0,
        0.0,
        0.0,
        0.0,
        0.0,
        0.0,
        0.0,
        0.0,
        0.0,
        0.0,
        0.0,
        0.0,
        0.0,
        0.0,
        0.0,
        0.0,
        0.0,
        0.0,
        0.0,
        0.0,
        0.0,
        0.0,
        0.0,
        0.0,
        0.0,
        0.0,
        0.0,
        0.0,
        0.0,
        0.0,
        0.0,
        0.0,
        0.0,
        0.0,
        0.0,
        0.0,
        0.0,
        0.0,
        0.0,
        0.0,
        0.0,
        0.0,
        0.0,
        0.0,
        0.0,
        0.0,
        0.0,
        0.0,
        0.0,
        0.0,
        0.0,
        0.0,
        0.0,
        0.0,
        0.0,
        0.0
    ],