{
    "T": [
        90.0,
        91.0,
        92.0,
        93.0,
        94.0,
        95.0,
        96.0,
        97.0,
        98.0,
        99.0,
        100.0,
        101.0,
        102.0,
        103.0,
        104.0,
        105.0,
        106.0,
        107.0,
        108.0,
        109.0,
        110.0,
        111.0,
        112.0,
        113.0,
        114.0,
        115.0,
        116.0,
        117.0,
        118.0,
        119.0,
        120.0,
        121.0,
        122.0,
        123.0,
        124.0,
        125.0,
        126.0,
        127.0,
        128.0,
        129.0,
        130.0,
        131.0,
        132.0,
        133.0,
        134.0,
        135.0,
        136.0,
        137.0,
        138.0,
        139.0,
        140.0,
        141.0,
        142.0,
        143.0,
        144.0,
        145.0,
        146.0,
        147.0,
        148.0,
        149.0,
        150.0,
        151.0,
        152.0,
        153.0,
        154.0,
        155.0,
        156.0,
        157.0,
        158.0,
        159.0,
        160.0,
        161.0,
        162.0,
        163.0,
        164.0,
        165.0,
        166.0,
        167.0,
        168.0,
        169.0,
        170.0,
        171.0,
        172.0,
        173.0,
        174.0,
        175.0,
        176.0,
        177.0,
        178.0,
        179.0
    ],
    "vevDepthReal": [
        -531815.7982967929,
        -518778.16806802235,
        -506001.5371695608,
        -493480.1889262412,
        -481208.5651845619,
        -469181.3615326971,
        -457393.88646181044,
        -445840.74162612035,
        -434516.76048170007,
        -423422.24836827454,
        -412547.6828915939,
        -401891.27891629003,
        -391449.17369264876,
        -381211.04802530014,
        -371194.53978700447,
        -361375.270926492,
        -351757.32634077145,
        -342337.84735255194,
        -333114.09263067535,
        -324083.4681881988,
        -315243.50728053274,
        -306591.86683217395,
        -298126.3221910591,
        -289844.7524729752,
        -281745.18330955616,
        -273825.6918142959,
        -266084.4858187127,
        -258519.8656279518,
        -251130.22214834476,
        -243914.03544347838,
        -236869.87206681664,
        -229996.379004724,
        -223292.28409771132,
        -216756.3923116797,
        -210387.57956459845,
        -204184.79969385907,
        -198147.05281470832,
        -192273.46236513517,
        -186563.15446782683,
        -181015.33377016993,
        -175629.28886944795,
        -170404.34546770016,
        -165339.8910299067,
        -160435.383819265,
        -155690.31336667167,
        -151104.2376402576,
        -146676.76125198902,
        -142407.54485001168,
        -138296.29650076243,
        -134342.76910308187,
        -130546.76546586154,
        -126908.15098080451,
        -123426.81548223498,
        -120102.70766771378,
        -116935.82049641886,
        -113926.20516476166,
        -111073.93526968581,
        -108379.16129523068,
        -105842.05393424525,
        -103462.84250393043,
        -101241.80806018971,
        -99179.27826364189,
        -97275.63186214578,
        -95531.29483279694,
        -93946.77086514891,
        -92522.58602485964,
        -91259.34725502884,
        -90157.7304735838,
        -89218.4607966723,
        -88442.35892837007,
        -87830.30862767465,
        -87383.28586917618,
        -87102.38068865665,
        -86988.77492316994,
        -87043.78501281815,
        -87268.878420208,
        -87665.67222330981,
        -88236.08538147714,
        -88982.16658896439,
        -89906.35293949164,
        -91011.58135316016,
        -92301.24161565426,
        -93779.67184077224,
        -95452.43490938684,
        -97327.30603201767,
        -99416.40690837841,
        -101773.8796965678,
        -104662.25152699937,
        -107625.22479857567,
        -110661.66097652767
    ],
    "vevDepthImag": [
        0.0,
        0.0,
        0.0,
        0.0,
        0.0,
        0.0,
        0.0,
        0.0,
        0.0,
        0.0,
        0.0,
        0.0,
        0.0,
        0.0,
        0.0,
        0.0,
        0.0,
        0.0,
        0.0,
        0.0,
        0.0,
        0.0,
        0.0,
        0.0,
        0.0,
        0.0,
        0.0,
        0.0,
        0.0,
        0.0,
        0.0,
        0.0,
        0.0,
        0.0,
        0.0,
        0.0,
        0.0,
        0.0,
        0.0,
        0.0,
        0.0,
        0.0,
        0.0,
        0.0,
        0.0,
        0.0,
        0.0,
        0.0,
        0.0,
        0.0,
        0.0,
        0.0,
        0.0,
        0.0,
        0.0,
        0.0,
        0.0,
        0.0,
        0.0,
        0.0,
        0.0,
        0.0,
        0.0,
        0.0,
        0.0,
        0.0,
        0.0,
        0.0,
        0.0,
        0.0,
        0.0,
        0.0,
        0.0,
        0.0,
        0.0,
        0.0,
        0.0,
        0.0,
        0.0,
        0.0,
        0.0,
        0.0,
        0.0,
        0.0,
        0.0,
        0.0,
        0.0,
        0.0,
        0.0,
        0.0
    ],