{
    "T": [
        90.0,
        91.0,
        92.0,
        93.0,
        94.0,
        95.0,
        96.0,
        97.0,
        98.0,
        99.0,
        100.0,
        101.0,
        102.0,
        103.0,
        104.0,
        105.0,
        106.0,
        107.0,
        108.0,
        109.0,
        110.0,
        111.0,
        112.0,
        113.0,
        114.0,
        115.0,
        116.0,
        117.0,
        118.0,
        119.0,
        120.0,
        121.0,
        122.0,
        123.0,
        124.0,
        125.0,
        126.0,
        127.0,
        128.0,
        129.0,
        130.0,
        131.0,
        132.0,
        133.0,
        134.0,
        135.0,
        136.0,
        137.0,
        138.0,
        139.0,
        140.0,
        141.0,
        142.0,
        143.0,
        144.0,
        145.0,
        146.0,
        147.0,
        148.0,
        149.0,
        150.0,
        151.0,
        152.0,
        153.0,
        154.0,
        155.0,
        156.0,
        157.0,
        158.0,
        159.0,
        160.0,
        161.0,
        162.0,
        163.0,
        164.0,
        165.0,
        166.0,
        167.0,
        168.0,
        169.0,
        170.0,
        171.0,
        172.0,
        173.0,
        174.0,
        175.0,
        176.0,
        177.0,
        178.0,
        179.0,
        180.0,
        181.0,
        182.0,
        183.0,
        184.0,
        185.0
    ],
    "vevDepthReal": [
        -742959.0634190703,
        -725536.9796485344,
        -708455.2951762065,
        -691705.6807980394,
        -675280.3681726862,
        -659171.933955043,
        -643373.3264179376,
        -627878.2511519507,
        -612680.1743992816,
        -597773.2641073081,
        -583151.8990030533,
        -568810.7547552654,
        -554744.7540492489,
        -540949.1102207287,
        -527419.2313797482,
        -514150.78434274194,
        -501139.6479807044,
        -488381.8801556133,
        -475873.78254173597,
        -463611.84800359304,
        -451592.6804406708,
        -439813.0815443455,
        -428270.00722198567,
        -416960.68801800074,
        -405882.30980736384,
        -395032.30148710305,
        -384408.26667274116,
        -374007.8518005712,
        -363828.8852004324,
        -353869.30066665995,
        -344127.14885656396,
        -334600.5918691606,
        -325287.89386541885,
        -316187.4373888922,
        -307297.69466455426,
        -298617.2239646962,
        -290144.669562732,
        -281878.8240487003,
        -273818.52881145437,
        -265962.654538012,
        -258310.23543393868,
        -250860.34354010457,
        -243612.13859902901,
        -236564.84896233643,
        -229717.7879709575,
        -223070.25607943695,
        -216621.8861278657,
        -210371.9991252244,
        -204320.22499607925,
        -198466.21531642988,
        -192809.65656955776,
        -187350.29671866156,
        -182088.00117324092,
        -177022.59754199776,
        -172154.0552894643,
        -167482.35157839675,
        -163007.5430814843,
        -158729.7364471859,
        -154649.09668947212,
        -150765.84082998088,
        -147080.24409101042,
        -143592.6368445223,
        -140303.40574999477,
        -137212.99386654777,
        -134321.90129104783,
        -131630.69002740973,
        -129139.94199284687,
        -126850.16583184834,
        -124762.07231314192,
        -122876.44123224737,
        -121194.13204813257,
        -119716.07787673028,
        -118443.28063165859,
        -117376.80944982718,
        -116517.90559278379,
        -115867.781092057,
        -115427.8363256194,
        -115199.57114990942,
        -115184.61732940163,
        -115384.7581174407,
        -115801.95221387711,
        -116438.36334263999,
        -117296.40000970392,
        -118378.7710826928,
        -119688.55794723098,
        -121229.32772549846,
        -123005.28900565539,
        -125021.53988890436,
        -127284.51884118942,
        -129802.78551639213,
        -132588.806701489,
        -135664.00821928363,
        -139276.2133483981,
        -143246.00492222645,
        -147300.95545550852,
        -151440.6097807825
    ],
    "vevDepthImag": [
        0.0,
        0.0,
        0.0,
        0.0,
        0.0,
        0.0,
        0.0,
        0.0,
        0.0,
        0.0,
        0.0,
        0.0,
        0.0,
        0.0,
        0.0,
        0.0,
        0.0,
        0.0,
        0.0,
        0.0,
        0.0,
        0.0,
        0.0,
        0.0,
        0.0,
        0.0,
        0.0,
        0.0,
        0.0,
        0.0,
        0.0,
        0.0,
        0.0,
        0.0,
        0.0,
        0.0,
        0.0,
        0.0,
        0.0,
        0.0,
        0.0,
        0.0,
        0.0,
        0.0,
        0.0,
        0.0,
        0.0,
        0.0,
        0.0,
        0.0,
        0.0,
        0.0,
        0.0,
        0.0,
        0.0,
        0.0,
        0.0,
        0.0,
        0.0,
        0.0,
        0.0,
        0.0,
        0.0,
        0.0,
        0.0,
        0.0,
        0.0,
        0.0,
        0.0,
        0.0,
        0.0,
        0.0,
        0.0,
        0.0,
        0.0,
        0.0,
        0.0,
        0.0,
        0.0,
        0.0,
        0.0,
        0.0,
        0.0,
        0.0,
        0.0,
        0.0,
        0.0,
        0.0,
        0.0,
        0.0,
        0.0,
        0.0,
        0.0,
        0.0,
        0.0,
        0.0
    ],