{
    "T": [
        90.0,
        91.0,
        92.0,
        93.0,
        94.0,
        95.0,
        96.0,
        97.0,
        98.0,
        99.0,
        100.0,
        101.0,
        102.0,
        103.0,
        104.0,
        105.0,
        106.0,
        107.0,
        108.0,
        109.0,
        110.0,
        111.0,
        112.0,
        113.0,
        114.0,
        115.0,
        116.0,
        117.0,
        118.0,
        119.0,
        120.0,
        121.0,
        122.0,
        123.0,
        124.0,
        125.0,
        126.0,
        127.0,
        128.0,
        129.0,
        130.0,
        131.0,
        132.0,
        133.0,
        134.0,
        135.0,
        136.0,
        137.0,
        138.0,
        139.0,
        140.0,
        141.0,
        142.0,
        143.0,
        144.0,
        145.0,
        146.0,
        147.0,
        148.0,
        149.0,
        150.0,
        151.0,
        152.0,
        153.0,
        154.0,
        155.0,
        156.0,
        157.0,
        158.0,
        159.0,
        160.0,
        161.0,
        162.0,
        163.0,
        164.0,
        165.0,
        166.0,
        167.0,
        168.0,
        169.0,
        170.0,
        171.0,
        172.0,
        173.0,
        174.0,
        175.0,
        176.0,
        177.0,
        178.0,
        179.0,
        180.0,
        181.0,
        182.0,
        183.0,
        184.0,
        185.0
    ],
    "vevDepthReal": [
        -742959.0634305995,
        -725536.9789587779,
        -708455.2865911261,
        -691705.6807980393,
        -675280.3681726853,
        -659171.9339550441,
        -643373.3264179355,
        -627878.2511519499,
        -612680.1733852767,
        -597773.2638611731,
        -583151.8990030527,
        -568810.7547552292,
        -554744.7540491942,
        -540949.1102246424,
        -527419.2313797487,
        -514150.78434273996,
        -501139.64441918,
        -488381.8801556161,
        -475873.7825417351,
        -463611.85306147195,
        -451592.68063632626,
        -439813.0815443466,
        -428269.9956073849,
        -416960.69179957703,
        -405882.30980736157,
        -395032.3028378763,
        -384408.26667041704,
        -374007.85180057,
        -363828.8852004322,
        -353869.30042739,
        -344127.14878445107,
        -334600.5918691593,
        -325287.89386514004,
        -316187.44030084915,
        -307297.69466425764,
        -298617.20977534255,
        -290144.6912596904,
        -281878.82404869975,
        -273818.52664236876,
        -265962.6545377131,
        -258310.23527210558,
        -250860.34213727797,
        -243612.13859874642,
        -236564.8491905759,
        -229717.7879709574,
        -223070.31870384116,
        -216621.8861277273,
        -210371.9991252242,
        -204320.2249960342,
        -198466.2162771071,
        -192809.65415530375,
        -187350.2967186625,
        -182088.00117426674,
        -177022.59766883243,
        -172154.05322127673,
        -167482.3515783965,
        -163007.54308148436,
        -158729.73640951543,
        -154649.09629710094,
        -150765.840830014,
        -147080.24409101284,
        -143592.636844523,
        -140303.40548483343,
        -137212.9935758605,
        -134321.901291087,
        -131630.69002371212,
        -129139.94154718614,
        -126850.16599901933,
        -124762.07231352563,
        -122876.44094439037,
        -121194.12240532503,
        -119716.07787653594,
        -118443.2806376974,
        -117376.83079193466,
        -116517.9060437603,
        -115867.77963915995,
        -115427.8363256189,
        -115199.56639502822,
        -115184.61732940195,
        -115384.75811743797,
        -115801.95221399273,
        -116438.36331856786,
        -117296.40001994067,
        -118378.77108263917,
        -119688.55794721037,
        -121229.32939716731,
        -123005.28900565562,
        -125021.53990179654,
        -127284.51241947516,
        -129802.7855163927,
        -132588.80670148876,
        -135664.00822627294,
        -139276.21094968694,
        -143246.0050150492,
        -147300.95517639077,
        -151440.61478988966
    ],
    "vevDepthImag": [
        0.0,
        0.0,
        0.0,
        0.0,
        0.0,
        0.0,
        0.0,
        0.0,
        0.0,
        0.0,
        0.0,
        0.0,
        0.0,
        0.0,
        0.0,
        0.0,
        0.0,
        0.0,
        0.0,
        0.0,
        0.0,
        0.0,
        0.0,
        0.0,
        0.0,
        0.0,
        0.0,
        0.0,
        0.0,
        0.0,
        0.0,
        0.0,
        0.0,
        0.0,
        0.0,
        0.0,
        0.0,
        0.0,
        0.0,
        0.0,
        0.0,
        0.0,
        0.0,
        0.0,
        0.0,
        0.0,
        0.0,
        0.0,
        0.0,
        0.0,
        0.0,
        0.0,
        0.0,
        0.0,
        0.0,
        0.0,
        0.0,
        0.0,
        0.0,
        0.0,
        0.0,
        0.0,
        0.0,
        0.0,
        0.0,
        0.0,
        0.0,
        0.0,
        0.0,
        0.0,
        0.0,
        0.0,
        0.0,
        0.0,
        0.0,
        0.0,
        0.0,
        0.0,
        0.0,
        0.0,
        0.0,
        0.0,
        0.0,
        0.0,
        0.0,
        0.0,
        0.0,
        0.0,
        0.0,
        0.0,
        0.0,
        0.0,
        0.0,
        0.0,
        0.0,
        0.0
    ],