{
    "T": [
        90.0,
        91.0,
        92.0,
        93.0,
        94.0,
        95.0,
        96.0,
        97.0,
        98.0,
        99.0,
        100.0,
        101.0,
        102.0,
        103.0,
        104.0,
        105.0,
        106.0,
        107.0,
        108.0,
        109.0,
        110.0,
        111.0,
        112.0,
        113.0,
        114.0,
        115.0,
        116.0,
        117.0,
        118.0,
        119.0,
        120.0,
        121.0,
        122.0,
        123.0,
        124.0,
        125.0,
        126.0,
        127.0,
        128.0,
        129.0,
        130.0,
        131.0,
        132.0,
        133.0,
        134.0,
        135.0,
        136.0,
        137.0,
        138.0,
        139.0,
        140.0,
        141.0,
        142.0,
        143.0,
        144.0,
        145.0,
        146.0,
        147.0,
        148.0,
        149.0,
        150.0,
        151.0,
        152.0,
        153.0,
        154.0,
        155.0,
        156.0,
        157.0,
        158.0,
        159.0,
        160.0,
        161.0,
        162.0,
        163.0,
        164.0,
        165.0,
        166.0,
        167.0,
        168.0,
        169.0,
        170.0,
        171.0,
        172.0,
        173.0,
        174.0,
        175.0,
        176.0,
        177.0,
        178.0,
        179.0,
        180.0,
        181.0,
        182.0,
        183.0,
        184.0,
        185.0
    ],
    "vevDepthReal": [
        -742959.0634267712,
        -725536.9796847224,
        -708455.2951762065,
        -691705.6807980423,
        -675280.3681726862,
        -659171.9339550452,
        -643373.3264179418,
        -627878.2511519489,
        -612680.172837985,
        -597773.2641073081,
        -583151.8990030558,
        -568810.7547552653,
        -554744.7572646207,
        -540949.1097640652,
        -527419.2313797482,
        -514150.78434274194,
        -501139.64901812136,
        -488381.88015561906,
        -475873.7825417363,
        -463611.8589548795,
        -451592.68044067,
        -439813.0815443456,
        -428269.9956074083,
        -416960.68801800016,
        -405882.3106336204,
        -395032.3091204878,
        -384408.2666747908,
        -374007.8518005712,
        -363828.88520043273,
        -353869.2991595872,
        -344127.1489462261,
        -334600.59186915914,
        -325287.893864439,
        -316187.4424734735,
        -307297.6946642209,
        -298617.21879131056,
        -290144.6912596903,
        -281878.831062978,
        -273818.52285411046,
        -265962.65453756653,
        -258310.2352721229,
        -250860.34363896813,
        -243612.13879888563,
        -236564.84896233672,
        -229717.7879709575,
        -223070.3102995194,
        -216621.88630059178,
        -210371.99912522425,
        -204320.23030679103,
        -198466.2153163558,
        -192809.65415530425,
        -187350.2967186614,
        -182088.00116312885,
        -177022.60167893692,
        -172154.05504011267,
        -167482.35157839739,
        -163007.54308148404,
        -158729.73502860407,
        -154649.09668947614,
        -150765.84083000766,
        -147080.24409101083,
        -143592.63684452226,
        -140303.40578422978,
        -137212.9939176274,
        -134321.90129147138,
        -131630.6900235765,
        -129139.94154721627,
        -126850.16812466976,
        -124762.07215362984,
        -122876.44093702354,
        -121194.12818477118,
        -119716.07787684572,
        -118443.28063161719,
        -117376.81066840315,
        -116517.90291977605,
        -115867.77962264503,
        -115427.8363256187,
        -115199.5711318711,
        -115184.61732940235,
        -115384.75833576155,
        -115801.95221425459,
        -116438.36323187003,
        -117296.39401480372,
        -118378.77108276532,
        -119688.55794748705,
        -121229.32906334859,
        -123005.28900565532,
        -125021.5416840951,
        -127284.51890754182,
        -129802.7855163929,
        -132588.8067014883,
        -135664.0082202251,
        -139276.21437589527,
        -143246.0041636739,
        -147300.95968163045,
        -151440.6107774735
    ],
    "vevDepthImag": [
        0.0,
        0.0,
        0.0,
        0.0,
        0.0,
        0.0,
        0.0,
        0.0,
        0.0,
        0.0,
        0.0,
        0.0,
        0.0,
        0.0,
        0.0,
        0.0,
        0.0,
        0.0,
        0.0,
        0.0,
        0.0,
        0.0,
        0.0,
        0.0,
        0.0,
        0.0,
        0.0,
        0.0,
        0.0,
        0.0,
        0.0,
        0.0,
        0.0,
        0.0,
        0.0,
        0.0,
        0.0,
        0.0,
        0.0,
        0.0,
        0.0,
        0.0,
        0.0,
        0.0,
        0.0,
        0.0,
        0.0,
        0.0,
        0.0,
        0.0,
        0.0,
        0.0,
        0.0,
        0.0,
        0.0,
        0.0,
        0.0,
        0.0,
        0.0,
        0.0,
        0.0,
        0.0,
        0.0,
        0.0,
        0.0,
        0.0,
        0.0,
        0.0,
        0.0,
        0.0,
        0.0,
        0.0,
        0.0,
        0.0,
        0.0,
        0.0,
        0.0,
        0.0,
        0.0,
        0.0,
        0.0,
        0.0,
        0.0,
        0.0,
        0.0,
        0.0,
        0.0,
        0.0,
        0.0,
        0.0,
        0.0,
        0.0,
        0.0,
        0.0,
        0.0,
        0.0
    ],