{
    "T": [
        90.0,
        91.0,
        92.0,
        93.0,
        94.0,
        95.0,
        96.0,
        97.0,
        98.0,
        99.0,
        100.0,
        101.0,
        102.0,
        103.0,
        104.0,
        105.0,
        106.0,
        107.0,
        108.0,
        109.0,
        110.0,
        111.0,
        112.0,
        113.0,
        114.0,
        115.0,
        116.0,
        117.0,
        118.0,
        119.0,
        120.0,
        121.0,
        122.0,
        123.0,
        124.0,
        125.0,
        126.0,
        127.0,
        128.0,
        129.0,
        130.0,
        131.0,
        132.0,
        133.0,
        134.0,
        135.0,
        136.0,
        137.0,
        138.0,
        139.0,
        140.0,
        141.0,
        142.0,
        143.0,
        144.0,
        145.0,
        146.0,
        147.0,
        148.0,
        149.0,
        150.0,
        151.0,
        152.0,
        153.0,
        154.0,
        155.0,
        156.0,
        157.0,
        158.0,
        159.0,
        160.0,
        161.0,
        162.0,
        163.0,
        164.0,
        165.0,
        166.0,
        167.0,
        168.0,
        169.0,
        170.0,
        171.0,
        172.0,
        173.0,
        174.0,
        175.0,
        176.0,
        177.0,
        178.0,
        179.0,
        180.0,
        181.0,
        182.0,
        183.0,
        184.0,
        185.0
    ],
    "vevDepthReal": [
        -742954.7747279044,
        -725533.813595009,
        -708453.2359983284,
        -691704.6354575208,
        -675280.2453729474,
        -659172.6755351895,
        -643374.9473365502,
        -627880.4705133412,
        -612682.9976994388,
        -597776.6065709658,
        -583155.6761094853,
        -568814.8734396312,
        -554749.1288353183,
        -540953.6437568824,
        -527423.8395285761,
        -514155.3776044482,
        -501144.11110119533,
        -488386.1965787755,
        -475877.83773965004,
        -463615.525466389,
        -451595.9035043189,
        -439815.7772043891,
        -428272.15950633417,
        -416962.14903095167,
        -405883.0388560535,
        -395032.2568429149,
        -384407.3625340115,
        -374006.0506697113,
        -363826.1406857359,
        -353865.5723599898,
        -344122.4055935261,
        -334594.77497835667,
        -325281.049455505,
        -316179.5180799787,
        -307288.68751494004,
        -298607.14425996743,
        -290133.54079845926,
        -281866.6611337338,
        -273805.3306236642,
        -265948.48554748634,
        -258295.1416632313,
        -250844.38606606566,
        -243595.37644704257,
        -236547.38933801913,
        -229699.7037562781,
        -223051.71614783688,
        -216602.87947052583,
        -210352.71213296682,
        -204300.79533608796,
        -198446.79806521654,
        -192790.40904094986,
        -187331.39744147498,
        -182069.61286028993,
        -177004.95809523354,
        -172137.34946705293,
        -167466.78778359902,
        -162993.14820105434,
        -158716.48694162228,
        -154636.95089393036,
        -150754.74141057298,
        -147070.11662963577,
        -143583.3897035781,
        -140294.92945863146,
        -137205.15694874505,
        -134314.5540210856,
        -131623.65919996568,
        -129133.07013753803,
        -126843.44603484134,
        -124755.50859721306,
        -122870.04504740765,
        -121187.91377322737,
        -119710.0414291021,
        -118437.43507933646,
        -117371.18309188522,
        -116512.45996385523,
        -115862.54632979192,
        -115422.81584579762,
        -115194.77360851986,
        -115180.04487943559,
        -115380.41809008463,
        -115797.84798397034,
        -116434.49957683998,
        -117292.7817496158,
        -118375.40323738869,
        -119685.44720663273,
        -121226.47866543948,
        -123002.61357067568,
        -125019.23354767312,
        -127282.49804450948,
        -129801.06393383954,
        -132587.403950505,
        -135662.9627686006,
        -139276.01012618266,
        -143245.87114181567,
        -147300.89048590735,
        -151440.61562777354
    ],
    "vevDepthImag": [
        0.0,
        0.0,
        0.0,
        0.0,
        0.0,
        0.0,
        0.0,
        0.0,
        0.0,
        0.0,
        0.0,
        0.0,
        0.0,
        0.0,
        0.0,
        0.0,
        0.0,
        0.0,
        0.0,
        0.0,
        0.0,
        0.0,
        0.0,
        0.0,
        0.0,
        0.0,
        0.0,
        0.0,
        0.0,
        0.0,
        0.0,
        0.0,
        0.0,
        0.0,
        0.0,
        0.0,
        0.0,
        0.0,
        0.0,
        0.0,
        0.0,
        0.0,
        0.0,
        0.0,
        0.0,
        0.0,
        0.0,
        0.0,
        0.0,
        0.0,
        0.0,
        0.0,
        0.0,
        0.0,
        0.0,
        0.0,
        0.0,
        0.0,
        0.0,
        0.0,
        0.0,
        0.0,
        0.0,
        0.0,
        0.0,
        0.0,
        0.0,
        0.0,
        0.0,
        0.0,
        0.0,
        0.0,
        0.0,
        0.0,
        0.0,
        0.0,
        0.0,
        0.0,
        0.0,
        0.0,
        0.0,
        0.0,
        0.0,
        0.0,
        0.0,
        0.0,
        0.0,
        0.0,
        0.0,
        0.0,
        0.0,
        0.0,
        0.0,
        0.0,
        0.0,
        0.0
    ],