{
    "T": [
        90.0,
        91.0,
        92.0,
        93.0,
        94.0,
        95.0,
        96.0,
        97.0,
        98.0,
        99.0,
        100.0,
        101.0,
        102.0,
        103.0,
        104.0,
        105.0,
        106.0,
        107.0,
        108.0,
        109.0,
        110.0,
        111.0,
        112.0,
        113.0,
        114.0,
        115.0,
        116.0,
        117.0,
        118.0,
        119.0,
        120.0,
        121.0,
        122.0,
        123.0,
        124.0,
        125.0,
        126.0,
        127.0,
        128.0,
        129.0,
        130.0,
        131.0,
        132.0,
        133.0,
        134.0,
        135.0,
        136.0,
        137.0,
        138.0,
        139.0,
        140.0,
        141.0,
        142.0,
        143.0,
        144.0,
        145.0,
        146.0,
        147.0,
        148.0,
        149.0,
        150.0,
        151.0,
        152.0,
        153.0,
        154.0,
        155.0,
        156.0,
        157.0,
        158.0,
        159.0,
        160.0,
        161.0,
        162.0,
        163.0,
        164.0,
        165.0,
        166.0,
        167.0,
        168.0,
        169.0,
        170.0,
        171.0,
        172.0,
        173.0,
        174.0,
        175.0,
        176.0,
        177.0,
        178.0,
        179.0,
        180.0,
        181.0,
        182.0,
        183.0,
        184.0,
        185.0
    ],
    "vevDepthReal": [
        -742954.7747279089,
        -725533.8135323081,
        -708453.2359983284,
        -691704.6354575208,
        -675280.2453729484,
        -659172.6760374927,
        -643374.9473365502,
        -627880.4705133412,
        -612682.9960210568,
        -597776.6065709685,
        -583155.6761094853,
        -568814.8734396312,
        -554749.1288353183,
        -540953.6437568824,
        -527423.839528573,
        -514155.3776044457,
        -501144.1109316203,
        -488386.19657877425,
        -475877.8377396478,
        -463615.5254663893,
        -451595.9025506614,
        -439815.76266161137,
        -428272.15950632916,
        -416962.1490267018,
        -405883.0388560918,
        -395032.25684291363,
        -384407.3625340102,
        -374006.0506697115,
        -363826.14068573836,
        -353865.57341001165,
        -344122.40559353546,
        -334594.77497820265,
        -325281.04945550615,
        -316179.51807990216,
        -307288.6875148433,
        -298607.1442599664,
        -290133.5407986475,
        -281866.66113220033,
        -273805.3306236078,
        -265948.4855472295,
        -258295.14166323066,
        -250844.38606607812,
        -243595.37644704254,
        -236547.38933725713,
        -229699.7037562781,
        -223051.71617657747,
        -216602.87959950045,
        -210352.71213296615,
        -204300.8004921146,
        -198446.79806521654,
        -192790.40904094986,
        -187331.39743491446,
        -182069.61285970797,
        -177004.95809523424,
        -172137.34946705293,
        -167466.78778359902,
        -162993.14820474054,
        -158716.48694162228,
        -154636.9508907421,
        -150754.74141040718,
        -147070.11662962515,
        -143583.3897035781,
        -140294.92945863193,
        -137205.15694844688,
        -134314.55402108585,
        -131623.65919996568,
        -129133.07013753812,
        -126843.44603483938,
        -124755.50859721385,
        -122870.04504740765,
        -121187.91378813297,
        -119710.04142882775,
        -118437.43507932812,
        -117371.18309164136,
        -116512.45996548144,
        -115862.54632977807,
        -115422.81819038332,
        -115194.77360851986,
        -115180.04487943559,
        -115380.41809008473,
        -115797.84798395452,
        -116434.49957683998,
        -117292.78174961609,
        -118375.40323738869,
        -119685.44720663209,
        -121226.47863515049,
        -123002.61357067568,
        -125019.23434148848,
        -127282.49804450948,
        -129801.06393383954,
        -132587.40395048782,
        -135662.96276860134,
        -139276.01012618266,
        -143245.87286624688,
        -147300.89048590735,
        -151440.61562777354
    ],
    "vevDepthImag": [
        0.0,
        0.0,
        0.0,
        0.0,
        0.0,
        0.0,
        0.0,
        0.0,
        0.0,
        0.0,
        0.0,
        0.0,
        0.0,
        0.0,
        0.0,
        0.0,
        0.0,
        0.0,
        0.0,
        0.0,
        0.0,
        0.0,
        0.0,
        0.0,
        0.0,
        0.0,
        0.0,
        0.0,
        0.0,
        0.0,
        0.0,
        0.0,
        0.0,
        0.0,
        0.0,
        0.0,
        0.0,
        0.0,
        0.0,
        0.0,
        0.0,
        0.0,
        0.0,
        0.0,
        0.0,
        0.0,
        0.0,
        0.0,
        0.0,
        0.0,
        0.0,
        0.0,
        0.0,
        0.0,
        0.0,
        0.0,
        0.0,
        0.0,
        0.0,
        0.0,
        0.0,
        0.0,
        0.0,
        0.0,
        0.0,
        0.0,
        0.0,
        0.0,
        0.0,
        0.0,
        0.0,
        0.0,
        0.0,
        0.0,
        0.0,
        0.0,
        0.0,
        0.0,
        0.0,
        0.0,
        0.0,
        0.0,
        0.0,
        0.0,
        0.0,
        0.0,
        0.0,
        0.0,
        0.0,
        0.0,
        0.0,
        0.0,
        0.0,
        0.0,
        0.0,
        0.0
    ],