{
    "T": [
        90.0,
        91.0,
        92.0,
        93.0,
        94.0,
        95.0,
        96.0,
        97.0,
        98.0,
        99.0,
        100.0,
        101.0,
        102.0,
        103.0,
        104.0,
        105.0,
        106.0,
        107.0,
        108.0,
        109.0,
        110.0,
        111.0,
        112.0,
        113.0,
        114.0,
        115.0,
        116.0,
        117.0,
        118.0,
        119.0,
        120.0,
        121.0,
        122.0,
        123.0,
        124.0,
        125.0,
        126.0,
        127.0,
        128.0,
        129.0,
        130.0,
        131.0,
        132.0,
        133.0,
        134.0,
        135.0,
        136.0,
        137.0,
        138.0,
        139.0,
        140.0,
        141.0,
        142.0,
        143.0,
        144.0,
        145.0,
        146.0,
        147.0,
        148.0,
        149.0,
        150.0,
        151.0,
        152.0,
        153.0,
        154.0,
        155.0,
        156.0,
        157.0,
        158.0,
        159.0,
        160.0,
        161.0,
        162.0,
        163.0,
        164.0,
        165.0,
        166.0,
        167.0,
        168.0,
        169.0,
        170.0,
        171.0,
        172.0,
        173.0,
        174.0,
        175.0,
        176.0,
        177.0,
        178.0,
        179.0,
        180.0,
        181.0,
        182.0,
        183.0,
        184.0,
        185.0
    ],
    "vevDepthReal": [
        -742964.6790013969,
        -725544.4951145527,
        -708464.4842637209,
        -691716.5305695295,
        -675292.6731973125,
        -659185.4886843286,
        -643388.1555414071,
        -627893.990929168,
        -612696.6719909174,
        -597790.4442940321,
        -583169.5455448017,
        -568828.7039571987,
        -554762.789962159,
        -540967.1364896153,
        -527437.0888556245,
        -514168.3331769181,
        -501156.6458247413,
        -488398.25604012277,
        -475889.28351060406,
        -463626.4419335049,
        -451606.1524092521,
        -439825.23248712724,
        -428280.92743262136,
        -416970.07395305554,
        -405890.13953576033,
        -395038.4711459606,
        -384412.72543414065,
        -374010.49716553866,
        -363829.6209734407,
        -353868.18401834427,
        -344124.10489700804,
        -334595.6036782229,
        -325280.98959533614,
        -316178.68157800986,
        -307287.0196883889,
        -298604.75618855073,
        -290130.5305893667,
        -281863.0113355674,
        -273801.1958369577,
        -265943.91423799156,
        -258290.29343944124,
        -250839.3378144534,
        -243590.31946056942,
        -236542.42099798133,
        -229695.0346111983,
        -223047.45693701203,
        -216599.24594724498,
        -210349.92484457232,
        -204298.88836825197,
        -198445.72362200543,
        -192790.10749711702,
        -187331.7279974351,
        -182070.2120229369,
        -177006.08779678633,
        -172138.6537044713,
        -167468.04312204933,
        -162994.336098415,
        -158717.61518155583,
        -154638.0326079308,
        -150755.8003303671,
        -147071.12341349028,
        -143584.3642432892,
        -140295.83653214335,
        -137206.08593841112,
        -134315.46445495205,
        -131624.56787222886,
        -129133.98291439525,
        -126844.31664932895,
        -124756.38940155474,
        -122870.91540824162,
        -121188.79958374533,
        -119710.92879124341,
        -118438.3518838684,
        -117372.06899080292,
        -116513.36973277002,
        -115863.43231265433,
        -115423.70213148324,
        -115195.68590984104,
        -115180.93654435445,
        -115381.29410328247,
        -115798.73450886854,
        -116435.38222883263,
        -117293.63339894751,
        -118376.26206040668,
        -119686.28637898582,
        -121227.30666251766,
        -123003.49346606966,
        -125019.9969081541,
        -127283.24199810013,
        -129801.76625593178,
        -132588.06299354215,
        -135663.56495722634,
        -140133.24509080796,
        -144124.21317456156,
        -147583.27037906507,
        -151674.55902032493
    ],
    "vevDepthImag": [
        0.0,
        0.0,
        0.0,
        0.0,
        0.0,
        0.0,
        0.0,
        0.0,
        0.0,
        0.0,
        0.0,
        0.0,
        0.0,
        0.0,
        0.0,
        0.0,
        0.0,
        0.0,
        0.0,
        0.0,
        0.0,
        0.0,
        0.0,
        0.0,
        0.0,
        0.0,
        0.0,
        0.0,
        0.0,
        0.0,
        0.0,
        0.0,
        0.0,
        0.0,
        0.0,
        0.0,
        0.0,
        0.0,
        0.0,
        0.0,
        0.0,
        0.0,
        0.0,
        0.0,
        0.0,
        0.0,
        0.0,
        0.0,
        0.0,
        0.0,
        0.0,
        0.0,
        0.0,
        0.0,
        0.0,
        0.0,
        0.0,
        0.0,
        0.0,
        0.0,
        0.0,
        0.0,
        0.0,
        0.0,
        0.0,
        0.0,
        0.0,
        0.0,
        0.0,
        0.0,
        0.0,
        0.0,
        0.0,
        0.0,
        0.0,
        0.0,
        0.0,
        0.0,
        0.0,
        0.0,
        0.0,
        0.0,
        0.0,
        0.0,
        0.0,
        0.0,
        0.0,
        0.0,
        0.0,
        0.0,
        0.0,
        0.0,
        0.0,
        0.0,
        0.0,
        0.0
    ],