{
    "T": [
        90.0,
        91.0,
        92.0,
        93.0,
        94.0,
        95.0,
        96.0,
        97.0,
        98.0,
        99.0,
        100.0,
        101.0,
        102.0,
        103.0,
        104.0,
        105.0,
        106.0,
        107.0,
        108.0,
        109.0,
        110.0,
        111.0,
        112.0,
        113.0,
        114.0,
        115.0,
        116.0,
        117.0,
        118.0,
        119.0,
        120.0,
        121.0,
        122.0,
        123.0,
        124.0,
        125.0,
        126.0,
        127.0,
        128.0,
        129.0,
        130.0,
        131.0,
        132.0,
        133.0,
        134.0,
        135.0,
        136.0,
        137.0,
        138.0,
        139.0,
        140.0,
        141.0,
        142.0,
        143.0,
        144.0,
        145.0,
        146.0,
        147.0,
        148.0,
        149.0,
        150.0,
        151.0,
        152.0,
        153.0,
        154.0,
        155.0,
        156.0,
        157.0,
        158.0,
        159.0,
        160.0,
        161.0,
        162.0,
        163.0,
        164.0,
        165.0,
        166.0,
        167.0,
        168.0,
        169.0,
        170.0,
        171.0,
        172.0,
        173.0,
        174.0,
        175.0,
        176.0,
        177.0,
        178.0,
        179.0,
        180.0,
        181.0,
        182.0,
        183.0,
        184.0,
        185.0
    ],
    "vevDepthReal": [
        -742964.708726976,
        -725544.5190064835,
        -708464.5777436367,
        -691716.530205726,
        -675292.6519553923,
        -659185.518978509,
        -643388.0488742433,
        -627893.9598464135,
        -612696.6870560753,
        -597790.4494820726,
        -583169.5914933295,
        -568828.6811332123,
        -554762.8594659218,
        -540967.1340428322,
        -527437.0707419576,
        -514168.31866259355,
        -501156.6376916895,
        -488398.25517886324,
        -475889.3142730439,
        -463626.38954282604,
        -451606.1855316654,
        -439825.28770508664,
        -428280.92448332347,
        -416970.09869357926,
        -405890.1413052609,
        -395038.4496494941,
        -384412.71066139033,
        -374010.50691926444,
        -363829.6033137974,
        -353868.1913992934,
        -344124.10059529,
        -334595.62313311646,
        -325280.94773578,
        -316178.652013483,
        -307287.0461258547,
        -298604.7276409839,
        -290130.51592993026,
        -281863.01701930596,
        -273801.1958369577,
        -265943.90649284294,
        -258290.23154960282,
        -250839.33064780023,
        -243590.28966078145,
        -236542.41282979207,
        -229695.04000052728,
        -223047.4534054139,
        -216599.26016288993,
        -210349.8926172436,
        -204298.89127481793,
        -198445.7273348815,
        -192790.12368401437,
        -187331.7284106609,
        -182070.41834850918,
        -177006.1061913846,
        -172138.650531147,
        -167468.04063468703,
        -162994.3169922873,
        -158717.61108927746,
        -154638.0351587446,
        -150755.78746210932,
        -147071.10678491724,
        -143584.35808591792,
        -140295.87219475,
        -137206.08988404166,
        -134315.4584360022,
        -131624.52678672003,
        -129133.9561424228,
        -126844.31093985002,
        -124756.3706450974,
        -122870.92430129347,
        -121188.79776008538,
        -119710.91769377672,
        -118438.34376689949,
        -117372.08759515421,
        -116513.36177594122,
        -115863.42154114362,
        -115423.70917160637,
        -115195.68620425547,
        -115180.92814154644,
        -115381.31830650617,
        -115798.73377013818,
        -116435.3649958403,
        -117293.64816172447,
        -118376.20980045118,
        -119686.28779373341,
        -121227.29374207644,
        -123003.4924380403,
        -125019.99681574109,
        -127283.24256933175,
        -129801.76595050923,
        -132588.06224104683,
        -135663.56356625093,
        -140150.51992556057,
        -144136.22160787386,
        -147566.7363932171,
        -151658.45448467275
    ],
    "vevDepthImag": [
        0.0,
        0.0,
        0.0,
        0.0,
        0.0,
        0.0,
        0.0,
        0.0,
        0.0,
        0.0,
        0.0,
        0.0,
        0.0,
        0.0,
        0.0,
        0.0,
        0.0,
        0.0,
        0.0,
        0.0,
        0.0,
        0.0,
        0.0,
        0.0,
        0.0,
        0.0,
        0.0,
        0.0,
        0.0,
        0.0,
        0.0,
        0.0,
        0.0,
        0.0,
        0.0,
        0.0,
        0.0,
        0.0,
        0.0,
        0.0,
        0.0,
        0.0,
        0.0,
        0.0,
        0.0,
        0.0,
        0.0,
        0.0,
        0.0,
        0.0,
        0.0,
        0.0,
        0.0,
        0.0,
        0.0,
        0.0,
        0.0,
        0.0,
        0.0,
        0.0,
        0.0,
        0.0,
        0.0,
        0.0,
        0.0,
        0.0,
        0.0,
        0.0,
        0.0,
        0.0,
        0.0,
        0.0,
        0.0,
        0.0,
        0.0,
        0.0,
        0.0,
        0.0,
        0.0,
        0.0,
        0.0,
        0.0,
        0.0,
        0.0,
        0.0,
        0.0,
        0.0,
        0.0,
        0.0,
        0.0,
        0.0,
        0.0,
        0.0,
        0.0,
        0.0,
        0.0
    ],