{
    "T": [
        90.0,
        91.0,
        92.0,
        93.0,
        94.0,
        95.0,
        96.0,
        97.0,
        98.0,
        99.0,
        100.0,
        101.0,
        102.0,
        103.0,
        104.0,
        105.0,
        106.0,
        107.0,
        108.0,
        109.0,
        110.0,
        111.0,
        112.0,
        113.0,
        114.0,
        115.0,
        116.0,
        117.0,
        118.0,
        119.0,
        120.0,
        121.0,
        122.0,
        123.0,
        124.0,
        125.0,
        126.0,
        127.0,
        128.0,
        129.0,
        130.0,
        131.0,
        132.0,
        133.0,
        134.0,
        135.0,
        136.0,
        137.0,
        138.0,
        139.0,
        140.0,
        141.0,
        142.0,
        143.0,
        144.0,
        145.0,
        146.0,
        147.0,
        148.0,
        149.0,
        150.0,
        151.0,
        152.0,
        153.0,
        154.0,
        155.0,
        156.0,
        157.0,
        158.0,
        159.0,
        160.0,
        161.0,
        162.0,
        163.0,
        164.0,
        165.0,
        166.0,
        167.0,
        168.0,
        169.0,
        170.0,
        171.0,
        172.0,
        173.0,
        174.0,
        175.0,
        176.0,
        177.0,
        178.0,
        179.0,
        180.0,
        181.0,
        182.0,
        183.0,
        184.0,
        185.0
    ],
    "vevDepthReal": [
        -742959.0627456253,
        -725536.9614567598,
        -708455.2786860295,
        -691705.681502662,
        -675280.3682429629,
        -659171.9329291766,
        -643373.4272206906,
        -627878.2505060588,
        -612680.1770931529,
        -597773.261754872,
        -583151.8988748649,
        -568810.7553826125,
        -554744.7556041247,
        -540949.1102005037,
        -527419.2313033857,
        -514150.78755202086,
        -501139.63550437446,
        -488381.8801060237,
        -475873.80360958574,
        -463611.86363806657,
        -451592.679218926,
        -439813.0841987812,
        -428270.03174099367,
        -416960.69148876093,
        -405882.3113409263,
        -395032.3158193906,
        -384408.2669646413,
        -374007.8510901126,
        -363828.88660737564,
        -353869.30010204844,
        -344127.14860813174,
        -334600.59263734036,
        -325287.8857537512,
        -316187.4421859645,
        -307297.69123858487,
        -298617.22343445546,
        -290144.667647042,
        -281878.8485461005,
        -273818.5231788177,
        -265962.6542851653,
        -258310.23604363648,
        -250860.3297482829,
        -243612.13962157795,
        -236564.8542204692,
        -229717.78750613303,
        -223070.25971206426,
        -216621.88540429118,
        -210371.9995828514,
        -204320.23261838412,
        -198466.2151461993,
        -192809.65445333096,
        -187350.29662310277,
        -182088.00134058108,
        -177022.60376734374,
        -172154.05622284475,
        -167482.35207113533,
        -163007.54515369402,
        -158729.7357614427,
        -154649.0967241193,
        -150765.84222407377,
        -147080.24394682926,
        -143592.63863864585,
        -140303.40396564873,
        -137212.99431824876,
        -134321.903501227,
        -131630.69071959442,
        -129139.93981117736,
        -126850.16754118826,
        -124762.07241300055,
        -122876.44323311745,
        -121194.13318433859,
        -119716.0815116013,
        -118443.28085723845,
        -117376.83187500725,
        -116517.90563832184,
        -115867.7824500461,
        -115427.8334298234,
        -115199.5712491245,
        -115184.61815579222,
        -115384.75866277529,
        -115801.95157363315,
        -116438.3612056009,
        -117296.38189406603,
        -118378.76149922067,
        -119688.55724751277,
        -121229.32115220049,
        -123005.2902327671,
        -125021.54583327741,
        -127284.52021636596,
        -129802.78878947174,
        -132588.80751217162,
        -135664.00770094665,
        -139276.21138276992,
        -143246.00038548824,
        -147300.95928018435,
        -151440.61398345395
    ],
    "vevDepthImag": [
        0.0,
        0.0,
        0.0,
        0.0,
        0.0,
        0.0,
        0.0,
        0.0,
        0.0,
        0.0,
        0.0,
        0.0,
        0.0,
        0.0,
        0.0,
        0.0,
        0.0,
        0.0,
        0.0,
        0.0,
        0.0,
        0.0,
        0.0,
        0.0,
        0.0,
        0.0,
        0.0,
        0.0,
        0.0,
        0.0,
        0.0,
        0.0,
        0.0,
        0.0,
        0.0,
        0.0,
        0.0,
        0.0,
        0.0,
        0.0,
        0.0,
        0.0,
        0.0,
        0.0,
        0.0,
        0.0,
        0.0,
        0.0,
        0.0,
        0.0,
        0.0,
        0.0,
        0.0,
        0.0,
        0.0,
        0.0,
        0.0,
        0.0,
        0.0,
        0.0,
        0.0,
        0.0,
        0.0,
        0.0,
        0.0,
        0.0,
        0.0,
        0.0,
        0.0,
        0.0,
        0.0,
        0.0,
        0.0,
        0.0,
        0.0,
        0.0,
        0.0,
        0.0,
        0.0,
        0.0,
        0.0,
        0.0,
        0.0,
        0.0,
        0.0,
        0.0,
        0.0,
        0.0,
        0.0,
        0.0,
        0.0,
        0.0,
        0.0,
        0.0,
        0.0,
        0.0
    ],