{
    "T": [
        90.0,
        91.0,
        92.0,
        93.0,
        94.0,
        95.0,
        96.0,
        97.0,
        98.0,
        99.0,
        100.0,
        101.0,
        102.0,
        103.0,
        104.0,
        105.0,
        106.0,
        107.0,
        108.0,
        109.0,
        110.0,
        111.0,
        112.0,
        113.0,
        114.0,
        115.0,
        116.0,
        117.0,
        118.0,
        119.0,
        120.0,
        121.0,
        122.0,
        123.0,
        124.0,
        125.0,
        126.0,
        127.0,
        128.0,
        129.0,
        130.0,
        131.0,
        132.0,
        133.0,
        134.0,
        135.0,
        136.0,
        137.0,
        138.0,
        139.0,
        140.0,
        141.0,
        142.0,
        143.0,
        144.0,
        145.0,
        146.0,
        147.0,
        148.0,
        149.0,
        150.0,
        151.0,
        152.0,
        153.0,
        154.0,
        155.0,
        156.0,
        157.0,
        158.0,
        159.0,
        160.0,
        161.0,
        162.0,
        163.0,
        164.0,
        165.0,
        166.0,
        167.0,
        168.0,
        169.0,
        170.0,
        171.0,
        172.0,
        173.0,
        174.0,
        175.0,
        176.0,
        177.0,
        178.0,
        179.0,
        180.0,
        181.0,
        182.0,
        183.0,
        184.0,
        185.0
    ],
    "vevDepthReal": [
        -742832.1684311514,
        -725409.3041559869,
        -708326.8489530837,
        -691576.5335360839,
        -675150.4995247552,
        -659041.0165292366,
        -643242.2175661683,
        -627746.4242835758,
        -612547.7380265181,
        -597640.2077356284,
        -583018.3425396931,
        -568676.6767551486,
        -554610.1920197562,
        -540814.0789678168,
        -527283.767420655,
        -514014.9197556678,
        -501003.4096307535,
        -488245.2631899852,
        -475736.91670797387,
        -463474.6920374434,
        -451455.26384566585,
        -439675.4394990137,
        -428132.23201593,
        -416822.7324040193,
        -405744.23529537284,
        -394894.16895060224,
        -384270.0719659765,
        -373869.65304742963,
        -363690.7201486145,
        -353731.20452209335,
        -343989.1580360652,
        -334462.7441613385,
        -325150.23384121316,
        -316049.9956180155,
        -307160.5126707008,
        -298480.3361652175,
        -290008.15446717787,
        -281742.69248152,
        -273682.80475999985,
        -265827.4041241265,
        -258175.49668869446,
        -250726.16232580144,
        -243478.56253162748,
        -236431.92312093225,
        -229585.55465440027,
        -222938.83278666818,
        -216491.1882671854,
        -210242.14516268313,
        -204191.2673060032,
        -198338.19245859102,
        -192682.6272031156,
        -187224.32618621347,
        -181963.07996513147,
        -176898.86580665203,
        -172031.5240021962,
        -167361.08102537,
        -162887.5924337971,
        -158611.16002021093,
        -154531.95863886576,
        -150650.19571886185,
        -146966.15905084557,
        -143480.17023374018,
        -140192.6239647215,
        -137103.96098054753,
        -134214.68468297308,
        -131525.35573346535,
        -129036.56071264582,
        -126748.81178987016,
        -124662.81396033092,
        -122779.35615995646,
        -121099.28794203795,
        -119623.57409631438,
        -118353.1895231465,
        -117289.23752639233,
        -116432.89769449353,
        -115785.45026003745,
        -115348.27045607979,
        -115122.88308299963,
        -115110.90403812104,
        -115314.12796975355,
        -115734.52348077697,
        -116374.25724301908,
        -117235.7511596718,
        -118321.72228161103,
        -119635.26405562252,
        -121179.96616839264,
        -122960.06954750566,
        -124980.69729547559,
        -127248.3373042172,
        -129771.65444784223,
        -132563.28613890545,
        -135645.1339815115,
        -139276.21891915568,
        -143246.00462558292,
        -147300.9558048045,
        -151440.6098470164
    ],
    "vevDepthImag": [
        0.0,
        0.0,
        0.0,
        0.0,
        0.0,
        0.0,
        0.0,
        0.0,
        0.0,
        0.0,
        0.0,
        0.0,
        0.0,
        0.0,
        0.0,
        0.0,
        0.0,
        0.0,
        0.0,
        0.0,
        0.0,
        0.0,
        0.0,
        0.0,
        0.0,
        0.0,
        0.0,
        0.0,
        0.0,
        0.0,
        0.0,
        0.0,
        0.0,
        0.0,
        0.0,
        0.0,
        0.0,
        0.0,
        0.0,
        0.0,
        0.0,
        0.0,
        0.0,
        0.0,
        0.0,
        0.0,
        0.0,
        0.0,
        0.0,
        0.0,
        0.0,
        0.0,
        0.0,
        0.0,
        0.0,
        0.0,
        0.0,
        0.0,
        0.0,
        0.0,
        0.0,
        0.0,
        0.0,
        0.0,
        0.0,
        0.0,
        0.0,
        0.0,
        0.0,
        0.0,
        0.0,
        0.0,
        0.0,
        0.0,
        0.0,
        0.0,
        0.0,
        0.0,
        0.0,
        0.0,
        0.0,
        0.0,
        0.0,
        0.0,
        0.0,
        0.0,
        0.0,
        0.0,
        0.0,
        0.0,
        0.0,
        0.0,
        0.0,
        0.0,
        0.0,
        0.0
    ],