{
    "T": [
        90.0,
        91.0,
        92.0,
        93.0,
        94.0,
        95.0,
        96.0,
        97.0,
        98.0,
        99.0,
        100.0,
        101.0,
        102.0,
        103.0,
        104.0,
        105.0,
        106.0,
        107.0,
        108.0,
        109.0,
        110.0,
        111.0,
        112.0,
        113.0,
        114.0,
        115.0,
        116.0,
        117.0,
        118.0,
        119.0,
        120.0,
        121.0,
        122.0,
        123.0,
        124.0,
        125.0,
        126.0,
        127.0,
        128.0,
        129.0,
        130.0,
        131.0,
        132.0,
        133.0,
        134.0,
        135.0,
        136.0,
        137.0,
        138.0,
        139.0,
        140.0,
        141.0,
        142.0,
        143.0,
        144.0,
        145.0,
        146.0,
        147.0,
        148.0,
        149.0,
        150.0,
        151.0,
        152.0,
        153.0,
        154.0,
        155.0,
        156.0,
        157.0,
        158.0,
        159.0,
        160.0,
        161.0,
        162.0,
        163.0,
        164.0,
        165.0,
        166.0,
        167.0,
        168.0,
        169.0,
        170.0,
        171.0,
        172.0,
        173.0,
        174.0,
        175.0,
        176.0,
        177.0,
        178.0,
        179.0,
        180.0,
        181.0,
        182.0,
        183.0,
        184.0,
        185.0
    ],
    "vevDepthReal": [
        -742832.1683081702,
        -725409.3035652994,
        -708326.8489530832,
        -691576.5335367812,
        -675150.4995291674,
        -659041.0349331237,
        -643242.2198853178,
        -627746.424283575,
        -612547.7380265269,
        -597640.20773562,
        -583018.3425396862,
        -568676.6767550006,
        -554610.1916366692,
        -540814.0789678147,
        -527283.7674206452,
        -514014.91971338773,
        -501003.40754535544,
        -488245.26318998425,
        -475736.9164293024,
        -463474.6920374472,
        -451455.2638466793,
        -439675.45239474415,
        -428132.23201438825,
        -416822.7360733575,
        -405744.24149442936,
        -394894.16743209807,
        -384270.0719662959,
        -373869.6580161998,
        -363690.72014861525,
        -353731.20441766735,
        -343989.1515401046,
        -334462.7441638563,
        -325150.2338412113,
        -316049.9955558002,
        -307160.5126707655,
        -298480.3434924759,
        -290008.15446717764,
        -281742.69248151965,
        -273682.80489409005,
        -265827.40427229943,
        -258175.49668991874,
        -250726.16316459107,
        -243478.56253195464,
        -236431.92311533686,
        -229585.5546544006,
        -222938.8327866679,
        -216491.18834795628,
        -210242.14517755265,
        -204191.26648483734,
        -198338.19376630863,
        -192682.62720311945,
        -187224.32618621277,
        -181963.07544874685,
        -176898.86580216195,
        -172031.52400219603,
        -167361.08217471803,
        -162887.59134165323,
        -158611.16323917935,
        -154531.9586388603,
        -150650.1983926721,
        -146966.15865644437,
        -143480.17023403745,
        -140192.62396472142,
        -137103.96098054928,
        -134214.68468303027,
        -131525.35564567824,
        -129036.55998468958,
        -126748.81178541451,
        -124662.81373969789,
        -122779.35666433386,
        -121099.29785531372,
        -119623.5740193418,
        -118353.18952404594,
        -117289.23755448184,
        -116432.89819046325,
        -115785.4502600359,
        -115348.2755062601,
        -115122.88260375046,
        -115110.90394068457,
        -115314.12445487991,
        -115734.52250896877,
        -116374.2555194792,
        -117235.75115966244,
        -118321.72228160432,
        -119635.26405478442,
        -121179.96724281476,
        -122960.07019504777,
        -124980.6963949294,
        -127248.33730421652,
        -129771.65444786525,
        -132563.28613890585,
        -135645.1339814524,
        -139276.21455438822,
        -143246.0071469599,
        -147300.95580202204,
        -151440.60972914204
    ],
    "vevDepthImag": [
        0.0,
        0.0,
        0.0,
        0.0,
        0.0,
        0.0,
        0.0,
        0.0,
        0.0,
        0.0,
        0.0,
        0.0,
        0.0,
        0.0,
        0.0,
        0.0,
        0.0,
        0.0,
        0.0,
        0.0,
        0.0,
        0.0,
        0.0,
        0.0,
        0.0,
        0.0,
        0.0,
        0.0,
        0.0,
        0.0,
        0.0,
        0.0,
        0.0,
        0.0,
        0.0,
        0.0,
        0.0,
        0.0,
        0.0,
        0.0,
        0.0,
        0.0,
        0.0,
        0.0,
        0.0,
        0.0,
        0.0,
        0.0,
        0.0,
        0.0,
        0.0,
        0.0,
        0.0,
        0.0,
        0.0,
        0.0,
        0.0,
        0.0,
        0.0,
        0.0,
        0.0,
        0.0,
        0.0,
        0.0,
        0.0,
        0.0,
        0.0,
        0.0,
        0.0,
        0.0,
        0.0,
        0.0,
        0.0,
        0.0,
        0.0,
        0.0,
        0.0,
        0.0,
        0.0,
        0.0,
        0.0,
        0.0,
        0.0,
        0.0,
        0.0,
        0.0,
        0.0,
        0.0,
        0.0,
        0.0,
        0.0,
        0.0,
        0.0,
        0.0,
        0.0,
        0.0
    ],