{
    "T": [
        90.0,
        91.0,
        92.0,
        93.0,
        94.0,
        95.0,
        96.0,
        97.0,
        98.0,
        99.0,
        100.0,
        101.0,
        102.0,
        103.0,
        104.0,
        105.0,
        106.0,
        107.0,
        108.0,
        109.0,
        110.0,
        111.0,
        112.0,
        113.0,
        114.0,
        115.0,
        116.0,
        117.0,
        118.0,
        119.0,
        120.0,
        121.0,
        122.0,
        123.0,
        124.0,
        125.0,
        126.0,
        127.0,
        128.0,
        129.0,
        130.0,
        131.0,
        132.0,
        133.0,
        134.0,
        135.0,
        136.0,
        137.0,
        138.0,
        139.0,
        140.0,
        141.0,
        142.0,
        143.0,
        144.0,
        145.0,
        146.0,
        147.0,
        148.0,
        149.0,
        150.0,
        151.0,
        152.0,
        153.0,
        154.0,
        155.0,
        156.0,
        157.0,
        158.0,
        159.0,
        160.0,
        161.0,
        162.0,
        163.0,
        164.0,
        165.0,
        166.0,
        167.0,
        168.0,
        169.0,
        170.0,
        171.0,
        172.0,
        173.0,
        174.0,
        175.0,
        176.0,
        177.0,
        178.0,
        179.0,
        180.0,
        181.0,
        182.0,
        183.0,
        184.0,
        185.0
    ],
    "vevDepthReal": [
        -742964.6603929733,
        -725544.4545937419,
        -708464.5090358916,
        -691716.5154961272,
        -675292.6313979729,
        -659185.5005146924,
        -643388.1399598501,
        -627893.9492689336,
        -612696.6808158739,
        -597790.4165460506,
        -583169.5328246582,
        -568828.6959508286,
        -554762.8305769669,
        -540967.1640888384,
        -527437.0940313117,
        -514168.29122125177,
        -501156.63848216913,
        -488398.218929474,
        -475889.31486834976,
        -463626.384960519,
        -451606.11368623946,
        -439825.27753436647,
        -428280.89443177916,
        -416970.07849021064,
        -405890.131744754,
        -395038.48071425885,
        -384412.6952872322,
        -374010.47736026417,
        -363829.6527634993,
        -353868.1702761958,
        -344124.0943720071,
        -334595.60447022936,
        -325280.9754251053,
        -316178.620817108,
        -307287.00350336346,
        -298604.7074857494,
        -290130.4690769177,
        -281862.9923829536,
        -273801.15944419854,
        -265943.9111185324,
        -258290.27043894865,
        -250839.34364557802,
        -243590.29939797823,
        -236542.4132591162,
        -229694.9983448697,
        -223047.45165908703,
        -216599.2299686926,
        -210349.89953543912,
        -204298.9043811544,
        -198445.7381528121,
        -192790.09116142459,
        -187331.70560010566,
        -182070.38486066865,
        -177006.09460752885,
        -172138.6339191912,
        -167468.0305729109,
        -162994.32101491827,
        -158717.60011039797,
        -154638.01081060196,
        -150755.75847368865,
        -147071.09875104413,
        -143584.3408481955,
        -140295.85583663854,
        -137206.06533431684,
        -134315.4484753239,
        -131624.54443637177,
        -129133.9489087931,
        -126844.31554687938,
        -124756.38217948763,
        -122870.91989914728,
        -121188.78961683069,
        -119710.92000939077,
        -118438.31694262044,
        -117372.06805714796,
        -116513.35003239992,
        -115863.43735574344,
        -115423.70209240878,
        -115195.66509537617,
        -115180.93349530829,
        -115381.30396035119,
        -115798.72827476142,
        -116435.36777803536,
        -117293.64319590751,
        -118376.25117697465,
        -119686.27782688454,
        -121227.29060533227,
        -123003.4910984768,
        -125019.99666604404,
        -127283.22826364594,
        -129801.75751346134,
        -132588.05488556213,
        -135663.5610588305,
        -139276.451503191,
        -143246.31588795574,
        -147301.3395019944,
        -151441.05964649117
    ],
    "vevDepthImag": [
        0.0,
        0.0,
        0.0,
        0.0,
        0.0,
        0.0,
        0.0,
        0.0,
        0.0,
        0.0,
        0.0,
        0.0,
        0.0,
        0.0,
        0.0,
        0.0,
        0.0,
        0.0,
        0.0,
        0.0,
        0.0,
        0.0,
        0.0,
        0.0,
        0.0,
        0.0,
        0.0,
        0.0,
        0.0,
        0.0,
        0.0,
        0.0,
        0.0,
        0.0,
        0.0,
        0.0,
        0.0,
        0.0,
        0.0,
        0.0,
        0.0,
        0.0,
        0.0,
        0.0,
        0.0,
        0.0,
        0.0,
        0.0,
        0.0,
        0.0,
        0.0,
        0.0,
        0.0,
        0.0,
        0.0,
        0.0,
        0.0,
        0.0,
        0.0,
        0.0,
        0.0,
        0.0,
        0.0,
        0.0,
        0.0,
        0.0,
        0.0,
        0.0,
        0.0,
        0.0,
        0.0,
        0.0,
        0.0,
        0.0,
        0.0,
        0.0,
        0.0,
        0.0,
        0.0,
        0.0,
        0.0,
        0.0,
        0.0,
        0.0,
        0.0,
        0.0,
        0.0,
        0.0,
        0.0,
        0.0,
        0.0,
        0.0,
        0.0,
        0.0,
        0.0,
        0.0
    ],