{
    "T": [
        90.0,
        91.0,
        92.0,
        93.0,
        94.0,
        95.0,
        96.0,
        97.0,
        98.0,
        99.0,
        100.0,
        101.0,
        102.0,
        103.0,
        104.0,
        105.0,
        106.0,
        107.0,
        108.0,
        109.0,
        110.0,
        111.0,
        112.0,
        113.0,
        114.0,
        115.0,
        116.0,
        117.0,
        118.0,
        119.0,
        120.0,
        121.0,
        122.0,
        123.0,
        124.0,
        125.0,
        126.0,
        127.0,
        128.0,
        129.0,
        130.0,
        131.0,
        132.0,
        133.0,
        134.0,
        135.0,
        136.0,
        137.0,
        138.0,
        139.0,
        140.0,
        141.0,
        142.0,
        143.0,
        144.0,
        145.0,
        146.0,
        147.0,
        148.0,
        149.0,
        150.0,
        151.0,
        152.0,
        153.0,
        154.0,
        155.0,
        156.0,
        157.0,
        158.0,
        159.0,
        160.0,
        161.0,
        162.0,
        163.0,
        164.0,
        165.0,
        166.0,
        167.0,
        168.0,
        169.0,
        170.0,
        171.0,
        172.0,
        173.0,
        174.0,
        175.0,
        176.0,
        177.0,
        178.0,
        179.0,
        180.0,
        181.0,
        182.0,
        183.0,
        184.0,
        185.0
    ],
    "vevDepthReal": [
        -742959.0634305988,
        -725536.9789298675,
        -708455.2865911261,
        -691705.680798036,
        -675280.3681726861,
        -659171.9339550447,
        -643373.3264179389,
        -627878.2511519516,
        -612680.1733850847,
        -597773.2632830173,
        -583151.8990030527,
        -568810.7547552276,
        -554744.754049226,
        -540949.1102246434,
        -527419.2316795451,
        -514150.78434274235,
        -501139.6443909183,
        -488381.8801556164,
        -475873.7825417365,
        -463611.8496548435,
        -451592.6806325564,
        -439813.0815443469,
        -428269.9956073365,
        -416960.6917970907,
        -405882.3106319378,
        -395032.30290067726,
        -384408.2666694902,
        -374007.8518005697,
        -363828.8852004332,
        -353869.30042738933,
        -344127.14878445043,
        -334600.591869159,
        -325287.893865141,
        -316187.44243564905,
        -307297.69466397335,
        -298617.21011662285,
        -290144.6725248455,
        -281878.8240487015,
        -273818.52661538223,
        -265962.6545377089,
        -258310.23527210506,
        -250860.3421546412,
        -243612.13859874566,
        -236564.85026485944,
        -229717.78797095676,
        -223070.3182523436,
        -216621.88612772626,
        -210371.9991252242,
        -204320.22499603452,
        -198466.21627710937,
        -192809.65415530407,
        -187350.29671866234,
        -182088.00117425647,
        -177022.60270921182,
        -172154.05322127615,
        -167482.35157839637,
        -163007.54308148348,
        -158729.73640896296,
        -154649.0962971005,
        -150765.84083001455,
        -147080.24409101257,
        -143592.63684452392,
        -140303.4054850131,
        -137212.99382834169,
        -134321.90129108322,
        -131630.69002370557,
        -129139.94154753989,
        -126850.16600344754,
        -124762.07231352772,
        -122876.44094439496,
        -121194.1224053248,
        -119716.07787653615,
        -118443.28063769799,
        -117376.8094498271,
        -116517.90604376062,
        -115867.78103286042,
        -115427.83632561812,
        -115199.56639502796,
        -115184.61732940296,
        -115384.75811743861,
        -115801.95221397204,
        -116438.36331856703,
        -117296.40002326902,
        -118378.77108263873,
        -119688.55794720526,
        -121229.32939716656,
        -123005.28900565532,
        -125021.539901817,
        -127284.51890757604,
        -129802.78551639226,
        -132588.80670148876,
        -135664.008226806,
        -139276.2116589108,
        -143246.0041475927,
        -147300.95585461613,
        -151440.60987585285
    ],
    "vevDepthImag": [
        0.0,
        0.0,
        0.0,
        0.0,
        0.0,
        0.0,
        0.0,
        0.0,
        0.0,
        0.0,
        0.0,
        0.0,
        0.0,
        0.0,
        0.0,
        0.0,
        0.0,
        0.0,
        0.0,
        0.0,
        0.0,
        0.0,
        0.0,
        0.0,
        0.0,
        0.0,
        0.0,
        0.0,
        0.0,
        0.0,
        0.0,
        0.0,
        0.0,
        0.0,
        0.0,
        0.0,
        0.0,
        0.0,
        0.0,
        0.0,
        0.0,
        0.0,
        0.0,
        0.0,
        0.0,
        0.0,
        0.0,
        0.0,
        0.0,
        0.0,
        0.0,
        0.0,
        0.0,
        0.0,
        0.0,
        0.0,
        0.0,
        0.0,
        0.0,
        0.0,
        0.0,
        0.0,
        0.0,
        0.0,
        0.0,
        0.0,
        0.0,
        0.0,
        0.0,
        0.0,
        0.0,
        0.0,
        0.0,
        0.0,
        0.0,
        0.0,
        0.0,
        0.0,
        0.0,
        0.0,
        0.0,
        0.0,
        0.0,
        0.0,
        0.0,
        0.0,
        0.0,
        0.0,
        0.0,
        0.0,
        0.0,
        0.0,
        0.0,
        0.0,
        0.0,
        0.0
    ],