{
    "T": [
        90.0,
        91.0,
        92.0,
        93.0,
        94.0,
        95.0,
        96.0,
        97.0,
        98.0,
        99.0,
        100.0,
        101.0,
        102.0,
        103.0,
        104.0,
        105.0,
        106.0,
        107.0,
        108.0,
        109.0,
        110.0,
        111.0,
        112.0,
        113.0,
        114.0,
        115.0,
        116.0,
        117.0,
        118.0,
        119.0,
        120.0,
        121.0,
        122.0,
        123.0,
        124.0,
        125.0,
        126.0,
        127.0,
        128.0,
        129.0,
        130.0,
        131.0,
        132.0,
        133.0,
        134.0,
        135.0,
        136.0,
        137.0,
        138.0,
        139.0,
        140.0,
        141.0,
        142.0,
        143.0,
        144.0,
        145.0,
        146.0,
        147.0,
        148.0,
        149.0,
        150.0,
        151.0,
        152.0,
        153.0,
        154.0,
        155.0,
        156.0,
        157.0,
        158.0,
        159.0,
        160.0,
        161.0,
        162.0,
        163.0,
        164.0,
        165.0,
        166.0,
        167.0,
        168.0,
        169.0,
        170.0,
        171.0,
        172.0,
        173.0,
        174.0,
        175.0,
        176.0,
        177.0,
        178.0,
        179.0,
        180.0,
        181.0,
        182.0,
        183.0,
        184.0,
        185.0
    ],
    "vevDepthReal": [
        -742832.1684311514,
        -725409.3052460094,
        -708326.8489530835,
        -691576.5335374133,
        -675150.49952384,
        -659041.3273525201,
        -643242.2237736883,
        -627746.4242835755,
        -612547.7380265202,
        -597640.207735624,
        -583018.3425397092,
        -568676.6767550037,
        -554610.1916366816,
        -540814.0789678168,
        -527283.7674206551,
        -514014.91946201125,
        -501003.40973756614,
        -488245.263189985,
        -475736.9164293018,
        -463474.692037438,
        -451455.26384551264,
        -439675.4526195495,
        -428132.2320152062,
        -416822.7324040218,
        -405744.24150179856,
        -394894.16894970066,
        -384270.071965987,
        -373869.6566037663,
        -363690.7201486148,
        -353731.20452209277,
        -343989.1580397114,
        -334462.7441613385,
        -325150.2338412145,
        -316049.9976750099,
        -307160.51267075294,
        -298480.33666648215,
        -290008.1544671869,
        -281742.6924815201,
        -273682.8048000996,
        -265827.4042693915,
        -258175.49668998236,
        -250726.16352338454,
        -243478.5625317606,
        -236431.92311518252,
        -229585.55465440213,
        -222938.83278666757,
        -216491.18842849712,
        -210242.14578940358,
        -204191.26648887913,
        -198338.1938232593,
        -192682.62720309815,
        -187224.32618621338,
        -181963.1122284939,
        -176898.86580320177,
        -172031.52400219586,
        -167361.08180986106,
        -162887.59134165756,
        -158611.163222929,
        -154531.95863885642,
        -150650.19571897705,
        -146966.15865644437,
        -143480.17153597134,
        -140192.62396472134,
        -137103.96098054873,
        -134214.6846894025,
        -131525.35435987328,
        -129036.55870370998,
        -126748.81178176495,
        -124662.81373974812,
        -122779.35577541355,
        -121099.28793368571,
        -119623.57409631247,
        -118353.18952314698,
        -117289.23749026693,
        -116432.89739141357,
        -115785.45026003702,
        -115348.25780423322,
        -115122.8829389121,
        -115110.90415777944,
        -115314.12445488013,
        -115734.52347923222,
        -116374.2581729922,
        -117235.7511596669,
        -118321.72228160988,
        -119635.26845583729,
        -121179.9690835095,
        -122960.06954177693,
        -124980.6972955383,
        -127248.33730421712,
        -129771.65451999207,
        -132563.24027787306,
        -135645.13398145983,
        -139276.21668168152,
        -143246.00428926552,
        -147300.95613119638,
        -151440.60964776616
    ],
    "vevDepthImag": [
        0.0,
        0.0,
        0.0,
        0.0,
        0.0,
        0.0,
        0.0,
        0.0,
        0.0,
        0.0,
        0.0,
        0.0,
        0.0,
        0.0,
        0.0,
        0.0,
        0.0,
        0.0,
        0.0,
        0.0,
        0.0,
        0.0,
        0.0,
        0.0,
        0.0,
        0.0,
        0.0,
        0.0,
        0.0,
        0.0,
        0.0,
        0.0,
        0.0,
        0.0,
        0.0,
        0.0,
        0.0,
        0.0,
        0.0,
        0.0,
        0.0,
        0.0,
        0.0,
        0.0,
        0.0,
        0.0,
        0.0,
        0.0,
        0.0,
        0.0,
        0.0,
        0.0,
        0.0,
        0.0,
        0.0,
        0.0,
        0.0,
        0.0,
        0.0,
        0.0,
        0.0,
        0.0,
        0.0,
        0.0,
        0.0,
        0.0,
        0.0,
        0.0,
        0.0,
        0.0,
        0.0,
        0.0,
        0.0,
        0.0,
        0.0,
        0.0,
        0.0,
        0.0,
        0.0,
        0.0,
        0.0,
        0.0,
        0.0,
        0.0,
        0.0,
        0.0,
        0.0,
        0.0,
        0.0,
        0.0,
        0.0,
        0.0,
        0.0,
        0.0,
        0.0,
        0.0
    ],