{
    "T": [
        90.0,
        91.0,
        92.0,
        93.0,
        94.0,
        95.0,
        96.0,
        97.0,
        98.0,
        99.0,
        100.0,
        101.0,
        102.0,
        103.0,
        104.0,
        105.0,
        106.0,
        107.0,
        108.0,
        109.0,
        110.0,
        111.0,
        112.0,
        113.0,
        114.0,
        115.0,
        116.0,
        117.0,
        118.0,
        119.0,
        120.0,
        121.0,
        122.0,
        123.0,
        124.0,
        125.0,
        126.0,
        127.0,
        128.0,
        129.0,
        130.0,
        131.0,
        132.0,
        133.0,
        134.0,
        135.0,
        136.0,
        137.0,
        138.0,
        139.0,
        140.0,
        141.0,
        142.0,
        143.0,
        144.0,
        145.0,
        146.0,
        147.0,
        148.0,
        149.0,
        150.0,
        151.0,
        152.0,
        153.0,
        154.0,
        155.0,
        156.0,
        157.0,
        158.0,
        159.0,
        160.0,
        161.0,
        162.0,
        163.0,
        164.0,
        165.0,
        166.0,
        167.0,
        168.0,
        169.0,
        170.0,
        171.0,
        172.0,
        173.0,
        174.0,
        175.0,
        176.0,
        177.0,
        178.0,
        179.0,
        180.0,
        181.0,
        182.0,
        183.0,
        184.0,
        185.0
    ],
    "vevDepthReal": [
        -742958.8433174005,
        -725536.7668136165,
        -708455.0676360582,
        -691705.4393147931,
        -675280.1085082061,
        -659171.6675267133,
        -643373.1497932728,
        -627877.9686903581,
        -612679.8729563373,
        -597772.9554761834,
        -583151.5840713829,
        -568810.4331800538,
        -554744.4325090606,
        -540948.7785338982,
        -527418.8976074724,
        -514150.4501716481,
        -501139.29523090844,
        -488381.53645221336,
        -475873.47785501665,
        -463611.52175562596,
        -451592.3502014642,
        -439812.74155003333,
        -428269.66901394085,
        -416960.3800060813,
        -405882.00565107865,
        -395032.01184848015,
        -384407.98034757725,
        -374007.5770207396,
        -363828.6217975732,
        -353869.0497920908,
        -344126.911367793,
        -334600.36838678486,
        -325287.68679941073,
        -316187.24826512573,
        -307297.51409374987,
        -298617.0575393951,
        -290144.5454625185,
        -281878.7144380503,
        -273818.41087339143,
        -265962.5614683722,
        -258310.1568250812,
        -250860.281716077,
        -243612.09158002402,
        -236564.8222522559,
        -229717.773417367,
        -223070.31919369515,
        -216621.90054363053,
        -210372.02675004443,
        -204320.26945913752,
        -198466.26740139257,
        -192809.71755759828,
        -187350.36541872472,
        -182088.074938716,
        -177022.68316591266,
        -172154.13762918956,
        -167482.43651991585,
        -163007.627149524,
        -158729.81796296305,
        -154649.17209267293,
        -150765.90764709646,
        -147080.30065742007,
        -143592.67984717662,
        -140303.43166889658,
        -137213.00089318104,
        -134321.88639975688,
        -131630.64693714867,
        -129139.8852406586,
        -126850.11397514632,
        -124762.01911431843,
        -122876.39019691471,
        -121194.08189552311,
        -119716.02890066325,
        -118443.23296124136,
        -117376.7834344118,
        -116517.86073145506,
        -115867.73601314833,
        -115427.79371751855,
        -115199.52933598634,
        -115184.5771182505,
        -115384.71933707588,
        -115801.91400796903,
        -116438.32686320163,
        -117296.35780208957,
        -118378.73716422485,
        -119688.52582745835,
        -121229.29830206772,
        -123005.25936491942,
        -125021.5137942746,
        -127284.49215334197,
        -129802.76089576469,
        -132588.78407099977,
        -135663.98820097753,
        -139276.19798290878,
        -143245.99039511307,
        -147300.94216396607,
        -151440.59597483167
    ],
    "vevDepthImag": [
        0.0,
        0.0,
        0.0,
        0.0,
        0.0,
        0.0,
        0.0,
        0.0,
        0.0,
        0.0,
        0.0,
        0.0,
        0.0,
        0.0,
        0.0,
        0.0,
        0.0,
        0.0,
        0.0,
        0.0,
        0.0,
        0.0,
        0.0,
        0.0,
        0.0,
        0.0,
        0.0,
        0.0,
        0.0,
        0.0,
        0.0,
        0.0,
        0.0,
        0.0,
        0.0,
        0.0,
        0.0,
        0.0,
        0.0,
        0.0,
        0.0,
        0.0,
        0.0,
        0.0,
        0.0,
        0.0,
        0.0,
        0.0,
        0.0,
        0.0,
        0.0,
        0.0,
        0.0,
        0.0,
        0.0,
        0.0,
        0.0,
        0.0,
        0.0,
        0.0,
        0.0,
        0.0,
        0.0,
        0.0,
        0.0,
        0.0,
        0.0,
        0.0,
        0.0,
        0.0,
        0.0,
        0.0,
        0.0,
        0.0,
        0.0,
        0.0,
        0.0,
        0.0,
        0.0,
        0.0,
        0.0,
        0.0,
        0.0,
        0.0,
        0.0,
        0.0,
        0.0,
        0.0,
        0.0,
        0.0,
        0.0,
        0.0,
        0.0,
        0.0,
        0.0,
        0.0
    ],