{
    "T": [
        90.0,
        91.0,
        92.0,
        93.0,
        94.0,
        95.0,
        96.0,
        97.0,
        98.0,
        99.0,
        100.0,
        101.0,
        102.0,
        103.0,
        104.0,
        105.0,
        106.0,
        107.0,
        108.0,
        109.0,
        110.0,
        111.0,
        112.0,
        113.0,
        114.0,
        115.0,
        116.0,
        117.0,
        118.0,
        119.0,
        120.0,
        121.0,
        122.0,
        123.0,
        124.0,
        125.0,
        126.0,
        127.0,
        128.0,
        129.0,
        130.0,
        131.0,
        132.0,
        133.0,
        134.0,
        135.0,
        136.0,
        137.0,
        138.0,
        139.0,
        140.0,
        141.0,
        142.0,
        143.0,
        144.0,
        145.0,
        146.0,
        147.0,
        148.0,
        149.0,
        150.0,
        151.0,
        152.0,
        153.0,
        154.0,
        155.0,
        156.0,
        157.0,
        158.0,
        159.0,
        160.0,
        161.0,
        162.0,
        163.0,
        164.0,
        165.0,
        166.0,
        167.0,
        168.0,
        169.0,
        170.0,
        171.0,
        172.0,
        173.0,
        174.0,
        175.0,
        176.0,
        177.0,
        178.0,
        179.0,
        180.0,
        181.0,
        182.0,
        183.0,
        184.0,
        185.0
    ],
    "vevDepthReal": [
        -742958.6485368169,
        -725536.5573055604,
        -708454.8439483055,
        -691705.2011919145,
        -675279.8624525383,
        -659171.4034860883,
        -643372.772454903,
        -627877.6794796322,
        -612679.581514438,
        -597772.6507371922,
        -583151.2714752263,
        -568810.1138978914,
        -554744.109098474,
        -540948.4492672154,
        -527418.5638060402,
        -514150.11533324985,
        -501138.95709540445,
        -488381.2258142411,
        -475873.1450037239,
        -463611.1834851201,
        -451592.0201233486,
        -439812.4171118168,
        -428269.404577976,
        -416960.06851801765,
        -405881.70174171566,
        -395031.6221934683,
        -384407.69499791705,
        -374007.3023659888,
        -363828.3586792791,
        -353868.79903349304,
        -344126.6703671215,
        -334600.14473367756,
        -325287.4526842053,
        -316187.054354909,
        -307297.3291354916,
        -298616.8951632897,
        -290144.3904804493,
        -281878.5861009002,
        -273818.29778492614,
        -265962.4652491512,
        -258310.0769622897,
        -250860.21645525488,
        -243612.04607835953,
        -236564.79151166402,
        -229717.75714390684,
        -223070.30195946145,
        -216621.91304746273,
        -210372.05271646287,
        -204320.29107141044,
        -198466.31605225743,
        -192809.77656809601,
        -187350.44825606394,
        -182088.1506955704,
        -177022.76124861324,
        -172154.2219690993,
        -167482.52101315313,
        -163007.71107430814,
        -158729.89913414212,
        -154649.2480629221,
        -150765.9744582977,
        -147080.35866642086,
        -143592.72479418127,
        -140303.4605944759,
        -137213.01078533582,
        -134321.87410114636,
        -131630.60919742094,
        -129139.82926430859,
        -126850.05360309049,
        -124761.96643317411,
        -122876.3388449309,
        -121194.03317450694,
        -119715.98033664154,
        -118443.1858153413,
        -117376.73755969349,
        -116517.81635119091,
        -115867.69357859137,
        -115427.75132726085,
        -115199.48721333961,
        -115184.53711895754,
        -115384.68053576528,
        -115801.87704459988,
        -116438.2890149478,
        -117296.32980033767,
        -118378.70096998314,
        -119688.49424756582,
        -121229.2657246446,
        -123005.22989661845,
        -125021.4858720118,
        -127284.46625289803,
        -129802.73643535453,
        -132588.7615796411,
        -135663.9672218731,
        -139276.1853399604,
        -143245.98069933386,
        -147300.9274746784,
        -151440.58240106647
    ],
    "vevDepthImag": [
        0.0,
        0.0,
        0.0,
        0.0,
        0.0,
        0.0,
        0.0,
        0.0,
        0.0,
        0.0,
        0.0,
        0.0,
        0.0,
        0.0,
        0.0,
        0.0,
        0.0,
        0.0,
        0.0,
        0.0,
        0.0,
        0.0,
        0.0,
        0.0,
        0.0,
        0.0,
        0.0,
        0.0,
        0.0,
        0.0,
        0.0,
        0.0,
        0.0,
        0.0,
        0.0,
        0.0,
        0.0,
        0.0,
        0.0,
        0.0,
        0.0,
        0.0,
        0.0,
        0.0,
        0.0,
        0.0,
        0.0,
        0.0,
        0.0,
        0.0,
        0.0,
        0.0,
        0.0,
        0.0,
        0.0,
        0.0,
        0.0,
        0.0,
        0.0,
        0.0,
        0.0,
        0.0,
        0.0,
        0.0,
        0.0,
        0.0,
        0.0,
        0.0,
        0.0,
        0.0,
        0.0,
        0.0,
        0.0,
        0.0,
        0.0,
        0.0,
        0.0,
        0.0,
        0.0,
        0.0,
        0.0,
        0.0,
        0.0,
        0.0,
        0.0,
        0.0,
        0.0,
        0.0,
        0.0,
        0.0,
        0.0,
        0.0,
        0.0,
        0.0,
        0.0,
        0.0
    ],