{
    "T": [
        90.0,
        91.0,
        92.0,
        93.0,
        94.0,
        95.0,
        96.0,
        97.0,
        98.0,
        99.0,
        100.0,
        101.0,
        102.0,
        103.0,
        104.0,
        105.0,
        106.0,
        107.0,
        108.0,
        109.0,
        110.0,
        111.0,
        112.0,
        113.0,
        114.0,
        115.0,
        116.0,
        117.0,
        118.0,
        119.0,
        120.0,
        121.0,
        122.0,
        123.0,
        124.0,
        125.0,
        126.0,
        127.0,
        128.0,
        129.0,
        130.0,
        131.0,
        132.0,
        133.0,
        134.0,
        135.0,
        136.0,
        137.0,
        138.0,
        139.0,
        140.0,
        141.0,
        142.0,
        143.0,
        144.0,
        145.0,
        146.0,
        147.0,
        148.0,
        149.0,
        150.0,
        151.0,
        152.0,
        153.0,
        154.0,
        155.0,
        156.0,
        157.0,
        158.0,
        159.0,
        160.0,
        161.0,
        162.0,
        163.0,
        164.0,
        165.0,
        166.0,
        167.0,
        168.0,
        169.0,
        170.0,
        171.0,
        172.0,
        173.0,
        174.0,
        175.0,
        176.0,
        177.0,
        178.0,
        179.0,
        180.0,
        181.0,
        182.0,
        183.0,
        184.0,
        185.0
    ],
    "vevDepthReal": [
        -742832.1681667273,
        -725409.3028767335,
        -708326.8650416424,
        -691576.5335300505,
        -675150.499528971,
        -659041.3840103218,
        -643242.2235220856,
        -627746.4242835776,
        -612547.7380264944,
        -597640.2077356256,
        -583018.342643454,
        -568676.6767550034,
        -554610.1916366835,
        -540814.0789678133,
        -527283.7674206399,
        -514014.91977055365,
        -501003.4075461895,
        -488245.26318998565,
        -475736.9164293027,
        -463474.6920374392,
        -451455.26384576206,
        -439675.452128174,
        -428132.23201593594,
        -416822.7365759904,
        -405744.24118757807,
        -394894.1689529645,
        -384270.07196577423,
        -373869.6526932712,
        -363690.7201486143,
        -353731.2047080769,
        -343989.151173234,
        -334462.74417093804,
        -325150.2338412138,
        -316049.99890630465,
        -307160.51267075026,
        -298480.15338717686,
        -290008.1544671553,
        -281742.69248152024,
        -273682.803388189,
        -265827.40407752653,
        -258175.49667065736,
        -250726.1561365108,
        -243478.56253204722,
        -236431.92311398737,
        -229585.55465440193,
        -222938.83279515008,
        -216491.1884327602,
        -210242.14571989895,
        -204191.26648089226,
        -198338.1944425513,
        -192682.62720308558,
        -187224.3261862134,
        -181963.10954216163,
        -176898.8658547061,
        -172031.52400219627,
        -167361.0822506011,
        -162887.59134166205,
        -158611.16317862002,
        -154531.95863885805,
        -150650.19810961527,
        -146966.15865644487,
        -143480.17023435875,
        -140192.62396472163,
        -137103.960980549,
        -134214.68468643792,
        -131525.35540405835,
        -129036.55895448865,
        -126748.81178059183,
        -124662.81393463023,
        -122779.3566642034,
        -121099.29785532258,
        -119623.57401934217,
        -118353.18952404668,
        -117289.2375473628,
        -116432.89728230379,
        -115785.45026003667,
        -115348.25931531425,
        -115122.88099816786,
        -115110.90413025566,
        -115314.12903380599,
        -115734.52348047715,
        -116374.25551949488,
        -117235.75115967199,
        -118321.72228160872,
        -119635.26405385605,
        -121179.96709177017,
        -122960.07029484308,
        -124980.69729572973,
        -127248.33730421707,
        -129771.65444789996,
        -132563.28613890577,
        -135645.13398145782,
        -139276.21419366397,
        -143246.00453216958,
        -147300.95549958572,
        -151440.60981167824
    ],
    "vevDepthImag": [
        0.0,
        0.0,
        0.0,
        0.0,
        0.0,
        0.0,
        0.0,
        0.0,
        0.0,
        0.0,
        0.0,
        0.0,
        0.0,
        0.0,
        0.0,
        0.0,
        0.0,
        0.0,
        0.0,
        0.0,
        0.0,
        0.0,
        0.0,
        0.0,
        0.0,
        0.0,
        0.0,
        0.0,
        0.0,
        0.0,
        0.0,
        0.0,
        0.0,
        0.0,
        0.0,
        0.0,
        0.0,
        0.0,
        0.0,
        0.0,
        0.0,
        0.0,
        0.0,
        0.0,
        0.0,
        0.0,
        0.0,
        0.0,
        0.0,
        0.0,
        0.0,
        0.0,
        0.0,
        0.0,
        0.0,
        0.0,
        0.0,
        0.0,
        0.0,
        0.0,
        0.0,
        0.0,
        0.0,
        0.0,
        0.0,
        0.0,
        0.0,
        0.0,
        0.0,
        0.0,
        0.0,
        0.0,
        0.0,
        0.0,
        0.0,
        0.0,
        0.0,
        0.0,
        0.0,
        0.0,
        0.0,
        0.0,
        0.0,
        0.0,
        0.0,
        0.0,
        0.0,
        0.0,
        0.0,
        0.0,
        0.0,
        0.0,
        0.0,
        0.0,
        0.0,
        0.0
    ],