{
    "T": [
        90.0,
        91.0,
        92.0,
        93.0,
        94.0,
        95.0,
        96.0,
        97.0,
        98.0,
        99.0,
        100.0,
        101.0,
        102.0,
        103.0,
        104.0,
        105.0,
        106.0,
        107.0,
        108.0,
        109.0,
        110.0,
        111.0,
        112.0,
        113.0,
        114.0,
        115.0,
        116.0,
        117.0,
        118.0,
        119.0,
        120.0,
        121.0,
        122.0,
        123.0,
        124.0,
        125.0,
        126.0,
        127.0,
        128.0,
        129.0,
        130.0,
        131.0,
        132.0,
        133.0,
        134.0,
        135.0,
        136.0,
        137.0,
        138.0,
        139.0,
        140.0,
        141.0,
        142.0,
        143.0,
        144.0,
        145.0,
        146.0,
        147.0,
        148.0,
        149.0,
        150.0,
        151.0,
        152.0,
        153.0,
        154.0,
        155.0,
        156.0,
        157.0,
        158.0,
        159.0,
        160.0,
        161.0,
        162.0,
        163.0,
        164.0,
        165.0,
        166.0,
        167.0,
        168.0,
        169.0,
        170.0,
        171.0,
        172.0,
        173.0,
        174.0,
        175.0,
        176.0,
        177.0,
        178.0,
        179.0,
        180.0,
        181.0,
        182.0,
        183.0,
        184.0,
        185.0
    ],
    "vevDepthReal": [
        -742959.063426603,
        -725536.9787893683,
        -708455.293797739,
        -691705.6807980392,
        -675280.3682148996,
        -659171.9339550447,
        -643373.3264179436,
        -627878.2511519517,
        -612680.1734934454,
        -597773.263942731,
        -583151.8990030551,
        -568810.7547552283,
        -554744.7599690045,
        -540949.1097640675,
        -527419.231935245,
        -514150.78434274124,
        -501139.6379565609,
        -488381.88015561545,
        -475873.7825417315,
        -463611.84800359234,
        -451592.68044067064,
        -439813.0815443443,
        -428269.9956073689,
        -416960.68801799987,
        -405882.30980736285,
        -395032.30337827455,
        -384408.26667382393,
        -374007.85180057184,
        -363828.8852004325,
        -353869.30062866566,
        -344127.1467339975,
        -334600.5918691572,
        -325287.8938652041,
        -316187.43738884706,
        -307297.6946642867,
        -298617.2109819357,
        -290144.68507320783,
        -281878.8240487013,
        -273818.52285411063,
        -265962.65453752363,
        -258310.23527210826,
        -250860.34361098972,
        -243612.13714151605,
        -236564.85146011942,
        -229717.78797095703,
        -223070.27677631497,
        -216621.88612755208,
        -210371.99912522433,
        -204320.22997225675,
        -198466.21531627854,
        -192809.6541553042,
        -187350.29671866246,
        -182088.00117346563,
        -177022.60309188347,
        -172154.05322128278,
        -167482.351578397,
        -163007.54308148407,
        -158729.73705997912,
        -154649.09629709675,
        -150765.84082998504,
        -147080.24409101202,
        -143592.63684452398,
        -140303.40577949552,
        -137212.99362151357,
        -134321.90129202194,
        -131630.6900262792,
        -129139.94154745564,
        -126850.16744922662,
        -124762.07213301277,
        -122876.44137199693,
        -121194.13204895344,
        -119716.07787655453,
        -118443.28063769783,
        -117376.8094498268,
        -116517.90609312111,
        -115867.7796099572,
        -115427.8363256177,
        -115199.57114943872,
        -115184.61732940093,
        -115384.75811743729,
        -115801.952214012,
        -116438.3633357196,
        -117296.39658665046,
        -118378.77108260842,
        -119688.55794718323,
        -121229.32939716725,
        -123005.28900565473,
        -125021.54041503865,
        -127284.51890757447,
        -129802.78551639192,
        -132588.80670148818,
        -135664.00822508562,
        -139276.21222970643,
        -143246.00427339098,
        -147300.9556592779,
        -151440.6099814987
    ],
    "vevDepthImag": [
        0.0,
        0.0,
        0.0,
        0.0,
        0.0,
        0.0,
        0.0,
        0.0,
        0.0,
        0.0,
        0.0,
        0.0,
        0.0,
        0.0,
        0.0,
        0.0,
        0.0,
        0.0,
        0.0,
        0.0,
        0.0,
        0.0,
        0.0,
        0.0,
        0.0,
        0.0,
        0.0,
        0.0,
        0.0,
        0.0,
        0.0,
        0.0,
        0.0,
        0.0,
        0.0,
        0.0,
        0.0,
        0.0,
        0.0,
        0.0,
        0.0,
        0.0,
        0.0,
        0.0,
        0.0,
        0.0,
        0.0,
        0.0,
        0.0,
        0.0,
        0.0,
        0.0,
        0.0,
        0.0,
        0.0,
        0.0,
        0.0,
        0.0,
        0.0,
        0.0,
        0.0,
        0.0,
        0.0,
        0.0,
        0.0,
        0.0,
        0.0,
        0.0,
        0.0,
        0.0,
        0.0,
        0.0,
        0.0,
        0.0,
        0.0,
        0.0,
        0.0,
        0.0,
        0.0,
        0.0,
        0.0,
        0.0,
        0.0,
        0.0,
        0.0,
        0.0,
        0.0,
        0.0,
        0.0,
        0.0,
        0.0,
        0.0,
        0.0,
        0.0,
        0.0,
        0.0
    ],