{
    "T": [
        90.0,
        91.0,
        92.0,
        93.0,
        94.0,
        95.0,
        96.0,
        97.0,
        98.0,
        99.0,
        100.0,
        101.0,
        102.0,
        103.0,
        104.0,
        105.0,
        106.0,
        107.0,
        108.0,
        109.0,
        110.0,
        111.0,
        112.0,
        113.0,
        114.0,
        115.0,
        116.0,
        117.0,
        118.0,
        119.0,
        120.0,
        121.0,
        122.0,
        123.0,
        124.0,
        125.0,
        126.0,
        127.0,
        128.0,
        129.0,
        130.0,
        131.0,
        132.0,
        133.0,
        134.0,
        135.0,
        136.0,
        137.0,
        138.0,
        139.0,
        140.0,
        141.0,
        142.0,
        143.0,
        144.0,
        145.0,
        146.0,
        147.0,
        148.0,
        149.0,
        150.0,
        151.0,
        152.0,
        153.0,
        154.0,
        155.0,
        156.0,
        157.0,
        158.0,
        159.0,
        160.0,
        161.0,
        162.0,
        163.0,
        164.0,
        165.0,
        166.0,
        167.0,
        168.0,
        169.0,
        170.0,
        171.0,
        172.0,
        173.0,
        174.0,
        175.0,
        176.0,
        177.0,
        178.0,
        179.0,
        180.0,
        181.0,
        182.0,
        183.0,
        184.0,
        185.0
    ],
    "vevDepthReal": [
        -742832.1685385525,
        -725409.3051275531,
        -708326.86456056,
        -691576.5335321026,
        -675150.4995271455,
        -659041.016529237,
        -643242.2234754949,
        -627746.4242835771,
        -612547.7380265346,
        -597640.2077356287,
        -583018.342539741,
        -568676.6767550029,
        -554610.1916366763,
        -540814.0789678164,
        -527283.7686837555,
        -514014.9183932045,
        -501003.4096046559,
        -488245.2631899863,
        -475736.91642930504,
        -463474.69203745265,
        -451455.2638457821,
        -439675.45253844734,
        -428132.2320114134,
        -416822.7324040177,
        -405744.24150235124,
        -394894.16958248155,
        -384270.0719659603,
        -373869.65760786744,
        -363690.7201486137,
        -353731.2015637177,
        -343989.12215215917,
        -334462.74416884343,
        -325150.2338412124,
        -316049.9956264381,
        -307160.5126707415,
        -298480.33653868176,
        -290008.15446717356,
        -281742.69248152,
        -273682.80338818947,
        -265827.4042694293,
        -258175.49667065626,
        -250726.15613650973,
        -243478.56263238573,
        -236431.92313157208,
        -229585.5546544013,
        -222938.83278666757,
        -216491.18849917824,
        -210242.14579022897,
        -204191.26648866184,
        -198338.19270372516,
        -192682.62720311785,
        -187224.32618621306,
        -181963.1125032589,
        -176898.86580200898,
        -172031.5240021963,
        -167361.08211384554,
        -162887.59134165183,
        -158611.1631942231,
        -154531.95863885863,
        -150650.19857507313,
        -146966.15865644463,
        -143480.17023385488,
        -140192.6239647214,
        -137103.96098054873,
        -134214.68468464303,
        -131525.35577489145,
        -129036.55805052037,
        -126748.8117806946,
        -124662.8137397618,
        -122779.3561599878,
        -121099.28794204567,
        -119623.57409631414,
        -118353.18952314736,
        -117289.23749026783,
        -116432.89827653031,
        -115785.45026003636,
        -115348.25780425202,
        -115122.88307095208,
        -115110.90394068089,
        -115314.12855035323,
        -115734.52250896886,
        -116374.25551953775,
        -117235.75115967436,
        -118321.72228160407,
        -119635.26405443865,
        -121179.96782112872,
        -122960.07029484262,
        -124980.69639157622,
        -127248.33730421726,
        -129771.65444788364,
        -132563.28613890524,
        -135645.13398146498,
        -139276.21389759882,
        -143246.01231197713,
        -147300.9656161573,
        -151440.61906999192
    ],
    "vevDepthImag": [
        0.0,
        0.0,
        0.0,
        0.0,
        0.0,
        0.0,
        0.0,
        0.0,
        0.0,
        0.0,
        0.0,
        0.0,
        0.0,
        0.0,
        0.0,
        0.0,
        0.0,
        0.0,
        0.0,
        0.0,
        0.0,
        0.0,
        0.0,
        0.0,
        0.0,
        0.0,
        0.0,
        0.0,
        0.0,
        0.0,
        0.0,
        0.0,
        0.0,
        0.0,
        0.0,
        0.0,
        0.0,
        0.0,
        0.0,
        0.0,
        0.0,
        0.0,
        0.0,
        0.0,
        0.0,
        0.0,
        0.0,
        0.0,
        0.0,
        0.0,
        0.0,
        0.0,
        0.0,
        0.0,
        0.0,
        0.0,
        0.0,
        0.0,
        0.0,
        0.0,
        0.0,
        0.0,
        0.0,
        0.0,
        0.0,
        0.0,
        0.0,
        0.0,
        0.0,
        0.0,
        0.0,
        0.0,
        0.0,
        0.0,
        0.0,
        0.0,
        0.0,
        0.0,
        0.0,
        0.0,
        0.0,
        0.0,
        0.0,
        0.0,
        0.0,
        0.0,
        0.0,
        0.0,
        0.0,
        0.0,
        0.0,
        0.0,
        0.0,
        0.0,
        0.0,
        0.0
    ],