{
    "bmNumber": 3,
    "failureReason": false,
    "T": [
        90.0,
        91.0,
        92.0,
        93.0,
        94.0,
        95.0,
        96.0,
        97.0,
        98.0,
        99.0,
        100.0,
        101.0,
        102.0,
        103.0,
        104.0,
        105.0,
        106.0,
        107.0,
        108.0,
        109.0,
        110.0,
        111.0,
        112.0,
        113.0,
        114.0,
        115.0,
        116.0,
        117.0,
        118.0,
        119.0,
        120.0,
        121.0,
        122.0,
        123.0,
        124.0,
        125.0,
        126.0,
        127.0,
        128.0,
        129.0,
        130.0,
        131.0,
        132.0,
        133.0,
        134.0,
        135.0,
        136.0,
        137.0,
        138.0,
        139.0,
        140.0,
        141.0,
        142.0,
        143.0,
        144.0,
        145.0,
        146.0,
        147.0,
        148.0,
        149.0,
        150.0,
        151.0,
        152.0,
        153.0,
        154.0,
        155.0,
        156.0,
        157.0,
        158.0,
        159.0,
        160.0,
        161.0,
        162.0,
        163.0,
        164.0,
        165.0,
        166.0,
        167.0,
        168.0,
        169.0,
        170.0,
        171.0,
        172.0,
        173.0,
        174.0,
        175.0,
        176.0,
        177.0,
        178.0,
        179.0,
        180.0,
        181.0,
        182.0,
        183.0,
        184.0,
        185.0
    ],
    "vevDepthReal": [
        -742917.5188055971,
        -725496.115941584,
        -708415.1056906988,
        -691666.1739920083,
        -675241.5745331987,
        -659133.8635755728,
        -643336.1015327537,
        -627841.686355648,
        -612644.383888523,
        -597738.282423872,
        -583117.741852663,
        -568777.4269064043,
        -554712.3038249726,
        -540917.5437691738,
        -527388.5751568282,
        -514121.03667778824,
        -501110.87600630237,
        -488354.10243550484,
        -475847.0175301587,
        -463586.08813673636,
        -451567.9544629767,
        -439789.43523265247,
        -428247.4952856427,
        -416939.2701842292,
        -405862.0380650076,
        -395013.2209392034,
        -384390.37625914306,
        -373991.1928803966,
        -363813.4751021638,
        -353855.18762938096,
        -344114.3504911229,
        -334589.1031719715,
        -325277.8196649131,
        -316178.76638070395,
        -307290.4523397397,
        -298611.44554302644,
        -290140.38404322526,
        -281876.08669900364,
        -273817.3258604422,
        -265963.0493513403,
        -258312.2492925383,
        -250864.0144541732,
        -243617.4965866499,
        -236571.93327933634,
        -229726.61218141209,
        -223080.95426567885,
        -216634.34931592748,
        -210386.33057026073,
        -204336.46220302657,
        -198484.38017716812,
        -192829.80449246938,
        -187372.47347818408,
        -182112.17554780442,
        -177048.90772204613,
        -172182.49316444056,
        -167512.96117190048,
        -163040.36521571584,
        -158764.81315938136,
        -154686.468146544,
        -150805.55161017884,
        -147122.33688353235,
        -143637.1557121549,
        -140350.3716284276,
        -137262.49148764892,
        -134373.97046506827,
        -131685.36604119692,
        -129197.2764437498,
        -126910.18168907707,
        -124824.86618021745,
        -122942.03986247744,
        -121262.58794457703,
        -119787.442282201,
        -118517.60792852192,
        -117454.17496984734,
        -116598.32580104172,
        -115951.33183014514,
        -115514.57953456148,
        -115289.57118012523,
        -115277.93432800917,
        -115481.4621651997,
        -115902.1111507773,
        -116542.04984121793,
        -117403.69206374574,
        -118489.7442197545,
        -119803.3151397864,
        -121347.96135303286,
        -123127.90539332032,
        -125148.25426230633,
        -127415.50777899513,
        -129938.23088114848,
        -132728.98737000968,
        -135809.42772746793,
        -139432.64234000567,
        -143404.25857491573,
        -147461.03312519676,
        -151602.5075647853
    ],
    "vevDepthImag": [
        0.0,
        0.0,
        0.0,
        0.0,
        0.0,
        0.0,
        0.0,
        0.0,
        0.0,
        0.0,
        0.0,
        0.0,
        0.0,
        0.0,
        0.0,
        0.0,
        0.0,
        0.0,
        0.0,
        0.0,
        0.0,
        0.0,
        0.0,
        0.0,
        0.0,
        0.0,
        0.0,
        0.0,
        0.0,
        0.0,
        0.0,
        0.0,
        0.0,
        0.0,
        0.0,
        0.0,
        0.0,
        0.0,
        0.0,
        0.0,
        0.0,
        0.0,
        0.0,
        0.0,
        0.0,
        0.0,
        0.0,
        0.0,
        0.0,
        0.0,
        0.0,
        0.0,
        0.0,
        0.0,
        0.0,
        0.0,
        0.0,
        0.0,
        0.0,
        0.0,
        0.0,
        0.0,
        0.0,
        0.0,
        0.0,
        0.0,
        0.0,
        0.0,
        0.0,
        0.0,
        0.0,
        0.0,
        0.0,
        0.0,
        0.0,
        0.0,
        0.0,
        0.0,
        0.0,
        0.0,
        0.0,
        0.0,
        0.0,
        0.0,
        0.0,
        0.0,
        0.0,
        0.0,
        0.0,
        0.0,
        0.0,
        0.0,
        0.0,
        0.0,
        0.0,
        0.0
    ],