{
    "T": [
        90.0,
        91.0,
        92.0,
        93.0,
        94.0,
        95.0,
        96.0,
        97.0,
        98.0,
        99.0,
        100.0,
        101.0,
        102.0,
        103.0,
        104.0,
        105.0,
        106.0,
        107.0,
        108.0,
        109.0,
        110.0,
        111.0,
        112.0,
        113.0,
        114.0,
        115.0,
        116.0,
        117.0,
        118.0,
        119.0,
        120.0,
        121.0,
        122.0,
        123.0,
        124.0,
        125.0,
        126.0,
        127.0,
        128.0,
        129.0,
        130.0,
        131.0,
        132.0,
        133.0,
        134.0,
        135.0,
        136.0,
        137.0,
        138.0,
        139.0,
        140.0,
        141.0,
        142.0,
        143.0,
        144.0,
        145.0,
        146.0,
        147.0,
        148.0,
        149.0,
        150.0,
        151.0,
        152.0,
        153.0,
        154.0,
        155.0,
        156.0,
        157.0,
        158.0,
        159.0,
        160.0,
        161.0,
        162.0,
        163.0,
        164.0,
        165.0,
        166.0,
        167.0,
        168.0,
        169.0,
        170.0,
        171.0,
        172.0,
        173.0,
        174.0,
        175.0,
        176.0,
        177.0,
        178.0,
        179.0,
        180.0,
        181.0,
        182.0,
        183.0,
        184.0,
        185.0
    ],
    "vevDepthReal": [
        -742832.1683419549,
        -725409.2974070518,
        -708326.8489530822,
        -691576.5335363089,
        -675150.4995265133,
        -659041.3848913271,
        -643242.2212769926,
        -627746.4242835746,
        -612547.7380264871,
        -597640.207735629,
        -583018.3425397468,
        -568676.6767550024,
        -554610.1916366768,
        -540814.0789678155,
        -527283.7674206356,
        -514014.91629512905,
        -501003.4093904505,
        -488245.26318998536,
        -475736.9169330008,
        -463474.692037445,
        -451455.26384548383,
        -439675.4368223645,
        -428132.2320139094,
        -416822.7361431936,
        -405744.24095794634,
        -394894.1689513516,
        -384270.07196582126,
        -373869.65787532146,
        -363690.7201486113,
        -353731.2045220927,
        -343989.1582102566,
        -334462.7441740854,
        -325150.2338412132,
        -316049.995690507,
        -307160.512670745,
        -298480.15338822367,
        -290008.1544671843,
        -281742.69248151995,
        -273682.8046695615,
        -265827.40408007544,
        -258175.4966878353,
        -250726.15613650903,
        -243478.56253215205,
        -236431.9248243153,
        -229585.55465440068,
        -222938.83278666777,
        -216491.1885557077,
        -210242.14490049257,
        -204191.26650005876,
        -198338.19329068318,
        -192682.62720313194,
        -187224.326186213,
        -181963.10920859687,
        -176898.865804214,
        -172031.52400219542,
        -167361.08198209907,
        -162887.5913416542,
        -158611.16319418352,
        -154531.95863886384,
        -150650.19863462428,
        -146966.15865644472,
        -143480.17153487672,
        -140192.62396472166,
        -137103.9609805476,
        -134214.68468708446,
        -131525.35435987217,
        -129036.55877625616,
        -126748.81177111299,
        -124662.81395419176,
        -122779.3561599458,
        -121099.28794203582,
        -119623.57409631358,
        -118353.18952314615,
        -117289.23749026842,
        -116432.89849283217,
        -115785.45026003727,
        -115348.25780433948,
        -115122.88308738991,
        -115110.904149387,
        -115314.12944146463,
        -115734.5234806082,
        -116374.25679399,
        -117235.7511596658,
        -118321.7222816106,
        -119635.26405082303,
        -121179.9661677988,
        -122960.07004161304,
        -124980.69729568325,
        -127248.3373042171,
        -129771.65444784892,
        -132563.28613890533,
        -135645.13398145576,
        -139276.21402629736,
        -143246.0057306657,
        -147300.95616003152,
        -151440.60980067414
    ],
    "vevDepthImag": [
        0.0,
        0.0,
        0.0,
        0.0,
        0.0,
        0.0,
        0.0,
        0.0,
        0.0,
        0.0,
        0.0,
        0.0,
        0.0,
        0.0,
        0.0,
        0.0,
        0.0,
        0.0,
        0.0,
        0.0,
        0.0,
        0.0,
        0.0,
        0.0,
        0.0,
        0.0,
        0.0,
        0.0,
        0.0,
        0.0,
        0.0,
        0.0,
        0.0,
        0.0,
        0.0,
        0.0,
        0.0,
        0.0,
        0.0,
        0.0,
        0.0,
        0.0,
        0.0,
        0.0,
        0.0,
        0.0,
        0.0,
        0.0,
        0.0,
        0.0,
        0.0,
        0.0,
        0.0,
        0.0,
        0.0,
        0.0,
        0.0,
        0.0,
        0.0,
        0.0,
        0.0,
        0.0,
        0.0,
        0.0,
        0.0,
        0.0,
        0.0,
        0.0,
        0.0,
        0.0,
        0.0,
        0.0,
        0.0,
        0.0,
        0.0,
        0.0,
        0.0,
        0.0,
        0.0,
        0.0,
        0.0,
        0.0,
        0.0,
        0.0,
        0.0,
        0.0,
        0.0,
        0.0,
        0.0,
        0.0,
        0.0,
        0.0,
        0.0,
        0.0,
        0.0,
        0.0
    ],