{
    "bmNumber": 3,
    "failureReason": false,
    "T": [
        90.0,
        91.0,
        92.0,
        93.0,
        94.0,
        95.0,
        96.0,
        97.0,
        98.0,
        99.0,
        100.0,
        101.0,
        102.0,
        103.0,
        104.0,
        105.0,
        106.0,
        107.0,
        108.0,
        109.0,
        110.0,
        111.0,
        112.0,
        113.0,
        114.0,
        115.0,
        116.0,
        117.0,
        118.0,
        119.0,
        120.0,
        121.0,
        122.0,
        123.0,
        124.0,
        125.0,
        126.0,
        127.0,
        128.0,
        129.0,
        130.0,
        131.0,
        132.0,
        133.0,
        134.0,
        135.0,
        136.0,
        137.0,
        138.0,
        139.0,
        140.0,
        141.0,
        142.0,
        143.0,
        144.0,
        145.0,
        146.0,
        147.0,
        148.0,
        149.0,
        150.0,
        151.0,
        152.0,
        153.0,
        154.0,
        155.0,
        156.0,
        157.0,
        158.0,
        159.0,
        160.0,
        161.0,
        162.0,
        163.0,
        164.0,
        165.0,
        166.0,
        167.0,
        168.0,
        169.0,
        170.0,
        171.0,
        172.0,
        173.0,
        174.0,
        175.0,
        176.0,
        177.0,
        178.0,
        179.0,
        180.0,
        181.0,
        182.0,
        183.0,
        184.0,
        185.0
    ],
    "vevDepthReal": [
        -742917.5431175857,
        -725496.1159390487,
        -708415.1063075998,
        -691666.1739920109,
        -675241.5745331949,
        -659133.8430607804,
        -643336.1015327534,
        -627841.6863556472,
        -612644.3838885225,
        -597738.2824238717,
        -583117.7418526649,
        -568777.4269064076,
        -554712.3038249664,
        -540917.5437691743,
        -527388.5751530768,
        -514121.0140412167,
        -501110.87600438466,
        -488354.10108574893,
        -475847.0175305218,
        -463586.0890829648,
        -451567.9544629788,
        -439789.43523265154,
        -428247.49528564216,
        -416939.2701842293,
        -405862.03806502506,
        -395013.2209392045,
        -384390.3762591426,
        -373991.192880396,
        -363813.47510216327,
        -353855.18755248893,
        -344114.34940308717,
        -334589.1031719486,
        -325277.81966491195,
        -316178.7665841731,
        -307290.452337376,
        -298611.44554306817,
        -290140.38404183544,
        -281876.088989186,
        -273817.32586043625,
        -265963.04935143597,
        -258312.24929255972,
        -250864.0144837619,
        -243617.49658666516,
        -236571.93733326494,
        -229726.6121734574,
        -223080.9542667432,
        -216634.349315913,
        -210386.32990097554,
        -204336.4622030258,
        -198484.3801797452,
        -192829.80431862935,
        -187372.4734781836,
        -182112.17587458456,
        -177048.90772277373,
        -172182.493164441,
        -167512.9611720064,
        -163040.36521571616,
        -158764.81311201758,
        -154686.45672915707,
        -150805.551610179,
        -147122.3356298012,
        -143637.1557122076,
        -140350.37162839388,
        -137262.47908238252,
        -134373.9704650684,
        -131685.3660414675,
        -129197.27637535709,
        -126910.18168907792,
        -124824.86618021708,
        -122942.0398624776,
        -121262.58794456937,
        -119787.4423514032,
        -118517.60792725474,
        -117454.17320746469,
        -116598.30361942123,
        -115951.29934401762,
        -115514.57950694952,
        -115289.57118012737,
        -115277.93590055198,
        -115481.4621652032,
        -115902.11085189333,
        -116542.0498410329,
        -117403.69206098109,
        -118489.75100266926,
        -119803.31513978566,
        -121347.9613530189,
        -123127.90538453162,
        -125148.25420799668,
        -127415.50784481052,
        -129938.2308811482,
        -132728.98737000913,
        -135809.3419080932,
        -139432.64482872369,
        -143404.25986338753,
        -147461.03537310605,
        -151602.50731420296
    ],
    "vevDepthImag": [
        0.0,
        0.0,
        0.0,
        0.0,
        0.0,
        0.0,
        0.0,
        0.0,
        0.0,
        0.0,
        0.0,
        0.0,
        0.0,
        0.0,
        0.0,
        0.0,
        0.0,
        0.0,
        0.0,
        0.0,
        0.0,
        0.0,
        0.0,
        0.0,
        0.0,
        0.0,
        0.0,
        0.0,
        0.0,
        0.0,
        0.0,
        0.0,
        0.0,
        0.0,
        0.0,
        0.0,
        0.0,
        0.0,
        0.0,
        0.0,
        0.0,
        0.0,
        0.0,
        0.0,
        0.0,
        0.0,
        0.0,
        0.0,
        0.0,
        0.0,
        0.0,
        0.0,
        0.0,
        0.0,
        0.0,
        0.0,
        0.0,
        0.0,
        0.0,
        0.0,
        0.0,
        0.0,
        0.0,
        0.0,
        0.0,
        0.0,
        0.0,
        0.0,
        0.0,
        0.0,
        0.0,
        0.0,
        0.0,
        0.0,
        0.0,
        0.0,
        0.0,
        0.0,
        0.0,
        0.0,
        0.0,
        0.0,
        0.0,
        0.0,
        0.0,
        0.0,
        0.0,
        0.0,
        0.0,
        0.0,
        0.0,
        0.0,
        0.0,
        0.0,
        0.0,
        0.0
    ],