{
    "T": [
        90.0,
        91.0,
        92.0,
        93.0,
        94.0,
        95.0,
        96.0,
        97.0,
        98.0,
        99.0,
        100.0,
        101.0,
        102.0,
        103.0,
        104.0,
        105.0,
        106.0,
        107.0,
        108.0,
        109.0,
        110.0,
        111.0,
        112.0,
        113.0,
        114.0,
        115.0,
        116.0,
        117.0,
        118.0,
        119.0,
        120.0,
        121.0,
        122.0,
        123.0,
        124.0,
        125.0,
        126.0,
        127.0,
        128.0,
        129.0,
        130.0,
        131.0,
        132.0,
        133.0,
        134.0,
        135.0,
        136.0,
        137.0,
        138.0,
        139.0,
        140.0,
        141.0,
        142.0,
        143.0,
        144.0,
        145.0,
        146.0,
        147.0,
        148.0,
        149.0,
        150.0,
        151.0,
        152.0,
        153.0,
        154.0,
        155.0,
        156.0,
        157.0,
        158.0,
        159.0,
        160.0,
        161.0,
        162.0,
        163.0,
        164.0,
        165.0,
        166.0,
        167.0,
        168.0,
        169.0,
        170.0,
        171.0,
        172.0,
        173.0,
        174.0,
        175.0,
        176.0,
        177.0,
        178.0,
        179.0,
        180.0,
        181.0,
        182.0,
        183.0,
        184.0,
        185.0
    ],
    "vevDepthReal": [
        -742964.7477625677,
        -725544.5123766434,
        -708464.5133605794,
        -691716.5675247993,
        -675292.6267447015,
        -659185.506044083,
        -643388.1685169773,
        -627893.9897389911,
        -612696.6564029609,
        -597790.3804852772,
        -583169.5508857311,
        -568828.6724422881,
        -554762.8310471458,
        -540967.1632029891,
        -527437.1077331267,
        -514168.3329214256,
        -501156.63471331936,
        -488398.2774521431,
        -475889.3059356927,
        -463626.4387152255,
        -451606.1349830124,
        -439825.3010182516,
        -428280.9128632315,
        -416970.11226926156,
        -405890.1353124771,
        -395038.4822756008,
        -384412.68893518636,
        -374010.47212658374,
        -363829.6576391718,
        -353868.20600559516,
        -344124.0897151167,
        -334595.6056225169,
        -325280.9587256525,
        -316178.66385650943,
        -307287.0152836353,
        -298604.7260817289,
        -290130.5020560433,
        -281863.02679607377,
        -273801.1795353585,
        -265943.9095977732,
        -258290.2912385372,
        -250839.34061320522,
        -243590.29802780334,
        -236542.42449355224,
        -229695.02398891377,
        -223047.45776870527,
        -216599.2253585589,
        -210349.9034129627,
        -204298.912486296,
        -198445.74535016954,
        -192790.1176767762,
        -187331.7267993971,
        -182070.42953632813,
        -177006.08696999217,
        -172138.6455004194,
        -167468.028058482,
        -162994.32377916912,
        -158717.61415302203,
        -154638.0120903442,
        -150755.7927536139,
        -147071.1191445844,
        -143584.36773028295,
        -140295.86569238556,
        -137206.0637131775,
        -134315.47953631214,
        -131624.55122100096,
        -129133.94802325904,
        -126844.33889678556,
        -124756.40211596998,
        -122870.91786239247,
        -121188.8056688381,
        -119710.91570362305,
        -118438.33042622835,
        -117372.07357814924,
        -116513.34545363791,
        -115863.43846172314,
        -115423.70623307429,
        -115195.68180001591,
        -115180.92305208195,
        -115381.31359233047,
        -115798.74055733164,
        -116435.37298284471,
        -117293.64363876992,
        -118376.24501288934,
        -119686.28269759112,
        -121227.29250232127,
        -123003.50393509718,
        -125020.0067733582,
        -127283.2389003241,
        -129801.76557461472,
        -132588.0589178075,
        -135663.53031486555,
        -140023.20297556208,
        -143652.08481341365,
        -147693.4439501603,
        -151924.49605478012
    ],
    "vevDepthImag": [
        0.0,
        0.0,
        0.0,
        0.0,
        0.0,
        0.0,
        0.0,
        0.0,
        0.0,
        0.0,
        0.0,
        0.0,
        0.0,
        0.0,
        0.0,
        0.0,
        0.0,
        0.0,
        0.0,
        0.0,
        0.0,
        0.0,
        0.0,
        0.0,
        0.0,
        0.0,
        0.0,
        0.0,
        0.0,
        0.0,
        0.0,
        0.0,
        0.0,
        0.0,
        0.0,
        0.0,
        0.0,
        0.0,
        0.0,
        0.0,
        0.0,
        0.0,
        0.0,
        0.0,
        0.0,
        0.0,
        0.0,
        0.0,
        0.0,
        0.0,
        0.0,
        0.0,
        0.0,
        0.0,
        0.0,
        0.0,
        0.0,
        0.0,
        0.0,
        0.0,
        0.0,
        0.0,
        0.0,
        0.0,
        0.0,
        0.0,
        0.0,
        0.0,
        0.0,
        0.0,
        0.0,
        0.0,
        0.0,
        0.0,
        0.0,
        0.0,
        0.0,
        0.0,
        0.0,
        0.0,
        0.0,
        0.0,
        0.0,
        0.0,
        0.0,
        0.0,
        0.0,
        0.0,
        0.0,
        0.0,
        0.0,
        0.0,
        0.0,
        0.0,
        0.0,
        0.0
    ],