{
    "T": [
        90.0,
        91.0,
        92.0,
        93.0,
        94.0,
        95.0,
        96.0,
        97.0,
        98.0,
        99.0,
        100.0,
        101.0,
        102.0,
        103.0,
        104.0,
        105.0,
        106.0,
        107.0,
        108.0,
        109.0,
        110.0,
        111.0,
        112.0,
        113.0,
        114.0,
        115.0,
        116.0,
        117.0,
        118.0,
        119.0,
        120.0,
        121.0,
        122.0,
        123.0,
        124.0,
        125.0,
        126.0,
        127.0,
        128.0,
        129.0,
        130.0,
        131.0,
        132.0,
        133.0,
        134.0,
        135.0,
        136.0,
        137.0,
        138.0,
        139.0,
        140.0,
        141.0,
        142.0,
        143.0,
        144.0,
        145.0,
        146.0,
        147.0,
        148.0,
        149.0,
        150.0,
        151.0,
        152.0,
        153.0,
        154.0,
        155.0,
        156.0,
        157.0,
        158.0,
        159.0,
        160.0,
        161.0,
        162.0,
        163.0,
        164.0,
        165.0,
        166.0,
        167.0,
        168.0,
        169.0,
        170.0,
        171.0,
        172.0,
        173.0,
        174.0,
        175.0,
        176.0,
        177.0,
        178.0,
        179.0,
        180.0,
        181.0,
        182.0,
        183.0,
        184.0,
        185.0
    ],
    "vevDepthReal": [
        -742959.0634270755,
        -725536.9796651094,
        -708455.2951266624,
        -691705.6807980424,
        -675280.3681726881,
        -659171.9339550437,
        -643373.32641793,
        -627878.2511519509,
        -612680.1728381108,
        -597773.2641076134,
        -583151.899003054,
        -568810.7547552617,
        -554744.7550973088,
        -540949.110234584,
        -527419.2313797498,
        -514150.78434274154,
        -501139.64923190256,
        -488381.8801556179,
        -475873.7825417321,
        -463611.8480035917,
        -451592.6804406685,
        -439813.0815443466,
        -428269.99560739595,
        -416960.69351508777,
        -405882.31003012916,
        -395032.3091521475,
        -384408.2666682442,
        -374007.851800572,
        -363828.88520043343,
        -353869.3006451498,
        -344127.14894624735,
        -334600.591869158,
        -325287.8938651953,
        -316187.4373888606,
        -307297.6946642944,
        -298617.2239005817,
        -290144.6912596996,
        -281878.82404870045,
        -273818.52899510635,
        -265962.6545377992,
        -258310.23546378713,
        -250860.3436362956,
        -243612.13879057718,
        -236564.84896233745,
        -229717.78797095682,
        -223070.3186829916,
        -216621.88612754893,
        -210371.99912522532,
        -204320.23030826193,
        -198466.21531635118,
        -192809.6554052556,
        -187350.29671866266,
        -182088.00116312518,
        -177022.60235374785,
        -172154.05322128005,
        -167482.35157839663,
        -163007.5430814843,
        -158729.73664005756,
        -154649.09629709885,
        -150765.8408299987,
        -147080.2440910109,
        -143592.6368445228,
        -140303.4057076211,
        -137212.99396667368,
        -134321.90129141655,
        -131630.69002531166,
        -129139.94172136526,
        -126850.16811890223,
        -124762.07215365878,
        -122876.44093703985,
        -121194.12240745181,
        -119716.07787684535,
        -118443.28063162751,
        -117376.80944982702,
        -116517.90617286244,
        -115867.78108467117,
        -115427.83632561895,
        -115199.56639502784,
        -115184.61732940175,
        -115384.7581174338,
        -115801.95221425415,
        -116438.3632309632,
        -117296.39402376139,
        -118378.7710827537,
        -119688.55794717793,
        -121229.32937679713,
        -123005.28900565502,
        -125021.53987220848,
        -127284.51890745384,
        -129802.78551639226,
        -132588.80670148868,
        -135664.0082202205,
        -139276.21359858022,
        -143246.00459526302,
        -147300.9559962094,
        -151440.6099280857
    ],
    "vevDepthImag": [
        0.0,
        0.0,
        0.0,
        0.0,
        0.0,
        0.0,
        0.0,
        0.0,
        0.0,
        0.0,
        0.0,
        0.0,
        0.0,
        0.0,
        0.0,
        0.0,
        0.0,
        0.0,
        0.0,
        0.0,
        0.0,
        0.0,
        0.0,
        0.0,
        0.0,
        0.0,
        0.0,
        0.0,
        0.0,
        0.0,
        0.0,
        0.0,
        0.0,
        0.0,
        0.0,
        0.0,
        0.0,
        0.0,
        0.0,
        0.0,
        0.0,
        0.0,
        0.0,
        0.0,
        0.0,
        0.0,
        0.0,
        0.0,
        0.0,
        0.0,
        0.0,
        0.0,
        0.0,
        0.0,
        0.0,
        0.0,
        0.0,
        0.0,
        0.0,
        0.0,
        0.0,
        0.0,
        0.0,
        0.0,
        0.0,
        0.0,
        0.0,
        0.0,
        0.0,
        0.0,
        0.0,
        0.0,
        0.0,
        0.0,
        0.0,
        0.0,
        0.0,
        0.0,
        0.0,
        0.0,
        0.0,
        0.0,
        0.0,
        0.0,
        0.0,
        0.0,
        0.0,
        0.0,
        0.0,
        0.0,
        0.0,
        0.0,
        0.0,
        0.0,
        0.0,
        0.0
    ],