{
    "T": [
        90.0,
        91.0,
        92.0,
        93.0,
        94.0,
        95.0,
        96.0,
        97.0,
        98.0,
        99.0,
        100.0,
        101.0,
        102.0,
        103.0,
        104.0,
        105.0,
        106.0,
        107.0,
        108.0,
        109.0,
        110.0,
        111.0,
        112.0,
        113.0,
        114.0,
        115.0,
        116.0,
        117.0,
        118.0,
        119.0,
        120.0,
        121.0,
        122.0,
        123.0,
        124.0,
        125.0,
        126.0,
        127.0,
        128.0,
        129.0,
        130.0,
        131.0,
        132.0,
        133.0,
        134.0,
        135.0,
        136.0,
        137.0,
        138.0,
        139.0,
        140.0,
        141.0,
        142.0,
        143.0,
        144.0,
        145.0,
        146.0,
        147.0,
        148.0,
        149.0,
        150.0,
        151.0,
        152.0,
        153.0,
        154.0,
        155.0,
        156.0,
        157.0,
        158.0,
        159.0,
        160.0,
        161.0,
        162.0,
        163.0,
        164.0,
        165.0,
        166.0,
        167.0,
        168.0,
        169.0,
        170.0,
        171.0,
        172.0,
        173.0,
        174.0,
        175.0,
        176.0,
        177.0,
        178.0,
        179.0,
        180.0,
        181.0,
        182.0,
        183.0,
        184.0,
        185.0
    ],
    "vevDepthReal": [
        -742959.0402640663,
        -725536.9346195695,
        -708455.2950014222,
        -691705.6807980407,
        -675280.3624827269,
        -659171.9339550445,
        -643373.0297394332,
        -627878.2511519497,
        -612680.1723085571,
        -597773.2627245298,
        -583151.8941575657,
        -568810.7547552636,
        -554744.7540493327,
        -540949.1097640643,
        -527419.2327208573,
        -514150.7551145944,
        -501139.33231425966,
        -488381.8511166356,
        -475873.7825417324,
        -463611.8624100901,
        -451592.6804406692,
        -439813.0667639855,
        -428270.03307403997,
        -416960.6794379962,
        -405882.3106200252,
        -395032.3143505168,
        -384408.26667116967,
        -374007.8518005696,
        -363828.88520043326,
        -353869.30062017235,
        -344127.14894622925,
        -334599.32639848616,
        -325287.80160171975,
        -316187.43738887814,
        -307293.76942886127,
        -298617.0826476758,
        -290144.651193293,
        -281877.94956300425,
        -273818.4217765897,
        -265962.6545375146,
        -258310.23564154241,
        -250860.32804500588,
        -243611.5892058236,
        -236564.8489623366,
        -229717.7879709574,
        -223070.19900572454,
        -216621.88612738898,
        -210371.9991252242,
        -204320.2303067938,
        -198466.1930969395,
        -192809.6541553031,
        -187350.29671866214,
        -182087.99584229477,
        -177022.47787285835,
        -172154.03501331015,
        -167482.35157839593,
        -163007.37820140162,
        -158729.73502860425,
        -154649.08836515548,
        -150765.84083002253,
        -147080.18062007194,
        -143592.63684452343,
        -140303.40570754514,
        -137212.9634331685,
        -134321.83447947292,
        -131630.6900264808,
        -129139.8935533712,
        -126850.16746270025,
        -124762.07212793075,
        -122876.44172852953,
        -121194.13206828473,
        -119716.07787647835,
        -118443.28063163708,
        -117376.80944982734,
        -116517.90615596325,
        -115867.78109220877,
        -115427.83632561957,
        -115199.56639502796,
        -115184.61732940101,
        -115384.75811744039,
        -115801.95221421355,
        -116438.36327826446,
        -117296.40008199422,
        -118378.77108277618,
        -119688.55794739809,
        -121229.32939716757,
        -123005.2890056554,
        -125021.54184312328,
        -127284.51889703886,
        -129802.78551639245,
        -132588.80670148786,
        -135664.00822249678,
        -139276.21887336893,
        -143246.01175678498,
        -147300.96169783958,
        -151440.6213390766
    ],
    "vevDepthImag": [
        0.0,
        0.0,
        0.0,
        0.0,
        0.0,
        0.0,
        0.0,
        0.0,
        0.0,
        0.0,
        0.0,
        0.0,
        0.0,
        0.0,
        0.0,
        0.0,
        0.0,
        0.0,
        0.0,
        0.0,
        0.0,
        0.0,
        0.0,
        0.0,
        0.0,
        0.0,
        0.0,
        0.0,
        0.0,
        0.0,
        0.0,
        0.0,
        0.0,
        0.0,
        0.0,
        0.0,
        0.0,
        0.0,
        0.0,
        0.0,
        0.0,
        0.0,
        0.0,
        0.0,
        0.0,
        0.0,
        0.0,
        0.0,
        0.0,
        0.0,
        0.0,
        0.0,
        0.0,
        0.0,
        0.0,
        0.0,
        0.0,
        0.0,
        0.0,
        0.0,
        0.0,
        0.0,
        0.0,
        0.0,
        0.0,
        0.0,
        0.0,
        0.0,
        0.0,
        0.0,
        0.0,
        0.0,
        0.0,
        0.0,
        0.0,
        0.0,
        0.0,
        0.0,
        0.0,
        0.0,
        0.0,
        0.0,
        0.0,
        0.0,
        0.0,
        0.0,
        0.0,
        0.0,
        0.0,
        0.0,
        0.0,
        0.0,
        0.0,
        0.0,
        0.0,
        0.0
    ],