{
    "T": [
        90.0,
        91.0,
        92.0,
        93.0,
        94.0,
        95.0,
        96.0,
        97.0,
        98.0,
        99.0,
        100.0,
        101.0,
        102.0,
        103.0,
        104.0,
        105.0,
        106.0,
        107.0,
        108.0,
        109.0,
        110.0,
        111.0,
        112.0,
        113.0,
        114.0,
        115.0,
        116.0,
        117.0,
        118.0,
        119.0,
        120.0,
        121.0,
        122.0,
        123.0,
        124.0,
        125.0,
        126.0,
        127.0,
        128.0,
        129.0,
        130.0,
        131.0,
        132.0,
        133.0,
        134.0,
        135.0,
        136.0,
        137.0,
        138.0,
        139.0,
        140.0,
        141.0,
        142.0,
        143.0,
        144.0,
        145.0,
        146.0,
        147.0,
        148.0,
        149.0,
        150.0,
        151.0,
        152.0,
        153.0,
        154.0,
        155.0,
        156.0,
        157.0,
        158.0,
        159.0,
        160.0,
        161.0,
        162.0,
        163.0,
        164.0,
        165.0,
        166.0,
        167.0,
        168.0,
        169.0,
        170.0,
        171.0,
        172.0,
        173.0,
        174.0,
        175.0,
        176.0,
        177.0,
        178.0,
        179.0,
        180.0,
        181.0,
        182.0,
        183.0,
        184.0,
        185.0
    ],
    "vevDepthReal": [
        -742954.1267871029,
        -725533.1630520925,
        -708452.5376537899,
        -691703.9283836184,
        -675279.5168313114,
        -659171.8990653438,
        -643374.1657993086,
        -627879.6971747208,
        -612682.2167861032,
        -597775.8199766497,
        -583154.8872715755,
        -568814.0845573633,
        -554748.3471524422,
        -540952.8634284065,
        -527423.0695737608,
        -514154.61761151836,
        -501143.390516396,
        -488385.4663250681,
        -475877.1251428454,
        -463614.83315086376,
        -451595.2241696493,
        -439815.1459865724,
        -428271.54266842036,
        -416961.5616977757,
        -405882.48232580745,
        -395031.73108419304,
        -384406.8700721114,
        -374005.5926162781,
        -363825.71776617214,
        -353865.1865394787,
        -344122.04316507163,
        -334594.4907601705,
        -325280.77164026944,
        -316179.27600171167,
        -307288.4839514082,
        -298606.94663417514,
        -290133.4059638549,
        -281866.5532932975,
        -273805.2507409563,
        -265948.43446915474,
        -258295.10652685614,
        -250844.3813940468,
        -243595.3996173786,
        -236547.41341055548,
        -229699.7416579179,
        -223051.7598966029,
        -216602.9242994962,
        -210352.75256651762,
        -204300.8337925164,
        -198446.8130733003,
        -192790.39825051354,
        -187331.36888089054,
        -182069.38890871214,
        -177004.83733051896,
        -172137.1749100225,
        -167466.5709431714,
        -162992.93828288914,
        -158716.28261145347,
        -154636.73110645864,
        -150754.54637328553,
        -147069.92807781458,
        -143583.20590687604,
        -140294.74865024866,
        -137204.97993404785,
        -134314.38145310723,
        -131623.49047842025,
        -129132.90514455087,
        -126843.28482013594,
        -124755.35081549955,
        -122869.89076138021,
        -121187.7624724015,
        -119709.89017280017,
        -118437.29141545818,
        -117371.04250092497,
        -116512.29180923088,
        -115862.41364587682,
        -115422.68195782453,
        -115194.64782501181,
        -115179.92443189633,
        -115380.30047663477,
        -115797.73420399125,
        -116434.38541795085,
        -117292.67722068886,
        -118375.2578877084,
        -119685.35155584168,
        -121226.3879296686,
        -123002.621787893,
        -125019.15712832284,
        -127282.42604202022,
        -129800.9980728903,
        -132587.34528150252,
        -135662.9110441465,
        -139275.97878399648,
        -143245.8456723531,
        -147300.8675338718,
        -151440.5933280696
    ],
    "vevDepthImag": [
        0.0,
        0.0,
        0.0,
        0.0,
        0.0,
        0.0,
        0.0,
        0.0,
        0.0,
        0.0,
        0.0,
        0.0,
        0.0,
        0.0,
        0.0,
        0.0,
        0.0,
        0.0,
        0.0,
        0.0,
        0.0,
        0.0,
        0.0,
        0.0,
        0.0,
        0.0,
        0.0,
        0.0,
        0.0,
        0.0,
        0.0,
        0.0,
        0.0,
        0.0,
        0.0,
        0.0,
        0.0,
        0.0,
        0.0,
        0.0,
        0.0,
        0.0,
        0.0,
        0.0,
        0.0,
        0.0,
        0.0,
        0.0,
        0.0,
        0.0,
        0.0,
        0.0,
        0.0,
        0.0,
        0.0,
        0.0,
        0.0,
        0.0,
        0.0,
        0.0,
        0.0,
        0.0,
        0.0,
        0.0,
        0.0,
        0.0,
        0.0,
        0.0,
        0.0,
        0.0,
        0.0,
        0.0,
        0.0,
        0.0,
        0.0,
        0.0,
        0.0,
        0.0,
        0.0,
        0.0,
        0.0,
        0.0,
        0.0,
        0.0,
        0.0,
        0.0,
        0.0,
        0.0,
        0.0,
        0.0,
        0.0,
        0.0,
        0.0,
        0.0,
        0.0,
        0.0
    ],